Batch_ID,Operating_Temperature_C,Pressure_bar,Vibration_mm_s,Power_Consumption_kW,Material_Hardness_HRC,Humidity_pct,Cycle_Time_min,Machine_Age_Years,Production_Speed_units_hr,Material_Thickness_mm,Tool_Age_hours,Batch_Size_units,Machine_Type,Material_Type,Shift,Operator_Experience,Production_Line,Old_Machine,High_Speed,High_Temperature,High_Pressure,High_Vibration,Long_Cycle,High_Power_Consumption,Thick_Material,Hard_Material,Old_Tool,Large_Batch,High_Humidity,Night_Shift,New_Operator,High_Workload,Defect,Defect_Type
1,71.18,,1.6,96.22,62.74,41.05,46.5,4.12,745.1,2.94,705.4,368.0,Lathe,Plastic,Evening,Intermediate,Line_D,0,0,0,0,0,0,0,0,0,0,0,0,0,0,0,1,Assembly Defect
2,74.61,113.07,1.14,73.01,61.0,45.63,42.08,6.81,744.5,2.74,679.6,199.0,CNC,Alloy,Morning,Experienced,Line_A,0,0,0,0,0,0,0,0,0,0,0,0,0,0,0,0,No Defect
3,83.09,129.43,2.84,108.49,53.12,58.0,42.94,6.35,801.0,3.13,1808.8,419.0,Press,Alloy,Morning,Experienced,Line_A,0,0,1,1,0,0,1,0,0,1,0,0,0,0,0,0,No Defect
4,82.44,106.05,3.97,76.6,49.12,48.83,55.4,6.71,863.0,3.0,737.1,508.0,CNC,Plastic,Evening,Intermediate,Line_C,0,1,1,0,1,0,0,0,0,0,1,0,0,0,1,0,No Defect
5,72.73,126.62,2.45,95.05,62.21,40.71,57.96,6.1,695.8,4.33,1712.5,288.0,Milling,Plastic,Night,Experienced,Line_A,0,0,0,1,0,0,0,1,0,0,0,0,1,0,0,1,Assembly Defect
6,73.86,115.4,3.42,112.92,56.32,56.54,34.59,1.86,874.4,2.87,1204.0,490.0,CNC,Composite,Night,Expert,Line_D,0,1,0,0,0,0,1,0,0,0,0,0,1,0,1,0,No Defect
7,68.94,118.96,1.48,64.1,58.46,44.86,43.95,5.26,692.2,2.61,1230.1,412.0,Injection_Molding,Steel,Evening,Experienced,Line_D,0,0,0,0,0,0,0,0,0,0,0,0,0,0,0,0,No Defect
8,76.53,133.51,1.98,92.61,71.25,63.85,37.31,4.01,810.7,,568.1,330.0,Milling,Steel,Morning,Expert,Line_A,0,0,1,1,0,0,0,0,1,0,0,1,0,0,0,0,No Defect
9,78.17,109.79,3.29,111.31,53.7,58.83,28.78,3.66,835.6,3.36,1818.5,355.0,CNC,Composite,Morning,Intermediate,Line_A,0,1,1,0,0,0,1,0,0,0,0,0,0,0,0,0,No Defect
10,70.62,118.78,1.03,79.35,51.35,53.69,48.12,6.24,707.5,3.27,1121.8,346.0,CNC,Composite,Morning,Experienced,Line_C,0,0,0,0,0,0,0,0,0,0,0,0,0,0,0,0,No Defect
11,75.67,115.14,3.84,102.15,60.32,49.63,28.22,5.6,850.4,,1189.9,440.0,Injection_Molding,Composite,Evening,Intermediate,Line_C,0,1,0,0,1,0,0,0,0,0,0,0,0,0,0,0,No Defect
12,67.56,107.67,2.36,88.64,53.62,49.84,56.86,4.53,707.6,2.89,1117.9,315.0,Press,Plastic,Night,Expert,Line_B,0,0,0,0,0,0,0,0,0,0,0,0,1,0,0,0,No Defect
13,69.79,108.72,2.89,95.52,65.82,55.74,33.22,2.14,817.0,2.97,1125.1,602.0,Lathe,Alloy,Night,Intermediate,Line_B,0,0,0,0,0,0,0,0,0,0,1,0,1,0,1,0,No Defect
14,69.46,122.29,2.19,103.81,56.22,48.16,57.88,5.94,672.0,3.87,1146.2,275.0,Milling,Steel,Morning,Expert,Line_D,0,0,0,0,0,0,0,1,0,0,0,0,0,0,0,0,No Defect
15,70.94,111.15,3.39,87.06,68.4,47.82,53.36,7.33,709.5,2.73,898.8,321.0,Lathe,Steel,Morning,Expert,Line_A,0,0,0,0,0,0,0,0,0,0,0,0,0,0,0,0,No Defect
16,69.16,119.17,1.0,86.88,57.83,40.13,50.99,4.34,734.0,2.55,740.1,360.0,CNC,Aluminum,Evening,Expert,Line_C,0,0,0,0,0,0,0,0,0,0,0,0,0,0,0,0,No Defect
17,74.31,106.93,4.41,90.14,65.49,52.98,76.11,11.8,664.4,3.1,2554.4,227.0,Lathe,Alloy,Evening,Experienced,Line_A,1,0,0,0,1,1,0,0,0,1,0,0,0,0,0,0,No Defect
18,76.23,139.59,2.73,104.98,85.0,53.24,45.85,3.38,729.0,4.91,1409.9,516.0,Press,Composite,Night,Expert,Line_B,0,0,0,1,0,0,0,1,1,0,1,0,1,0,0,0,No Defect
19,76.85,,2.05,95.29,54.97,49.12,50.2,7.24,,2.88,908.3,420.0,Milling,Alloy,Morning,Expert,Line_A,0,0,0,0,0,0,0,0,0,0,0,0,0,0,0,0,No Defect
20,69.03,117.01,4.27,92.63,72.7,59.62,50.54,11.77,684.8,3.14,2551.1,386.0,Milling,Steel,Morning,Expert,Line_C,1,0,0,0,1,0,0,0,1,1,0,0,0,0,0,1,Surface Defect
21,79.28,124.91,2.38,127.4,78.31,55.85,45.56,4.56,741.6,3.66,1445.3,363.0,CNC,Steel,Morning,Intermediate,Line_A,0,0,1,0,0,0,1,0,1,0,0,0,0,0,0,0,No Defect
22,68.98,129.09,2.59,95.35,66.39,43.68,41.63,7.42,748.0,2.87,1501.4,413.0,Milling,Alloy,Morning,Experienced,Line_A,0,0,0,1,0,0,0,0,0,0,0,0,0,0,0,0,No Defect
23,68.14,112.34,4.45,81.99,64.78,53.72,57.7,11.93,595.5,3.71,2307.7,371.0,Lathe,Steel,Morning,Expert,Line_A,1,0,0,0,1,0,0,1,0,1,0,0,0,0,0,1,Assembly Defect
24,73.19,116.25,3.96,104.77,62.95,63.09,57.63,11.25,640.2,3.11,1971.0,350.0,Injection_Molding,Alloy,Morning,Experienced,Line_D,1,0,0,0,1,0,1,0,0,0,0,1,0,0,0,0,No Defect
25,82.36,136.15,3.35,106.17,66.06,52.57,43.02,4.85,913.4,2.85,961.2,443.0,Lathe,Steel,Morning,Intermediate,Line_B,0,1,1,1,0,0,1,0,0,0,0,0,0,0,0,0,No Defect
26,70.83,113.61,3.59,107.65,68.0,49.49,41.75,5.61,715.3,1.99,1111.1,529.0,Milling,Aluminum,Night,New,Line_C,0,0,0,0,0,0,1,0,0,0,1,0,1,1,0,0,No Defect
27,73.06,121.61,3.0,81.54,63.58,55.33,51.49,0.82,819.4,3.03,867.3,498.0,Injection_Molding,Alloy,Morning,Experienced,Line_B,0,0,0,0,0,0,0,0,0,0,0,0,0,0,1,0,No Defect
28,74.29,120.58,2.52,83.87,58.93,61.99,52.24,3.29,661.1,3.51,874.5,299.0,Milling,Steel,Evening,Experienced,Line_C,0,0,0,0,0,0,0,0,0,0,0,0,0,0,0,0,No Defect
29,77.42,134.41,1.8,113.26,68.25,49.7,51.88,3.52,695.4,4.55,1919.5,519.0,CNC,Composite,Evening,Experienced,Line_B,0,0,1,1,0,0,1,1,0,0,1,0,0,0,0,0,No Defect
30,71.02,107.85,4.01,91.61,58.32,66.69,56.86,12.26,632.1,3.53,1836.8,239.0,CNC,Steel,Morning,Expert,Line_B,1,0,0,0,1,0,0,0,0,0,0,1,0,0,0,0,No Defect
31,79.32,115.45,4.31,124.17,54.02,52.73,36.79,2.69,898.8,2.28,1265.5,454.0,Milling,Alloy,Night,Experienced,Line_B,0,1,1,0,1,0,1,0,0,0,0,0,1,0,0,0,No Defect
32,76.14,119.83,3.02,110.23,67.43,40.03,38.8,10.32,799.4,2.61,751.3,563.0,CNC,Alloy,Evening,Experienced,Line_C,1,0,0,0,0,0,1,0,0,0,1,0,0,0,1,0,No Defect
33,69.92,106.05,4.44,89.78,53.33,53.97,69.54,8.56,620.0,3.04,2526.9,452.0,Milling,Plastic,Morning,Experienced,Line_D,0,0,0,0,1,1,0,0,0,1,0,0,0,0,0,0,No Defect
34,73.91,113.25,4.63,111.79,70.35,56.14,64.49,14.26,689.3,3.41,2187.0,283.0,Milling,Steel,Evening,New,Line_C,1,0,0,0,1,1,1,0,1,1,0,0,0,1,0,1,Material Defect
35,72.74,114.96,3.45,85.34,63.45,51.34,40.35,2.57,794.8,3.08,1177.5,531.0,Milling,Alloy,Evening,Expert,Line_C,0,0,0,0,0,0,0,0,0,0,1,0,0,0,1,0,No Defect
36,86.01,127.7,1.86,115.03,63.51,66.3,40.5,4.05,838.5,2.02,857.5,493.0,Press,Alloy,Evening,New,Line_B,0,1,1,1,0,0,1,0,0,0,0,1,0,1,1,0,No Defect
37,71.63,115.29,4.4,100.17,62.62,58.71,54.18,11.08,701.8,,2428.4,236.0,Milling,Plastic,Morning,Expert,Line_A,1,0,0,0,1,0,0,0,0,1,0,0,0,0,0,1,Surface Defect
38,79.25,,3.3,97.89,67.25,60.6,32.02,0.89,810.2,2.36,1079.4,494.0,Lathe,Aluminum,Evening,Experienced,Line_B,0,1,1,0,0,0,0,0,0,0,0,0,0,0,1,0,No Defect
39,70.83,128.35,2.85,126.46,78.68,41.18,39.12,5.49,773.4,4.23,2387.8,325.0,Injection_Molding,Alloy,Morning,Intermediate,Line_B,0,0,0,1,0,0,1,1,1,1,0,0,0,0,0,0,No Defect
40,78.05,121.02,2.31,77.05,56.52,45.22,41.95,3.75,689.7,3.05,807.9,254.0,Press,Plastic,Morning,New,Line_B,0,0,1,0,0,0,0,0,0,0,0,0,0,1,0,0,No Defect
41,71.15,114.26,1.14,77.32,53.74,56.03,38.51,4.31,795.3,3.16,759.2,384.0,Milling,Plastic,Night,Expert,Line_A,0,0,0,0,0,0,0,0,0,0,0,0,1,0,0,0,No Defect
42,72.19,124.73,2.73,63.62,53.88,40.95,56.56,6.23,617.2,2.63,1318.0,312.0,CNC,Plastic,Evening,Experienced,Line_B,0,0,0,0,0,0,0,0,0,0,0,0,0,0,0,0,No Defect
43,77.8,127.17,2.77,113.61,53.01,54.81,46.9,3.27,895.3,3.58,1569.7,388.0,Lathe,Alloy,Night,Intermediate,Line_A,0,1,1,1,0,0,1,0,0,0,0,0,1,0,0,1,Dimensional Defect
44,80.98,129.07,2.53,130.0,85.0,36.61,48.34,4.31,687.5,4.07,1561.4,480.0,Milling,Alloy,Morning,Experienced,Line_C,0,0,1,1,0,0,1,1,1,0,0,0,0,0,0,0,No Defect
45,79.86,121.31,5.29,105.35,61.33,46.69,57.89,10.24,733.3,3.54,1842.8,276.0,CNC,Alloy,Evening,Intermediate,Line_B,1,0,1,0,1,0,1,0,0,1,0,0,0,0,0,0,No Defect
46,77.0,106.07,2.56,63.36,71.2,,54.73,3.14,701.2,,1121.4,365.0,Milling,Steel,Morning,Expert,Line_A,0,0,0,0,0,0,0,0,1,0,0,0,0,0,0,0,No Defect
47,69.4,123.62,3.38,90.26,62.46,47.03,33.25,3.44,856.9,2.95,1627.9,503.0,Milling,Composite,Morning,Experienced,Line_C,0,1,0,0,0,0,0,0,0,0,1,0,0,0,1,1,Surface Defect
48,76.26,125.81,3.34,105.4,65.5,61.89,32.08,4.03,817.5,3.35,948.1,413.0,CNC,Aluminum,Evening,Expert,Line_D,0,0,1,1,0,0,1,0,0,0,0,0,0,0,0,0,No Defect
49,76.58,116.47,5.25,88.06,62.77,49.25,77.1,7.78,641.2,3.77,2225.5,235.0,Lathe,Steel,Morning,Expert,Line_D,1,0,0,0,1,1,0,1,0,1,0,0,0,0,0,0,No Defect
50,70.72,123.94,2.28,92.84,64.86,41.86,41.15,3.24,815.9,3.19,1580.4,304.0,CNC,Alloy,Evening,Expert,Line_C,0,0,0,0,0,0,0,0,0,0,0,0,0,0,0,1,Dimensional Defect
51,74.55,113.96,1.88,76.87,54.52,38.21,48.67,4.04,689.5,2.94,967.8,359.0,Injection_Molding,Aluminum,Morning,Experienced,Line_A,0,0,0,0,0,0,0,0,0,0,0,0,0,0,0,0,No Defect
52,86.38,127.78,3.42,114.01,71.1,54.53,44.24,4.24,831.9,2.53,1521.7,575.0,Injection_Molding,Aluminum,Morning,Intermediate,Line_A,0,1,1,1,0,0,1,0,1,0,1,0,0,0,1,0,No Defect
53,72.65,139.58,2.93,99.71,74.9,51.11,73.72,5.5,626.1,3.59,2116.8,304.0,Press,Steel,Evening,Expert,Line_A,0,0,0,1,0,1,0,0,1,1,0,0,0,0,0,1,Material Defect
54,78.16,132.22,3.35,102.05,56.62,48.3,40.03,2.63,730.1,2.55,1592.7,431.0,CNC,Alloy,Morning,Intermediate,Line_C,0,0,1,1,0,0,0,0,0,0,0,0,0,0,0,0,No Defect
55,78.94,115.26,2.02,100.52,62.93,57.22,41.25,3.53,819.7,2.94,1516.4,495.0,CNC,Steel,Evening,Experienced,Line_C,0,0,1,0,0,0,0,0,0,0,0,0,0,0,1,1,Structural Defect
56,71.12,111.74,2.4,87.91,65.23,47.2,49.4,3.63,772.9,2.69,714.8,277.0,Milling,Steel,Evening,Experienced,Line_B,0,0,0,0,0,0,0,0,0,0,0,0,0,0,0,0,No Defect
57,77.69,116.93,4.6,95.95,66.4,57.07,67.25,11.36,677.0,3.21,2238.2,384.0,CNC,Alloy,Evening,Experienced,Line_D,1,0,1,0,1,1,0,0,0,1,0,0,0,0,0,1,Structural Defect
58,71.18,121.1,4.12,87.58,60.7,44.5,63.8,11.35,724.3,2.81,1864.9,413.0,Press,Aluminum,Morning,Intermediate,Line_B,1,0,0,0,1,1,0,0,0,0,0,0,0,0,0,0,No Defect
59,69.88,119.24,1.66,91.32,,35.0,62.79,2.26,649.2,3.36,806.7,412.0,Lathe,Steel,Evening,Intermediate,Line_B,0,0,0,0,0,1,0,0,0,0,0,0,0,0,0,0,No Defect
60,68.82,130.92,3.64,102.39,69.17,55.66,53.32,3.1,750.1,3.08,,513.0,Press,Steel,Night,Intermediate,Line_B,0,0,0,1,0,0,0,0,0,0,1,0,1,0,0,0,No Defect
61,76.66,116.17,2.53,117.86,59.84,46.84,40.54,4.15,764.1,2.96,889.6,439.0,Injection_Molding,Composite,Morning,Expert,Line_A,0,0,0,0,0,0,1,0,0,0,0,0,0,0,0,1,Assembly Defect
62,68.71,105.36,2.1,68.78,58.05,50.09,53.37,5.2,803.0,3.55,1141.3,384.0,CNC,Aluminum,Night,New,Line_B,0,0,0,0,0,0,0,0,0,0,0,0,1,1,0,0,No Defect
63,,106.17,3.14,84.36,71.89,48.35,43.88,5.12,789.6,2.6,1147.7,320.0,Milling,Aluminum,Morning,Intermediate,Line_A,0,0,0,0,0,0,0,0,1,0,0,0,0,0,0,0,No Defect
64,71.31,112.79,3.17,72.12,51.45,48.88,49.82,5.99,665.1,3.37,1018.6,335.0,Lathe,Steel,Morning,Experienced,Line_C,0,0,0,0,0,0,0,0,0,0,0,0,0,0,0,0,No Defect
65,78.94,104.24,4.4,99.74,71.76,61.69,56.5,12.44,,3.22,1740.4,349.0,CNC,Alloy,Night,Experienced,Line_D,1,0,1,0,1,0,0,0,1,0,0,0,1,0,0,0,No Defect
66,73.86,123.35,2.91,90.87,58.18,47.28,53.92,3.88,752.8,2.92,826.3,,CNC,Aluminum,Morning,Intermediate,Line_D,0,0,0,0,0,0,0,0,0,0,0,0,0,0,0,0,No Defect
67,72.97,103.9,2.29,83.03,74.37,37.37,47.33,2.38,,3.45,338.3,483.0,Lathe,Steel,Evening,Experienced,Line_C,0,0,0,0,0,0,0,0,1,0,0,0,0,0,0,1,Structural Defect
68,76.51,109.47,2.38,83.65,63.65,,47.96,3.23,643.4,2.81,570.9,326.0,Milling,Alloy,Morning,New,Line_D,0,0,0,0,0,0,0,0,0,0,0,0,0,1,0,0,No Defect
69,75.04,108.19,4.2,96.91,68.1,50.24,67.25,9.92,640.0,3.2,2202.6,333.0,Injection_Molding,Alloy,Evening,Expert,Line_A,1,0,0,0,1,1,0,0,0,1,0,0,0,0,0,1,Dimensional Defect
70,76.29,115.27,2.84,79.98,52.88,50.43,40.66,3.71,764.2,3.02,1058.2,407.0,Milling,Aluminum,Evening,New,Line_A,0,0,1,0,0,0,0,0,0,0,0,0,0,1,0,0,No Defect
71,75.46,102.55,2.3,81.95,59.82,48.52,47.58,3.64,713.6,2.88,696.9,318.0,Milling,Aluminum,Evening,Experienced,Line_A,0,0,0,0,0,0,0,0,0,0,0,0,0,0,0,0,No Defect
72,72.73,126.46,2.44,81.73,57.47,40.32,29.94,3.36,781.6,2.97,928.3,348.0,CNC,Plastic,Evening,Intermediate,Line_C,0,0,0,1,0,0,0,0,0,0,0,0,0,0,0,0,No Defect
73,77.76,129.1,3.23,119.76,68.69,56.25,29.76,2.06,781.6,4.12,1447.6,470.0,Press,Steel,Evening,Expert,Line_C,0,0,1,1,0,0,1,1,0,0,0,0,0,0,0,0,No Defect
74,66.77,121.91,2.64,86.8,52.09,44.86,49.61,4.02,677.9,2.88,918.9,231.0,Lathe,Aluminum,Morning,Expert,Line_A,0,0,0,0,0,0,0,0,0,0,0,0,0,0,0,0,No Defect
75,67.31,118.69,2.23,94.54,53.26,50.53,46.25,4.85,713.4,3.15,598.8,336.0,Injection_Molding,Steel,Morning,Intermediate,Line_A,0,0,0,0,0,0,0,0,0,0,0,0,0,0,0,0,No Defect
76,72.3,136.75,3.03,98.42,66.18,53.53,55.04,4.49,733.0,4.94,1985.0,425.0,CNC,Alloy,Morning,Expert,Line_D,0,0,0,1,0,0,0,1,0,0,0,0,0,0,0,0,No Defect
77,67.78,106.48,2.62,88.02,61.42,53.45,40.56,5.08,725.6,2.56,765.5,355.0,Press,Plastic,Morning,Experienced,Line_D,0,0,0,0,0,0,0,0,0,0,0,0,0,0,0,0,No Defect
78,78.36,114.8,3.3,109.65,72.27,46.14,42.43,7.87,755.7,3.14,1652.2,273.0,Press,Steel,Morning,Intermediate,Line_A,0,0,1,0,0,0,1,0,1,0,0,0,0,0,0,1,Dimensional Defect
79,68.33,123.93,1.0,85.97,57.72,52.46,54.42,3.1,760.3,2.89,790.8,423.0,Injection_Molding,Aluminum,Night,Expert,Line_B,0,0,0,0,0,0,0,0,0,0,0,0,1,0,0,1,Dimensional Defect
80,73.56,137.96,2.98,104.09,79.0,43.46,58.17,0.66,726.1,4.4,2173.7,610.0,Press,Composite,Morning,Intermediate,Line_B,0,0,0,1,0,0,0,1,1,1,1,0,0,0,0,0,No Defect
81,74.9,128.51,1.9,83.91,63.33,45.57,39.67,6.1,800.1,3.68,781.6,287.0,Injection_Molding,Steel,Morning,Intermediate,Line_A,0,0,0,1,0,0,0,1,0,0,0,0,0,0,0,0,No Defect
82,71.76,125.71,3.64,115.26,71.29,51.4,57.4,13.36,711.8,2.92,2079.6,243.0,Press,Steel,Evening,Expert,Line_A,1,0,0,1,0,0,1,0,1,1,0,0,0,0,0,0,No Defect
83,84.11,122.27,2.12,101.34,62.19,55.99,36.17,4.09,833.6,3.27,1809.2,448.0,Injection_Molding,Steel,Night,Experienced,Line_B,0,1,1,0,0,0,0,0,0,0,0,0,1,0,0,0,No Defect
84,75.13,124.87,2.15,99.05,84.72,53.12,62.71,4.48,669.5,5.37,2214.2,501.0,Injection_Molding,Steel,Evening,Intermediate,Line_C,0,0,0,0,0,1,0,1,1,1,1,0,0,0,0,1,Surface Defect
85,76.74,109.82,4.19,94.55,61.28,41.21,53.11,12.01,737.6,2.97,2475.7,260.0,Milling,Alloy,Evening,Experienced,Line_C,1,0,0,0,1,0,0,0,0,1,0,0,0,0,0,1,Surface Defect
86,80.41,120.33,4.74,75.34,46.12,47.18,59.53,8.6,743.5,3.02,2068.9,415.0,Milling,Plastic,Evening,Intermediate,Line_A,0,0,1,0,1,0,0,0,0,1,0,0,0,0,0,0,No Defect
87,76.24,114.9,3.16,105.65,65.66,43.31,41.61,2.75,857.1,2.65,1093.0,465.0,CNC,Alloy,Morning,Intermediate,Line_A,0,1,0,0,0,0,1,0,0,0,0,0,0,0,0,0,No Defect
88,77.25,130.26,2.84,130.0,57.34,52.48,48.48,5.74,875.6,3.07,1157.6,395.0,CNC,Steel,Evening,New,Line_B,0,1,1,1,0,0,1,0,0,0,0,0,0,1,0,0,No Defect
89,71.52,116.3,2.27,76.7,52.48,44.84,44.4,4.08,798.3,2.52,732.4,387.0,Milling,Composite,Morning,Expert,Line_B,0,0,0,0,0,0,0,0,0,0,0,0,0,0,0,0,No Defect
90,73.58,117.3,2.63,96.84,68.73,50.28,70.31,6.17,647.6,4.26,1765.8,505.0,Lathe,Aluminum,Evening,Expert,Line_B,0,0,0,0,0,1,0,1,0,0,1,0,0,0,0,0,No Defect
91,74.72,103.92,5.54,107.94,67.69,51.44,55.34,12.41,746.0,3.61,2309.0,414.0,Press,Steel,Morning,New,Line_A,1,0,0,0,1,0,1,0,0,1,0,0,0,1,0,1,Material Defect
92,69.58,105.32,3.4,95.55,54.85,64.11,54.77,10.09,741.0,2.97,2232.2,,Milling,Steel,Night,New,Line_D,1,0,0,0,0,0,0,0,0,1,0,1,1,1,0,1,Assembly Defect
93,76.77,118.46,2.48,106.76,62.45,49.07,41.13,3.25,728.0,3.99,1526.9,462.0,Milling,Alloy,Night,Intermediate,Line_D,0,0,0,0,0,0,1,1,0,0,0,0,1,0,0,1,Surface Defect
94,72.18,114.25,2.77,75.78,61.71,50.68,33.98,5.22,863.4,3.75,1079.1,424.0,Injection_Molding,Steel,Night,Intermediate,Line_C,0,1,0,0,0,0,0,1,0,0,0,0,1,0,0,0,No Defect
95,75.98,125.7,3.38,97.89,72.89,39.91,64.57,5.88,716.8,5.05,1974.7,363.0,Injection_Molding,Composite,Night,Intermediate,Line_A,0,0,0,1,0,1,0,1,1,0,0,0,1,0,0,0,No Defect
96,68.52,120.05,3.2,130.0,85.0,47.88,56.91,6.05,670.1,4.11,1484.9,344.0,Press,Composite,Morning,Expert,Line_A,0,0,0,0,0,0,1,1,1,0,0,0,0,0,0,0,No Defect
97,72.65,106.49,2.88,77.29,52.09,49.09,51.42,3.64,697.3,3.68,1042.7,414.0,Injection_Molding,Alloy,Morning,Experienced,Line_B,0,0,0,0,0,0,0,0,0,0,0,0,0,0,0,0,No Defect
98,65.78,112.07,2.32,63.24,56.75,45.25,45.98,3.53,691.9,2.9,759.7,269.0,Milling,Alloy,Evening,Experienced,Line_C,0,0,0,0,0,0,0,0,0,0,0,0,0,0,0,0,No Defect
99,74.6,123.1,3.55,103.72,65.7,43.88,50.47,4.01,824.7,3.6,720.0,602.0,CNC,Alloy,Morning,Intermediate,Line_B,0,1,0,0,1,0,0,0,0,0,1,0,0,0,1,0,No Defect
100,72.42,115.41,1.01,82.5,59.42,39.8,43.12,4.57,729.4,3.48,977.5,398.0,Injection_Molding,Composite,Morning,Intermediate,Line_B,0,0,0,0,0,0,0,0,0,0,0,0,0,0,0,0,No Defect
101,68.33,110.57,3.17,78.7,64.24,43.29,29.15,3.59,744.6,,788.2,342.0,Injection_Molding,Aluminum,Evening,Experienced,Line_C,0,0,0,0,0,0,0,0,0,0,0,0,0,0,0,0,No Defect
102,80.39,140.0,1.57,113.98,78.61,58.56,54.69,5.93,714.8,4.11,2357.3,429.0,Lathe,Composite,Night,Intermediate,Line_D,0,0,1,1,0,0,1,1,1,1,0,0,1,0,0,1,Dimensional Defect
103,68.72,114.67,1.58,88.39,66.81,58.38,48.6,1.97,701.9,2.8,879.6,360.0,Lathe,Steel,Morning,Experienced,Line_B,0,0,0,0,0,0,0,0,0,0,0,0,0,0,0,0,No Defect
104,78.04,122.6,4.89,,80.6,46.75,55.48,11.76,726.7,3.13,2429.2,328.0,Milling,Alloy,Evening,Expert,Line_B,1,0,1,0,1,0,0,0,1,1,0,0,0,0,0,1,Dimensional Defect
105,71.41,127.91,2.64,105.8,62.54,39.31,49.22,5.81,728.3,3.72,794.1,255.0,Injection_Molding,Steel,Morning,Experienced,Line_A,0,0,0,1,0,0,1,1,0,0,0,0,0,0,0,0,No Defect
106,79.33,117.9,4.32,82.3,67.15,46.19,69.88,8.84,672.4,3.64,2211.0,324.0,CNC,Steel,Morning,Intermediate,Line_C,0,0,1,0,1,1,0,0,0,1,0,0,0,0,0,0,No Defect
107,70.33,111.45,2.04,84.02,79.42,41.94,44.43,4.48,747.3,3.71,734.0,570.0,CNC,Alloy,Morning,Experienced,Line_A,0,0,0,0,0,0,0,1,1,0,1,0,0,0,0,0,No Defect
108,75.65,124.09,2.76,89.47,77.67,48.02,46.14,0.82,735.1,3.75,1178.4,521.0,CNC,Steel,Night,Experienced,Line_B,0,0,0,0,0,0,0,1,1,0,1,0,1,0,0,0,No Defect
109,77.09,,1.0,87.08,60.65,39.1,45.77,3.18,705.0,2.45,1092.8,347.0,CNC,Aluminum,Morning,Intermediate,Line_A,0,0,1,0,0,0,0,0,0,0,0,0,0,0,0,0,No Defect
110,75.07,,2.79,126.99,85.0,49.52,65.61,4.91,708.9,4.01,1638.8,401.0,CNC,Steel,Night,Expert,Line_D,0,0,0,0,0,1,1,1,1,0,0,0,1,0,0,1,Material Defect
111,75.84,107.92,3.15,111.36,55.69,46.51,44.9,1.66,901.8,1.87,1203.4,441.0,CNC,Aluminum,Night,Intermediate,Line_A,0,1,0,0,0,0,1,0,0,0,0,0,1,0,0,0,No Defect
112,69.86,127.47,2.97,102.97,74.29,45.86,59.19,2.0,783.6,2.65,1247.6,443.0,Press,Aluminum,Morning,Expert,Line_B,0,0,0,1,0,0,0,0,1,0,0,0,0,0,0,0,No Defect
113,68.86,114.21,2.19,72.03,54.36,47.6,39.37,4.99,757.0,3.44,1167.3,462.0,CNC,Steel,Evening,Experienced,Line_A,0,0,0,0,0,0,0,0,0,0,0,0,0,0,0,0,No Defect
114,74.1,110.99,2.2,88.2,69.82,49.07,46.03,6.29,719.7,,960.1,346.0,Injection_Molding,Steel,Morning,Intermediate,Line_A,0,0,0,0,0,0,0,0,0,0,0,0,0,0,0,0,No Defect
115,73.7,96.73,3.84,93.9,76.33,58.56,48.14,9.82,805.7,2.33,2101.4,332.0,CNC,Steel,Morning,Expert,Line_C,1,0,0,0,1,0,0,0,1,1,0,0,0,0,0,1,Surface Defect
116,74.65,110.41,2.54,101.54,59.02,54.22,42.17,6.09,796.9,2.58,1366.6,477.0,Milling,Steel,Morning,Intermediate,Line_B,0,0,0,0,0,0,1,0,0,0,0,0,0,0,1,0,No Defect
117,68.32,110.51,2.87,72.93,53.05,42.88,56.66,3.4,707.0,2.56,566.2,266.0,Milling,Plastic,Night,Expert,Line_D,0,0,0,0,0,0,0,0,0,0,0,0,1,0,0,0,No Defect
118,77.84,109.84,2.51,87.81,57.25,58.96,39.61,2.73,832.9,3.25,1054.3,400.0,CNC,Composite,Morning,Intermediate,Line_A,0,1,1,0,0,0,0,0,0,0,0,0,0,0,0,0,No Defect
119,77.56,125.42,3.18,108.58,59.13,49.3,40.07,3.27,913.5,2.7,1437.7,349.0,CNC,Plastic,Morning,Experienced,Line_A,0,1,1,1,0,0,1,0,0,0,0,0,0,0,0,0,No Defect
120,75.98,131.37,2.98,111.74,61.97,55.07,61.2,4.99,698.1,3.87,2058.0,544.0,Press,Composite,Evening,Expert,Line_C,0,0,0,1,0,0,1,1,0,1,1,0,0,0,0,0,No Defect
121,74.62,117.26,2.15,71.8,65.68,48.72,54.98,2.28,655.0,2.94,836.3,240.0,Press,Aluminum,Evening,Intermediate,Line_C,0,0,0,0,0,0,0,0,0,0,0,0,0,0,0,0,No Defect
122,73.19,120.58,2.34,85.02,66.8,47.22,47.78,6.32,801.1,2.78,661.5,412.0,CNC,Aluminum,Night,Intermediate,Line_C,0,0,0,0,0,0,0,0,0,0,0,0,1,0,0,0,No Defect
123,72.05,111.98,3.59,83.34,59.8,42.66,49.6,9.95,665.2,3.7,2380.5,521.0,CNC,Alloy,Morning,Intermediate,Line_B,1,0,0,0,0,0,0,0,0,1,1,0,0,0,0,0,No Defect
124,72.05,121.45,1.89,81.91,67.3,39.79,43.93,5.77,759.5,3.49,791.7,525.0,CNC,Steel,Evening,Intermediate,Line_D,0,0,0,0,0,0,0,0,0,0,1,0,0,0,0,0,No Defect
125,78.07,126.11,4.37,96.17,65.67,42.34,59.92,8.89,715.1,3.43,1700.6,274.0,Lathe,Steel,Evening,Expert,Line_A,0,0,1,1,1,0,0,0,0,0,0,0,0,0,0,0,No Defect
126,69.2,118.93,2.13,82.32,62.87,35.0,49.23,2.91,,2.8,837.0,473.0,CNC,Alloy,Evening,Experienced,Line_C,0,0,0,0,0,0,0,0,0,0,0,0,0,0,1,0,No Defect
127,69.15,112.34,1.84,75.38,49.46,49.39,38.87,2.57,781.5,3.24,842.9,413.0,CNC,Plastic,Morning,Experienced,Line_A,0,0,0,0,0,0,0,0,0,0,0,0,0,0,0,1,Structural Defect
128,,,3.32,127.86,64.0,47.85,52.09,5.05,884.0,2.65,945.4,432.0,Press,Steel,Morning,Expert,Line_D,0,1,0,0,0,0,1,0,0,0,0,0,0,0,0,0,No Defect
129,72.39,136.17,2.67,108.63,65.88,58.03,77.87,5.89,591.3,4.5,1731.1,317.0,Milling,Aluminum,Night,Experienced,Line_D,0,0,0,1,0,1,1,1,0,0,0,0,1,0,0,0,No Defect
130,74.5,116.26,4.43,101.05,63.8,55.13,49.8,10.74,681.0,3.2,2231.7,369.0,Milling,Alloy,Night,Experienced,Line_C,1,0,0,0,1,0,0,0,0,1,0,0,1,0,0,0,No Defect
131,76.53,132.66,3.2,128.8,85.0,51.66,47.05,5.39,685.3,4.08,1870.8,406.0,Press,Steel,Night,Expert,Line_C,0,0,0,1,0,0,1,1,1,0,0,0,1,0,0,0,No Defect
132,74.81,110.47,2.6,96.44,58.59,55.23,40.06,5.72,746.7,,,368.0,Press,Aluminum,Morning,Expert,Line_A,0,0,0,0,0,0,0,0,0,0,0,0,0,0,0,0,No Defect
133,64.42,106.29,1.09,84.23,53.95,41.33,50.99,3.93,732.7,3.55,775.4,470.0,CNC,Plastic,Morning,Intermediate,Line_A,0,0,0,0,0,0,0,0,0,0,0,0,0,0,0,0,No Defect
134,78.69,133.18,1.87,110.3,83.47,48.91,68.1,6.77,663.4,3.93,1496.7,414.0,Press,Steel,Night,Expert,Line_C,0,0,1,1,0,1,1,1,1,0,0,0,1,0,0,1,Dimensional Defect
135,70.28,126.17,4.39,81.79,52.17,55.02,63.82,11.88,664.1,2.55,2378.8,415.0,Press,Plastic,Night,Intermediate,Line_C,1,0,0,1,1,1,0,0,0,1,0,0,1,0,0,1,Dimensional Defect
136,82.96,120.02,2.51,108.71,73.8,58.38,37.55,5.54,835.6,2.82,1279.0,460.0,Press,Steel,Evening,Experienced,Line_D,0,1,1,0,0,0,1,0,1,0,0,0,0,0,0,1,Material Defect
137,73.08,115.66,2.37,112.75,69.81,39.5,50.69,4.23,851.8,3.98,443.6,417.0,Press,Steel,Evening,New,Line_B,0,1,0,0,0,0,1,1,0,0,0,0,0,1,0,0,No Defect
138,67.44,105.3,4.99,88.56,47.66,60.58,68.94,10.7,750.3,3.44,2036.1,393.0,Lathe,Plastic,Morning,Intermediate,Line_A,1,0,0,0,1,1,0,0,0,1,0,0,0,0,0,1,Surface Defect
139,80.39,126.12,5.47,103.44,66.9,,35.34,2.61,747.0,2.53,1240.7,549.0,Lathe,Alloy,Morning,Expert,Line_D,0,0,1,1,1,0,0,0,0,0,1,0,0,0,0,0,No Defect
140,80.87,125.11,2.21,90.15,68.93,50.69,56.25,6.03,720.0,2.93,1299.2,288.0,Lathe,Steel,Morning,Experienced,Line_C,0,0,1,1,0,0,0,0,0,0,0,0,0,0,0,1,Dimensional Defect
141,81.1,133.81,2.48,130.0,69.66,52.57,60.89,6.57,693.6,4.44,1656.6,405.0,Press,Plastic,Night,Expert,Line_C,0,0,1,1,0,0,1,1,0,0,0,0,1,0,0,1,Dimensional Defect
142,72.09,137.65,3.11,119.86,75.39,52.18,55.32,4.79,668.4,4.19,2095.2,491.0,Milling,Composite,Evening,Expert,Line_D,0,0,0,1,0,0,1,1,1,1,0,0,0,0,0,1,Structural Defect
143,80.23,116.13,5.3,111.94,50.82,52.12,57.81,9.07,672.9,,2492.1,328.0,Injection_Molding,Aluminum,Evening,Expert,Line_C,1,0,1,0,1,0,1,0,0,1,0,0,0,0,0,0,No Defect
144,74.24,119.12,2.47,76.26,57.89,38.81,43.31,2.2,679.8,2.98,493.6,315.0,Injection_Molding,Steel,Morning,Intermediate,Line_A,0,0,0,0,0,0,0,0,0,0,0,0,0,0,0,0,No Defect
145,78.2,118.03,2.55,87.76,67.63,43.19,42.79,5.21,721.8,3.14,304.6,352.0,Press,Steel,Evening,Intermediate,Line_B,0,0,1,0,0,0,0,0,0,0,0,0,0,0,0,0,No Defect
146,66.98,102.42,2.76,76.51,56.1,55.56,43.28,3.04,713.4,2.74,781.3,393.0,Lathe,Aluminum,Evening,Experienced,Line_A,0,0,0,0,0,0,0,0,0,0,0,0,0,0,0,0,No Defect
147,71.35,121.33,4.85,108.58,65.72,61.21,56.96,14.49,686.7,3.11,2151.9,388.0,Milling,Aluminum,Morning,Experienced,Line_C,1,0,0,0,1,0,1,0,0,1,0,0,0,0,0,1,Structural Defect
148,75.71,104.91,3.56,100.61,58.31,48.74,35.74,2.32,791.7,2.21,897.9,480.0,CNC,Aluminum,Evening,Experienced,Line_C,0,0,0,0,0,0,0,0,0,0,0,0,0,0,1,0,No Defect
149,72.99,105.53,4.11,89.66,47.63,58.34,58.82,7.75,694.0,3.94,2527.4,297.0,Press,Plastic,Morning,Expert,Line_A,0,0,0,0,1,0,0,1,0,1,0,0,0,0,0,0,No Defect
150,74.08,122.54,1.77,109.84,75.43,46.0,43.66,3.57,789.5,3.26,814.2,404.0,CNC,Steel,Evening,Intermediate,Line_A,0,0,0,0,0,0,1,0,1,0,0,0,0,0,0,0,No Defect
151,77.81,118.78,4.45,85.14,62.42,52.26,62.07,10.87,692.4,2.95,1682.2,341.0,Press,Composite,Evening,Experienced,Line_B,1,0,1,0,1,1,0,0,0,0,0,0,0,0,0,0,No Defect
152,79.62,128.59,4.67,92.19,73.12,56.45,59.21,15.15,674.9,3.3,1931.7,392.0,Press,Steel,Morning,New,Line_A,1,0,1,1,1,0,0,0,1,0,0,0,0,1,0,1,Surface Defect
153,81.72,122.48,1.63,91.16,58.43,53.52,47.76,,816.9,3.19,1343.9,473.0,Milling,Aluminum,Evening,Experienced,Line_B,0,0,1,0,0,0,0,0,0,0,0,0,0,0,1,0,No Defect
154,69.56,,1.24,78.52,60.65,44.83,44.36,4.69,703.5,3.25,750.3,253.0,Lathe,Alloy,Morning,Expert,Line_D,0,0,0,0,0,0,0,0,0,0,0,0,0,0,0,0,No Defect
155,69.99,123.29,3.36,100.22,66.42,49.52,53.34,3.89,746.5,3.37,1056.6,315.0,Lathe,Alloy,Evening,Expert,Line_C,0,0,0,0,0,0,0,0,0,0,0,0,0,0,0,0,No Defect
156,74.77,123.46,1.57,78.22,45.0,55.85,51.35,5.28,669.6,2.85,1164.0,353.0,Press,Plastic,Night,New,Line_B,0,0,0,0,0,0,0,0,0,0,0,0,1,1,0,0,No Defect
157,80.29,122.96,3.31,127.26,54.38,45.77,37.93,3.87,760.0,3.28,1139.9,320.0,Milling,Composite,Morning,Experienced,Line_A,0,0,1,0,0,0,1,0,0,0,0,0,0,0,0,0,No Defect
158,76.49,113.86,3.37,106.29,66.05,53.04,66.7,3.23,760.5,2.26,357.9,364.0,Lathe,Alloy,Night,New,Line_A,0,0,1,0,0,1,1,0,0,0,0,0,1,1,0,0,No Defect
159,84.88,120.24,4.08,,54.57,70.0,66.74,12.69,672.3,3.51,2587.6,361.0,CNC,Steel,Morning,New,Line_A,1,0,1,0,1,1,0,0,0,1,0,1,0,1,0,1,Surface Defect
160,73.54,124.77,3.55,129.07,58.41,49.85,44.15,2.98,819.3,3.01,958.1,447.0,Lathe,Alloy,Evening,Experienced,Line_D,0,1,0,0,0,0,1,0,0,0,0,0,0,0,0,0,No Defect
161,77.13,131.87,,109.01,74.33,49.22,67.27,6.45,661.7,4.63,1659.9,470.0,Lathe,Steel,Morning,Intermediate,Line_D,0,0,1,1,0,1,1,1,1,0,0,0,0,0,0,1,Dimensional Defect
162,70.31,122.71,2.42,112.3,64.02,64.51,37.28,3.91,852.5,2.99,1583.0,470.0,Lathe,Steel,Morning,Experienced,Line_C,0,1,0,0,0,0,1,0,0,0,0,1,0,0,0,1,Dimensional Defect
163,72.86,114.66,3.92,84.25,50.37,48.5,42.89,3.74,701.7,3.11,1292.3,444.0,Press,Aluminum,Evening,Experienced,Line_C,0,0,0,0,1,0,0,0,0,0,0,0,0,0,0,0,No Defect
164,71.31,112.58,2.35,80.13,61.8,56.54,,,651.7,3.43,1007.3,191.0,Injection_Molding,Aluminum,Morning,Intermediate,Line_D,0,0,0,0,0,0,0,0,0,0,0,0,0,0,0,0,No Defect
165,75.95,112.41,2.14,79.24,51.27,52.52,47.4,0.5,780.0,2.67,968.7,415.0,CNC,Plastic,Morning,Experienced,Line_D,0,0,1,0,0,0,0,0,0,0,0,0,0,0,0,0,No Defect
166,68.94,97.69,1.43,71.43,68.27,56.16,51.22,4.76,700.3,2.59,1353.8,280.0,Milling,Alloy,Morning,New,Line_C,0,0,0,0,0,0,0,0,0,0,0,0,0,1,0,0,No Defect
167,76.33,129.97,2.56,105.67,68.36,55.58,66.54,6.59,692.9,4.08,1658.1,474.0,Injection_Molding,Composite,Morning,Expert,Line_D,0,0,0,1,0,1,1,1,0,0,0,0,0,0,0,0,No Defect
168,74.07,106.41,2.51,,66.31,35.0,46.1,3.57,780.0,,1250.2,459.0,Lathe,Plastic,Evening,Expert,Line_B,0,0,0,0,0,0,0,0,0,0,0,0,0,0,0,0,No Defect
169,78.55,123.42,3.04,126.99,69.52,55.44,57.85,5.73,695.6,4.75,1976.4,479.0,Lathe,Steel,Evening,New,Line_A,0,0,1,0,0,0,1,1,1,0,0,0,0,1,0,1,Structural Defect
170,76.6,119.05,2.29,66.82,63.43,56.93,44.91,3.79,726.5,3.23,488.8,342.0,CNC,Steel,Morning,Experienced,Line_D,0,0,1,0,0,0,0,0,0,0,0,0,0,0,0,0,No Defect
171,78.26,,4.25,95.26,66.4,54.69,59.47,10.25,708.9,2.79,2028.3,376.0,Milling,Alloy,Night,Intermediate,Line_C,1,0,1,0,1,0,0,0,0,1,0,0,1,0,0,0,No Defect
172,73.05,116.98,3.35,100.46,69.78,48.8,47.87,2.14,807.7,2.91,932.9,434.0,CNC,Steel,Evening,Experienced,Line_A,0,0,0,0,0,0,0,0,0,0,0,0,0,0,0,0,No Defect
173,79.51,115.94,3.41,118.59,59.62,56.9,49.63,3.21,754.7,2.01,877.1,416.0,CNC,Alloy,Evening,Expert,Line_C,0,0,1,0,0,0,1,0,0,0,0,0,0,0,0,0,No Defect
174,70.56,117.58,2.42,91.6,49.75,51.44,62.31,1.65,685.9,2.66,708.2,394.0,Milling,Aluminum,Evening,Intermediate,Line_A,0,0,0,0,0,1,0,0,0,0,0,0,0,0,0,0,No Defect
175,77.09,115.43,3.0,86.19,69.23,50.46,48.26,3.05,701.5,3.77,1388.4,451.0,Injection_Molding,Aluminum,Evening,Expert,Line_D,0,0,1,0,0,0,0,1,0,0,0,0,0,0,0,0,No Defect
176,73.94,121.77,2.76,97.89,69.26,49.34,68.65,4.63,598.4,4.04,1500.9,390.0,Milling,Steel,Night,Expert,Line_B,0,0,0,0,0,1,0,1,0,0,0,0,1,0,0,0,No Defect
177,71.26,125.15,1.96,91.71,66.84,43.2,45.98,4.42,717.2,3.37,837.3,353.0,Injection_Molding,Steel,Morning,Expert,Line_D,0,0,0,1,0,0,0,0,0,0,0,0,0,0,0,1,Structural Defect
178,76.53,118.15,3.22,91.66,63.05,41.06,54.18,0.5,820.5,4.06,999.3,502.0,Press,Steel,Night,Experienced,Line_B,0,1,0,0,0,0,0,1,0,0,1,0,1,0,1,0,No Defect
179,65.86,111.2,2.49,85.87,67.36,45.0,40.04,4.6,812.8,3.49,663.3,412.0,Lathe,Steel,Morning,Intermediate,Line_B,0,0,0,0,0,0,0,0,0,0,0,0,0,0,0,0,No Defect
180,78.41,114.75,3.24,100.94,58.65,51.79,56.58,11.41,696.8,3.59,2214.7,433.0,Injection_Molding,Composite,Evening,Experienced,Line_B,1,0,1,0,0,0,0,0,0,1,0,0,0,0,0,0,No Defect
181,72.52,108.68,2.62,86.49,54.83,52.64,36.53,4.43,819.2,2.99,1011.2,276.0,Lathe,Aluminum,Morning,Intermediate,Line_B,0,0,0,0,0,0,0,0,0,0,0,0,0,0,0,0,No Defect
182,73.26,120.32,1.65,86.91,54.42,52.21,52.42,3.97,667.1,3.47,818.9,285.0,Press,Steel,Morning,Expert,Line_C,0,0,0,0,0,0,0,0,0,0,0,0,0,0,0,0,No Defect
183,72.96,116.07,,89.29,69.53,55.12,,5.18,715.3,2.85,716.7,390.0,CNC,Alloy,Evening,Intermediate,Line_A,0,0,0,0,0,0,0,0,0,0,0,0,0,0,0,0,No Defect
184,74.49,125.59,2.01,125.74,73.01,45.11,60.32,4.37,693.1,4.09,1764.5,414.0,CNC,Aluminum,Evening,Expert,Line_D,0,0,0,1,0,0,1,1,1,0,0,0,0,0,0,0,No Defect
185,74.29,115.14,1.96,102.24,72.22,51.87,62.26,4.75,704.4,2.88,819.0,417.0,Lathe,Steel,Evening,New,Line_B,0,0,0,0,0,1,0,0,1,0,0,0,0,1,0,0,No Defect
186,71.59,118.41,2.42,96.82,60.41,42.06,45.46,6.08,756.2,3.05,1239.6,306.0,Press,Steel,Morning,New,Line_D,0,0,0,0,0,0,0,0,0,0,0,0,0,1,0,0,No Defect
187,80.5,109.79,2.68,97.2,55.56,55.36,34.93,4.29,790.9,2.61,1640.1,411.0,Milling,Steel,Evening,Experienced,Line_A,0,0,1,0,0,0,0,0,0,0,0,0,0,0,0,0,No Defect
188,70.59,112.41,1.9,73.75,58.48,50.56,43.87,4.33,702.3,3.84,664.3,349.0,CNC,Composite,Evening,Expert,Line_D,0,0,0,0,0,0,0,1,0,0,0,0,0,0,0,0,No Defect
189,75.62,108.88,4.77,104.18,71.18,54.49,59.3,11.55,677.5,2.59,2325.7,371.0,Lathe,Steel,Night,New,Line_D,1,0,0,0,1,0,0,0,1,1,0,0,1,1,0,0,No Defect
190,73.2,102.79,3.56,94.0,55.72,64.11,35.51,7.23,719.5,3.47,2024.8,392.0,Press,Aluminum,Morning,Experienced,Line_C,0,0,0,0,1,0,0,1,0,1,0,1,0,0,0,0,No Defect
191,74.71,122.63,3.82,112.43,58.78,44.12,47.36,2.82,883.8,2.94,1328.5,512.0,Milling,Aluminum,Evening,New,Line_B,0,1,0,0,1,0,1,0,0,0,1,0,0,1,1,1,Dimensional Defect
192,65.76,117.66,2.02,114.82,74.16,53.11,63.47,4.97,634.8,3.86,2090.2,402.0,Milling,Plastic,Morning,Intermediate,Line_A,0,0,0,0,0,1,1,1,1,1,0,0,0,0,0,0,No Defect
193,73.13,137.24,3.0,128.94,81.09,47.26,65.17,3.81,662.5,3.48,1820.8,443.0,CNC,Alloy,Evening,New,Line_D,0,0,0,1,0,1,1,0,1,0,0,0,0,1,0,0,No Defect
194,73.33,135.0,2.37,120.68,81.7,46.2,59.71,4.69,641.6,4.14,2154.9,441.0,Lathe,Alloy,Morning,Experienced,Line_A,0,0,0,1,0,0,1,1,1,1,0,0,0,0,0,0,No Defect
195,72.8,,2.65,87.66,70.96,48.03,43.4,3.78,777.4,,1156.3,477.0,Milling,Alloy,Evening,Experienced,Line_B,0,0,0,0,0,0,0,0,1,0,0,0,0,0,0,0,No Defect
196,71.5,114.81,4.33,88.73,60.35,59.34,43.46,13.69,694.8,2.46,2007.7,291.0,CNC,Alloy,Night,Expert,Line_B,1,0,0,0,1,0,0,0,0,1,0,0,1,0,0,1,Surface Defect
197,74.18,111.0,1.97,83.72,61.82,58.29,42.17,2.42,809.0,2.54,588.0,434.0,Milling,Alloy,Night,New,Line_D,0,0,0,0,0,0,0,0,0,0,0,0,1,1,0,0,No Defect
198,73.07,106.84,2.46,106.02,68.09,50.11,50.06,4.95,784.6,3.6,1530.1,571.0,Milling,Alloy,Morning,Experienced,Line_A,0,0,0,0,0,0,1,0,0,0,1,0,0,0,1,1,Assembly Defect
199,68.06,119.26,2.93,107.0,69.38,56.23,42.73,4.81,847.6,2.82,747.5,471.0,Lathe,Composite,Night,Intermediate,Line_D,0,1,0,0,0,0,1,0,0,0,0,0,1,0,1,0,No Defect
200,63.05,119.66,1.8,99.13,69.71,43.17,43.2,5.36,774.8,3.82,1043.0,484.0,CNC,Aluminum,Evening,Intermediate,Line_C,0,0,0,0,0,0,0,1,0,0,0,0,0,0,1,0,No Defect
201,76.39,119.69,2.02,97.17,66.48,62.95,37.01,1.02,812.2,3.8,1046.9,377.0,Milling,Steel,Night,Intermediate,Line_B,0,0,0,0,0,0,0,1,0,0,0,0,1,0,0,0,No Defect
202,73.77,109.84,3.74,100.14,60.41,54.15,63.83,12.33,654.6,3.7,2335.6,238.0,Press,Steel,Evening,Expert,Line_B,1,0,0,0,1,1,0,0,0,1,0,0,0,0,0,1,Dimensional Defect
203,73.75,136.68,3.09,121.23,71.19,54.44,45.65,5.06,803.1,4.63,2067.3,,Milling,Alloy,Night,Intermediate,Line_B,0,0,0,1,0,0,1,1,1,1,0,0,1,0,0,0,No Defect
204,82.28,127.01,3.36,104.2,45.0,45.41,43.84,1.4,812.7,2.89,1226.7,502.0,Press,Composite,Morning,Intermediate,Line_B,0,0,1,1,0,0,0,0,0,0,1,0,0,0,1,1,Structural Defect
205,71.17,118.46,2.44,90.27,69.56,59.86,33.6,5.7,763.9,3.45,613.8,511.0,CNC,Alloy,Night,New,Line_B,0,0,0,0,0,0,0,0,1,0,1,0,1,1,0,0,No Defect
206,70.29,107.85,4.76,97.46,79.2,48.73,65.28,13.33,621.4,3.56,2472.8,359.0,Press,Steel,Evening,Experienced,Line_A,1,0,0,0,1,1,0,0,1,1,0,0,0,0,0,0,No Defect
207,74.18,138.55,3.82,130.0,,48.95,65.02,8.62,769.4,3.73,1890.6,525.0,Press,Aluminum,Morning,Experienced,Line_A,0,0,0,1,1,1,1,1,0,0,1,0,0,0,0,0,No Defect
208,71.53,107.84,2.46,87.82,55.17,45.23,56.39,4.58,734.4,3.77,741.4,360.0,Lathe,Composite,Morning,Intermediate,Line_D,0,0,0,0,0,0,0,1,0,0,0,0,0,0,0,0,No Defect
209,70.11,114.11,1.74,63.48,75.35,50.29,52.93,1.57,686.1,3.51,431.5,374.0,Lathe,Alloy,Morning,Experienced,Line_A,0,0,0,0,0,0,0,0,1,0,0,0,0,0,0,0,No Defect
210,71.68,140.0,2.61,125.82,75.07,49.19,72.88,7.09,728.5,3.95,1562.0,563.0,Press,Alloy,Evening,Experienced,Line_A,0,0,0,1,0,1,1,1,1,0,1,0,0,0,0,1,Material Defect
211,72.17,119.78,2.94,102.29,76.88,49.5,64.72,6.79,737.6,3.75,1599.9,455.0,CNC,Alloy,Morning,Expert,Line_A,0,0,0,0,0,1,0,1,1,0,0,0,0,0,0,0,No Defect
212,,114.49,2.25,108.76,67.03,53.27,55.4,3.7,805.9,3.67,1347.9,512.0,Lathe,Alloy,Morning,Experienced,Line_A,0,0,0,0,0,0,1,0,0,0,1,0,0,0,1,0,No Defect
213,73.35,136.25,3.32,122.63,75.75,51.77,56.37,4.81,729.2,4.63,1912.6,405.0,Lathe,Composite,Morning,Experienced,Line_C,0,0,0,1,0,0,1,1,1,1,0,0,0,0,0,0,No Defect
214,77.55,121.74,,117.81,64.17,,44.5,4.05,869.8,2.59,,502.0,Milling,Composite,Night,Expert,Line_C,0,1,1,0,0,0,1,0,0,0,1,0,1,0,1,0,No Defect
215,72.66,124.59,2.97,102.15,55.43,53.61,33.38,3.57,833.6,3.19,1562.6,585.0,Milling,Aluminum,Night,New,Line_A,0,1,0,0,0,0,0,0,0,0,1,0,1,1,1,0,No Defect
216,81.23,112.72,1.72,67.51,55.99,43.42,51.61,2.8,692.8,3.39,493.0,367.0,Injection_Molding,Steel,Night,Experienced,Line_A,0,0,1,0,0,0,0,0,0,0,0,0,1,0,0,0,No Defect
217,76.53,124.21,4.33,116.5,72.82,49.93,36.95,5.83,863.7,2.73,1353.7,564.0,Press,Alloy,Evening,Experienced,Line_B,0,1,0,0,1,0,1,0,1,0,1,0,0,0,1,1,Surface Defect
218,73.79,122.81,3.96,,,57.97,53.72,11.39,717.6,2.53,2782.1,429.0,Milling,Alloy,Night,Experienced,Line_D,1,0,0,0,1,0,0,0,0,1,0,0,1,0,0,1,Structural Defect
219,73.85,128.33,2.41,88.37,63.26,42.63,55.17,4.3,629.9,2.86,1090.3,324.0,Milling,Alloy,Morning,Experienced,Line_A,0,0,0,1,0,0,0,0,0,0,0,0,0,0,0,0,No Defect
220,77.82,126.39,2.81,86.44,68.7,50.66,58.53,2.07,740.6,2.76,1758.0,437.0,Press,Aluminum,Morning,Experienced,Line_C,0,0,1,1,0,1,0,0,0,0,0,0,0,0,0,1,Dimensional Defect
221,74.92,124.82,2.79,122.07,79.29,54.29,50.79,2.99,849.0,2.86,1194.7,521.0,CNC,Steel,Morning,Intermediate,Line_A,0,1,0,0,0,0,1,0,1,0,1,0,0,0,1,0,No Defect
222,75.25,123.59,2.38,118.96,64.8,50.88,38.39,4.84,802.0,2.52,937.7,449.0,CNC,Alloy,Morning,Expert,Line_D,0,0,0,0,0,0,1,0,0,0,0,0,0,0,0,0,No Defect
223,79.12,123.98,3.17,130.0,70.99,41.66,,4.81,725.4,4.68,1562.2,542.0,CNC,Steel,Morning,Experienced,Line_B,0,0,1,0,0,0,1,1,1,0,1,0,0,0,0,1,Material Defect
224,72.54,118.13,5.0,99.23,64.17,43.39,56.3,10.45,689.5,2.94,1975.3,247.0,Milling,Alloy,Morning,Expert,Line_B,1,0,0,0,1,0,0,0,0,0,0,0,0,0,0,0,No Defect
225,76.34,140.0,2.52,129.38,81.07,46.58,56.95,5.71,756.6,4.29,1746.0,464.0,Injection_Molding,Aluminum,Evening,Expert,Line_B,0,0,1,1,0,0,1,1,1,0,0,0,0,0,1,0,No Defect
226,70.65,119.24,1.53,79.77,54.53,41.26,55.71,5.06,634.6,3.09,1233.8,440.0,CNC,Aluminum,Morning,Intermediate,Line_D,0,0,0,0,0,0,0,0,0,0,0,0,0,0,0,0,No Defect
227,74.24,135.72,4.0,116.96,74.87,54.92,57.02,2.89,586.6,4.84,1376.6,377.0,CNC,Steel,Night,Expert,Line_D,0,0,0,1,1,0,1,1,1,0,0,0,1,0,0,0,No Defect
228,72.11,111.52,3.37,87.76,52.17,47.04,52.34,10.68,725.7,2.86,2493.0,326.0,Lathe,Alloy,Evening,Experienced,Line_A,1,0,0,0,0,0,0,0,0,1,0,0,0,0,0,0,No Defect
229,76.17,118.87,3.12,109.33,68.17,43.02,46.36,5.21,802.8,3.44,1256.3,374.0,Press,Alloy,Evening,New,Line_D,0,0,0,0,0,0,1,0,0,0,0,0,0,1,0,0,No Defect
230,73.48,117.06,1.47,82.68,67.81,52.81,52.52,6.27,782.5,3.11,612.3,299.0,Injection_Molding,Alloy,Morning,Intermediate,Line_C,0,0,0,0,0,0,0,0,0,0,0,0,0,0,0,0,No Defect
231,67.85,111.79,,99.6,68.11,46.12,61.0,3.09,703.6,2.86,821.7,331.0,CNC,Steel,Evening,Intermediate,Line_C,0,0,0,0,0,0,0,0,0,0,0,0,0,0,0,0,No Defect
232,70.27,113.3,4.67,116.29,57.89,55.25,63.0,10.03,650.5,3.16,2050.2,233.0,CNC,Composite,Evening,New,Line_A,1,0,0,0,1,1,1,0,0,1,0,0,0,1,0,1,Material Defect
233,78.43,133.2,1.85,114.13,73.77,43.44,75.52,6.14,621.2,4.72,2168.4,356.0,Injection_Molding,Steel,Night,New,Line_C,0,0,1,1,0,1,1,1,1,1,0,0,1,1,0,0,No Defect
234,72.75,127.04,3.25,130.0,76.18,56.13,68.13,8.34,693.7,4.38,1498.6,452.0,CNC,Aluminum,Morning,Expert,Line_C,0,0,0,1,0,1,1,1,1,0,0,0,0,0,0,1,Dimensional Defect
235,74.3,129.88,3.03,101.27,66.62,45.39,58.6,2.48,669.2,4.25,1252.1,396.0,CNC,Steel,Morning,Expert,Line_A,0,0,0,1,0,0,0,1,0,0,0,0,0,0,0,0,No Defect
236,76.61,123.0,1.67,76.93,49.86,45.92,40.95,6.13,758.8,2.78,1653.2,322.0,CNC,Plastic,Evening,Expert,Line_A,0,0,0,0,0,0,0,0,0,0,0,0,0,0,0,0,No Defect
237,71.65,130.15,2.45,88.38,48.63,40.49,,2.6,743.9,2.98,1116.5,435.0,Press,Aluminum,Evening,Intermediate,Line_C,0,0,0,1,0,0,0,0,0,0,0,0,0,0,0,0,No Defect
238,75.87,111.84,3.84,94.16,68.47,58.59,63.13,11.78,738.7,3.27,2127.8,351.0,CNC,Alloy,Morning,Expert,Line_B,1,0,0,0,1,1,0,0,1,1,0,0,0,0,0,0,No Defect
239,72.96,125.95,3.04,108.27,64.8,,41.61,2.84,775.5,3.73,1153.5,480.0,Press,Steel,Morning,Experienced,Line_C,0,0,0,1,0,0,1,1,0,0,0,0,0,0,0,0,No Defect
240,67.88,116.71,3.04,92.88,61.0,47.12,50.81,2.93,703.5,2.84,607.5,443.0,Press,Composite,Night,Experienced,Line_C,0,0,0,0,0,0,0,0,0,0,0,0,1,0,0,0,No Defect
241,76.0,116.39,2.94,103.95,64.58,69.73,58.28,11.69,629.3,3.78,2390.1,410.0,CNC,Steel,Night,Expert,Line_D,1,0,0,0,0,0,0,1,0,1,0,1,1,0,0,0,No Defect
242,68.28,112.83,2.69,89.81,56.35,51.99,41.95,3.61,784.9,3.62,793.8,479.0,Milling,Aluminum,Night,Intermediate,Line_A,0,0,0,0,0,0,0,0,0,0,0,0,1,0,1,0,No Defect
243,73.33,119.9,3.22,114.48,73.29,49.11,68.37,4.4,772.6,4.31,1867.2,374.0,CNC,Alloy,Evening,Experienced,Line_C,0,0,0,0,0,1,1,1,1,0,0,0,0,0,0,1,Surface Defect
244,81.01,117.27,2.78,101.14,55.99,49.12,33.83,4.19,823.5,2.71,669.8,503.0,CNC,Plastic,Night,Intermediate,Line_B,0,1,1,0,0,0,0,0,0,0,1,0,1,0,1,0,No Defect
245,77.7,124.0,4.06,109.16,73.93,55.27,77.17,12.26,707.1,2.99,2094.3,433.0,Press,Aluminum,Evening,Experienced,Line_A,1,0,1,0,1,1,1,0,1,1,0,0,0,0,0,1,Surface Defect
246,66.71,115.26,4.03,111.99,,58.35,,10.42,713.7,2.87,2195.2,393.0,Milling,Alloy,Evening,Expert,Line_D,1,0,0,0,1,0,1,0,0,1,0,0,0,0,0,1,Material Defect
247,82.7,126.61,3.38,122.63,53.18,44.61,40.58,4.49,814.0,3.31,905.9,511.0,Press,Composite,Morning,Intermediate,Line_B,0,0,1,1,0,0,1,0,0,0,1,0,0,0,1,0,No Defect
248,81.11,126.27,2.7,112.66,59.33,52.48,49.1,1.95,777.4,2.34,850.4,484.0,Injection_Molding,Steel,Morning,Experienced,Line_A,0,0,1,1,0,0,1,0,0,0,0,0,0,0,0,0,No Defect
249,71.0,126.75,2.26,84.43,63.71,54.17,49.66,3.14,657.8,3.46,473.7,413.0,CNC,Steel,Night,Experienced,Line_D,0,0,0,1,0,0,0,0,0,0,0,0,1,0,0,0,No Defect
250,81.25,114.24,2.8,106.81,48.04,45.48,46.14,3.56,721.5,2.49,980.8,582.0,Milling,Plastic,Evening,Intermediate,Line_D,0,0,1,0,0,0,1,0,0,0,1,0,0,0,0,0,No Defect
251,70.66,118.33,4.63,93.84,71.36,54.79,56.62,9.58,664.6,3.26,2313.5,390.0,Injection_Molding,Plastic,Morning,Experienced,Line_A,1,0,0,0,1,0,0,0,1,1,0,0,0,0,0,0,No Defect
252,68.56,108.75,2.49,60.0,62.68,45.68,38.84,2.3,727.9,2.74,996.5,363.0,Injection_Molding,Alloy,Morning,Experienced,Line_D,0,0,0,0,0,0,0,0,0,0,0,0,0,0,0,0,No Defect
253,77.57,129.23,3.03,130.0,67.33,42.14,55.02,9.36,735.0,3.86,1905.4,,Press,Steel,Night,Experienced,Line_A,1,0,1,1,0,0,1,1,1,0,0,0,1,0,0,1,Surface Defect
254,68.91,124.82,3.69,102.3,57.26,49.84,53.96,0.5,,3.56,674.6,381.0,CNC,Aluminum,Night,New,Line_C,0,0,0,0,1,0,0,1,0,0,0,0,1,1,0,1,Surface Defect
255,77.58,132.7,3.27,123.07,59.58,57.92,42.94,3.17,793.2,3.27,1305.5,449.0,Press,Steel,Night,Expert,Line_B,0,0,1,1,0,0,1,0,0,0,0,0,1,0,0,0,No Defect
256,70.41,122.44,3.58,111.58,81.04,54.97,72.7,5.12,705.0,4.76,1812.9,528.0,Injection_Molding,Aluminum,Night,Intermediate,Line_D,0,0,0,0,0,1,1,1,1,0,1,0,1,0,0,1,Material Defect
257,76.52,113.88,3.09,120.46,58.18,55.68,32.54,3.43,858.6,3.04,961.6,411.0,Milling,Alloy,Evening,Expert,Line_A,0,1,0,0,0,0,1,0,0,0,0,0,0,0,0,0,No Defect
258,75.81,123.55,1.44,62.73,53.59,44.53,35.52,6.9,784.5,2.69,493.8,372.0,Injection_Molding,Aluminum,Morning,Expert,Line_D,0,0,0,0,0,0,0,0,0,0,0,0,0,0,0,0,No Defect
259,79.9,126.83,3.37,106.07,56.35,61.84,38.87,3.13,818.0,2.73,1432.8,370.0,CNC,Plastic,Evening,Experienced,Line_D,0,0,1,1,0,0,1,0,0,0,0,0,0,0,0,0,No Defect
260,,140.0,2.69,112.93,69.81,42.12,70.83,4.64,694.6,3.88,1616.3,319.0,Press,Steel,Morning,Intermediate,Line_C,0,0,0,1,0,1,1,1,0,0,0,0,0,0,0,1,Surface Defect
261,75.14,122.1,2.63,88.55,61.98,45.41,45.34,2.92,709.2,3.16,609.1,428.0,Lathe,Steel,Morning,Experienced,Line_C,0,0,0,0,0,0,0,0,0,0,0,0,0,0,0,0,No Defect
262,77.19,124.66,5.27,104.98,60.98,50.44,57.51,9.0,752.5,3.28,2113.8,429.0,CNC,Steel,Night,Intermediate,Line_B,1,0,1,0,1,0,0,0,0,1,0,0,1,0,0,1,Dimensional Defect
263,69.36,129.45,,114.72,61.93,,62.03,5.72,,4.19,1642.2,409.0,Lathe,Plastic,Night,Experienced,Line_A,0,0,0,1,0,1,1,1,0,0,0,0,1,0,0,0,No Defect
264,72.46,125.27,2.57,87.79,63.05,48.51,38.03,4.25,792.8,2.76,1102.4,431.0,CNC,Alloy,Evening,Expert,Line_A,0,0,0,1,0,0,0,0,0,0,0,0,0,0,0,0,No Defect
265,76.47,130.62,1.86,105.33,79.97,55.96,61.85,8.64,647.6,4.44,1639.4,,CNC,Aluminum,Morning,Expert,Line_C,0,0,0,1,0,0,1,1,1,0,0,0,0,0,0,0,No Defect
266,72.97,120.52,3.11,121.32,70.07,42.04,59.97,4.0,819.4,3.91,1553.2,441.0,Lathe,Aluminum,Morning,Experienced,Line_C,0,0,0,0,0,1,1,1,1,0,0,0,0,0,0,0,No Defect
267,81.03,117.7,2.46,113.98,71.63,57.12,43.96,4.51,763.1,2.62,1071.5,460.0,Press,Alloy,Morning,New,Line_A,0,0,1,0,0,0,1,0,1,0,0,0,0,1,1,0,No Defect
268,75.7,121.09,2.88,130.0,66.1,58.55,33.89,2.78,830.8,2.87,878.8,430.0,CNC,Steel,Morning,Intermediate,Line_D,0,1,0,0,0,0,1,0,0,0,0,0,0,0,0,1,Structural Defect
269,68.4,119.23,4.33,89.9,51.77,50.98,62.69,12.47,774.7,2.75,2014.2,354.0,Injection_Molding,Plastic,Morning,Intermediate,Line_B,1,0,0,0,1,1,0,0,0,1,0,0,0,0,0,0,No Defect
270,74.63,109.14,,116.66,72.4,51.15,43.92,3.61,749.3,2.73,964.4,489.0,Press,Steel,Morning,Intermediate,Line_D,0,0,0,0,0,0,1,0,1,0,0,0,0,0,0,0,No Defect
271,80.89,131.88,2.04,108.45,74.16,39.17,67.11,7.18,668.6,3.89,1622.7,547.0,Injection_Molding,Aluminum,Morning,Expert,Line_A,0,0,1,1,0,1,1,1,1,0,1,0,0,0,0,0,No Defect
272,68.71,118.51,2.4,78.37,47.31,41.1,,3.76,687.0,,400.8,460.0,Injection_Molding,Aluminum,Morning,Expert,Line_A,0,0,0,0,0,0,0,0,0,0,0,0,0,0,0,0,No Defect
273,72.34,126.27,1.23,81.73,70.94,46.54,50.79,1.74,747.7,3.28,627.5,424.0,Milling,Aluminum,Morning,Intermediate,Line_B,0,0,0,1,0,0,0,0,1,0,0,0,0,0,0,0,No Defect
274,71.61,128.67,4.27,106.91,52.92,42.02,48.93,4.3,854.8,2.74,960.7,506.0,Lathe,Composite,Evening,Experienced,Line_A,0,1,0,1,1,0,1,0,0,0,1,0,0,0,1,1,Dimensional Defect
275,68.4,106.77,2.28,71.32,50.93,49.29,34.91,5.51,723.6,3.56,624.4,377.0,CNC,Plastic,Morning,Intermediate,Line_A,0,0,0,0,0,0,0,0,0,0,0,0,0,0,0,0,No Defect
276,78.18,109.32,1.48,98.58,61.07,50.13,51.23,3.24,772.0,2.56,1033.4,521.0,Milling,Composite,Morning,Intermediate,Line_B,0,0,1,0,0,0,0,0,0,0,1,0,0,0,1,0,No Defect
277,76.03,124.48,3.98,91.37,66.33,41.6,57.04,12.75,698.1,3.28,2229.1,,Lathe,Steel,Morning,New,Line_B,1,0,0,0,1,0,0,0,0,1,0,0,0,1,0,1,Surface Defect
278,70.9,121.21,4.74,99.56,71.34,47.45,79.2,8.37,623.3,3.33,2252.1,406.0,CNC,Alloy,Morning,Intermediate,Line_D,0,0,0,0,1,1,0,0,1,1,0,0,0,0,0,0,No Defect
279,76.04,128.0,3.44,112.72,55.05,42.83,28.27,2.16,923.1,2.42,1202.5,569.0,CNC,Aluminum,Morning,New,Line_A,0,1,0,1,0,0,1,0,0,0,1,0,0,1,1,0,No Defect
280,73.08,112.74,4.04,85.34,65.94,66.61,72.46,12.12,597.0,2.8,2250.9,371.0,CNC,Alloy,Evening,Expert,Line_D,1,0,0,0,1,1,0,0,0,1,0,1,0,0,0,1,Structural Defect
281,71.86,109.04,2.03,85.83,53.63,51.42,53.3,0.7,778.0,3.25,443.5,366.0,Lathe,Alloy,Morning,Expert,Line_A,0,0,0,0,0,0,0,0,0,0,0,0,0,0,0,0,No Defect
282,80.68,110.01,5.07,90.55,58.42,45.53,,12.49,740.8,3.64,2048.5,421.0,Lathe,Aluminum,Evening,Expert,Line_D,1,0,1,0,1,0,0,0,0,1,0,0,0,0,0,0,No Defect
283,74.6,118.84,3.24,90.83,56.77,45.42,39.51,2.21,822.1,2.78,590.1,120.0,Lathe,Steel,Morning,Intermediate,Line_B,0,1,0,0,0,0,0,0,0,0,0,0,0,0,0,0,No Defect
284,81.68,124.58,4.1,114.83,,46.45,56.9,2.96,780.4,3.01,1346.1,448.0,Lathe,Aluminum,Morning,Expert,Line_C,0,0,1,1,1,0,1,0,0,0,0,0,0,0,0,0,No Defect
285,73.65,121.2,2.11,94.46,56.35,49.31,50.87,6.53,668.3,3.2,663.1,424.0,Press,Aluminum,Morning,Experienced,Line_C,0,0,0,0,0,0,0,0,0,0,0,0,0,0,0,0,No Defect
286,64.6,121.0,2.68,87.84,49.98,44.73,46.98,4.04,804.4,2.72,1033.1,274.0,Lathe,Aluminum,Morning,New,Line_A,0,0,0,0,0,0,0,0,0,0,0,0,0,1,0,0,No Defect
287,72.36,129.39,2.15,90.82,67.15,46.16,54.34,3.0,821.3,3.09,1115.1,492.0,CNC,Alloy,Morning,Experienced,Line_B,0,1,0,1,0,0,0,0,0,0,0,0,0,0,1,0,No Defect
288,74.42,114.59,,66.91,57.89,46.63,47.09,2.31,705.4,,614.1,368.0,Injection_Molding,Steel,Morning,New,Line_A,0,0,0,0,0,0,0,0,0,0,0,0,0,1,0,0,No Defect
289,70.21,114.99,1.16,90.66,49.89,46.72,43.55,3.02,777.3,3.06,1074.6,378.0,Injection_Molding,Composite,Evening,New,Line_C,0,0,0,0,0,0,0,0,0,0,0,0,0,1,0,0,No Defect
290,78.28,132.2,3.37,130.0,70.58,50.81,67.87,2.36,,4.14,1637.0,523.0,Press,Alloy,Morning,Experienced,Line_B,0,0,1,1,0,1,1,1,1,0,1,0,0,0,0,1,Material Defect
291,75.61,131.26,2.5,122.2,82.17,48.56,69.67,4.33,665.4,4.01,2215.7,444.0,Press,Alloy,Night,Intermediate,Line_A,0,0,0,1,0,1,1,1,1,1,0,0,1,0,0,1,Dimensional Defect
292,72.56,126.71,2.53,,65.97,41.41,58.85,6.36,703.1,3.2,1951.1,483.0,Injection_Molding,Plastic,Evening,New,Line_A,0,0,0,1,0,0,0,0,0,0,0,0,0,1,0,0,No Defect
293,74.5,109.6,3.97,104.66,68.09,55.55,71.17,7.94,620.7,3.06,2288.5,303.0,Injection_Molding,Aluminum,Evening,Intermediate,Line_D,0,0,0,0,1,1,0,0,0,1,0,0,0,0,0,0,No Defect
294,70.76,112.42,3.8,93.58,57.47,57.86,50.58,11.22,672.2,3.52,1945.9,321.0,Injection_Molding,Aluminum,Night,Experienced,Line_D,1,0,0,0,1,0,0,0,0,0,0,0,1,0,0,1,Structural Defect
295,73.51,125.49,2.95,115.07,75.25,45.12,59.63,8.11,696.5,4.51,1559.7,340.0,Lathe,Steel,Morning,Experienced,Line_D,0,0,0,1,0,1,1,1,1,0,0,0,0,0,0,0,No Defect
296,76.19,123.51,2.57,130.0,85.0,52.24,69.94,7.27,694.0,4.55,2183.2,420.0,Milling,Steel,Evening,Intermediate,Line_D,0,0,0,0,0,1,1,1,1,1,0,0,0,0,0,1,Structural Defect
297,71.14,124.39,2.21,86.63,71.18,47.76,54.23,7.21,682.3,3.35,645.7,346.0,Press,Steel,Evening,New,Line_A,1,0,0,0,0,0,0,0,1,0,0,0,0,1,0,0,No Defect
298,84.71,112.23,3.64,109.36,65.46,55.12,47.04,5.04,898.2,2.81,1320.6,442.0,Milling,Alloy,Night,Experienced,Line_C,0,1,1,0,0,0,1,0,0,0,0,0,1,0,0,0,No Defect
299,69.52,121.3,3.42,112.4,,44.4,60.4,5.16,754.7,,2273.1,439.0,Lathe,Plastic,Morning,Experienced,Line_A,0,0,0,0,0,0,1,0,0,1,0,0,0,0,0,0,No Defect
300,76.91,129.02,3.11,110.0,58.84,58.16,56.24,4.98,753.8,3.28,1272.7,351.0,Press,Steel,Night,Intermediate,Line_A,0,0,0,1,0,0,1,0,0,0,0,0,1,0,0,0,No Defect
301,72.08,108.93,5.85,100.69,52.62,67.71,70.3,11.77,564.4,3.6,2493.6,332.0,Lathe,Composite,Evening,Intermediate,Line_D,1,0,0,0,1,1,0,0,0,1,0,1,0,0,0,1,Dimensional Defect
302,74.65,131.23,1.64,88.68,61.09,42.79,60.48,1.72,760.1,3.85,826.7,437.0,CNC,Composite,Morning,Expert,Line_B,0,0,0,1,0,0,0,1,0,0,0,0,0,0,0,0,No Defect
303,70.69,116.98,2.49,93.74,56.5,38.32,,,767.2,3.65,638.7,388.0,Injection_Molding,Aluminum,Evening,Experienced,Line_B,0,0,0,0,0,0,0,1,0,0,0,0,0,0,0,0,No Defect
304,80.43,,3.74,106.34,73.35,54.62,29.25,4.03,844.4,3.09,813.5,637.0,Press,Alloy,Morning,Intermediate,Line_B,0,1,1,0,1,0,1,0,1,0,1,0,0,0,1,0,No Defect
305,75.5,106.29,2.89,98.36,65.91,48.67,67.59,10.64,642.1,3.69,2731.9,237.0,CNC,Alloy,Evening,New,Line_D,1,0,0,0,0,1,0,0,0,1,0,0,0,1,0,0,No Defect
306,76.6,115.62,2.75,87.92,57.79,49.49,55.55,6.25,699.8,3.17,1493.0,346.0,Press,Steel,Morning,Experienced,Line_B,0,0,0,0,0,0,0,0,0,0,0,0,0,0,0,0,No Defect
307,73.39,117.53,2.58,106.57,71.95,43.03,36.39,1.87,760.4,3.65,1001.0,369.0,Milling,Steel,Morning,New,Line_B,0,0,0,0,0,0,1,0,1,0,0,0,0,1,0,0,No Defect
308,71.84,112.73,4.52,101.44,68.32,53.54,65.26,10.39,705.5,3.22,1641.2,378.0,CNC,Aluminum,Night,Experienced,Line_B,1,0,0,0,1,1,0,0,0,0,0,0,1,0,0,0,No Defect
309,71.31,116.59,2.64,71.89,48.68,52.96,57.72,4.72,809.7,3.86,1645.6,399.0,Milling,Composite,Morning,Intermediate,Line_C,0,0,0,0,0,0,0,1,0,0,0,0,0,0,0,1,Structural Defect
310,72.77,111.31,2.15,60.0,50.16,44.94,58.82,3.2,575.1,2.94,844.1,378.0,Lathe,Plastic,Night,Expert,Line_C,0,0,0,0,0,0,0,0,0,0,0,0,1,0,0,0,No Defect
311,77.54,115.23,3.33,105.03,65.88,50.24,,3.15,788.0,3.55,1835.7,491.0,Press,Steel,Morning,Experienced,Line_A,0,0,1,0,0,0,1,1,0,0,0,0,0,0,1,0,No Defect
312,76.32,137.67,2.66,123.97,79.77,51.77,61.73,5.34,685.6,3.58,2168.9,500.0,Milling,Alloy,Morning,New,Line_D,0,0,0,1,0,0,1,0,1,1,1,0,0,1,0,1,Surface Defect
313,78.82,124.52,3.59,107.46,71.62,54.18,34.74,4.8,848.7,2.5,988.9,407.0,Injection_Molding,Alloy,Evening,Intermediate,Line_D,0,1,1,0,0,0,1,0,1,0,0,0,0,0,0,1,Assembly Defect
314,75.97,108.98,1.93,79.1,47.69,49.48,47.23,1.96,700.3,2.81,1018.2,315.0,Injection_Molding,Plastic,Morning,Intermediate,Line_C,0,0,0,0,0,0,0,0,0,0,0,0,0,0,0,0,No Defect
315,77.33,125.83,2.39,123.11,75.83,58.32,50.97,3.79,860.5,3.09,1639.3,436.0,Lathe,Steel,Morning,New,Line_D,0,1,1,1,0,0,1,0,1,0,0,0,0,1,0,1,Material Defect
316,75.17,105.59,1.89,76.85,56.62,49.25,38.86,1.51,765.3,3.69,797.2,468.0,Lathe,Aluminum,Morning,Experienced,Line_B,0,0,0,0,0,0,0,0,0,0,0,0,0,0,0,0,No Defect
317,82.14,117.31,4.18,80.53,,57.09,57.13,12.48,688.2,4.08,2660.1,279.0,Injection_Molding,Steel,Evening,Intermediate,Line_C,1,0,1,0,1,0,0,1,0,1,0,0,0,0,0,1,Surface Defect
318,73.93,117.89,4.15,119.59,70.11,51.86,52.51,2.54,812.7,2.34,1175.8,491.0,Press,Alloy,Evening,Experienced,Line_B,0,0,0,0,1,0,1,0,1,0,0,0,0,0,1,0,No Defect
319,78.83,118.25,2.0,83.76,62.82,50.01,59.42,2.77,640.6,2.86,918.8,289.0,Press,Alloy,Morning,Intermediate,Line_A,0,0,1,0,0,1,0,0,0,0,0,0,0,0,0,0,No Defect
320,73.27,115.4,3.47,98.52,70.52,52.38,40.04,7.74,815.6,2.67,1115.5,439.0,CNC,Composite,Night,Experienced,Line_B,0,0,0,0,0,0,0,0,1,0,0,0,1,0,0,0,No Defect
321,77.62,114.71,2.87,110.7,56.74,56.23,51.48,5.39,813.0,2.71,1495.9,564.0,Milling,Alloy,Evening,Expert,Line_C,0,0,1,0,0,0,1,0,0,0,1,0,0,0,1,0,No Defect
322,73.61,122.52,3.14,89.07,63.38,40.2,56.41,5.2,778.6,3.24,961.1,468.0,CNC,Steel,Evening,Experienced,Line_B,0,0,0,0,0,0,0,0,0,0,0,0,0,0,0,0,No Defect
323,79.08,117.55,2.04,105.8,63.75,37.25,50.67,2.82,801.5,3.18,1196.0,474.0,CNC,Steel,Morning,New,Line_D,0,0,1,0,0,0,1,0,0,0,0,0,0,1,1,0,No Defect
324,73.72,121.29,4.08,106.14,59.75,53.17,34.21,5.84,821.7,2.43,1160.0,507.0,CNC,Composite,Morning,Experienced,Line_B,0,1,0,0,1,0,1,0,0,0,1,0,0,0,1,0,No Defect
325,77.07,135.29,3.17,128.11,72.66,55.0,43.74,0.63,837.1,2.31,1709.5,406.0,Press,Alloy,Morning,Experienced,Line_B,0,1,1,1,0,0,1,0,1,0,0,0,0,0,0,0,No Defect
326,76.37,117.52,2.71,118.55,63.12,50.99,42.34,3.88,839.2,2.38,1358.7,502.0,CNC,Alloy,Morning,Experienced,Line_C,0,1,0,0,0,0,1,0,0,0,1,0,0,0,1,1,Assembly Defect
327,80.06,122.22,2.89,109.12,58.63,59.23,,6.32,749.6,2.38,867.1,356.0,Press,Steel,Morning,Experienced,Line_D,0,0,1,1,0,0,1,0,0,0,0,0,0,0,0,1,Structural Defect
328,72.11,123.96,3.18,104.79,55.93,47.76,70.85,5.77,657.1,3.47,1830.8,449.0,Milling,Plastic,Evening,Intermediate,Line_D,0,0,0,0,0,1,0,0,0,0,0,0,0,0,0,0,No Defect
329,72.79,124.23,2.27,109.03,60.87,41.34,38.4,2.82,991.0,2.62,1939.1,500.0,Press,Alloy,Evening,New,Line_C,0,1,0,0,0,0,1,0,0,0,1,0,0,1,1,0,No Defect
330,75.42,115.43,2.68,88.85,50.79,46.75,61.98,4.11,728.5,2.7,849.0,392.0,Milling,Plastic,Morning,Intermediate,Line_B,0,0,0,0,0,0,0,0,0,0,0,0,0,0,0,0,No Defect
331,74.74,118.98,2.3,101.97,61.41,41.48,45.35,5.8,717.3,3.28,933.8,425.0,Press,Steel,Morning,Expert,Line_C,0,0,0,0,0,0,0,0,0,0,0,0,0,0,0,1,Dimensional Defect
332,80.4,107.22,4.9,95.6,51.08,48.24,72.06,13.31,629.7,2.9,2501.8,295.0,Lathe,Plastic,Evening,Experienced,Line_D,1,0,1,0,1,1,0,0,0,1,0,0,0,0,0,1,Assembly Defect
333,78.02,123.96,3.92,124.15,76.52,47.85,74.71,3.77,605.3,4.27,1546.3,396.0,Milling,Alloy,Morning,Intermediate,Line_A,0,0,1,0,1,1,1,1,1,0,0,0,0,0,0,1,Dimensional Defect
334,73.97,131.85,2.37,127.13,83.06,41.14,55.13,6.94,660.7,4.44,1632.5,430.0,CNC,Steel,Evening,Expert,Line_A,0,0,0,1,0,0,1,1,1,0,0,0,0,0,0,0,No Defect
335,71.92,110.24,1.69,85.72,70.36,56.0,44.4,3.78,784.4,2.95,951.3,470.0,Injection_Molding,Alloy,Morning,Intermediate,Line_A,0,0,0,0,0,0,0,0,1,0,0,0,0,0,1,0,No Defect
336,76.9,122.3,2.07,118.42,62.37,58.41,35.79,2.53,895.3,2.22,1604.5,468.0,Lathe,Plastic,Evening,Expert,Line_C,0,1,0,0,0,0,1,0,0,0,0,0,0,0,0,0,No Defect
337,68.85,121.87,2.13,94.48,57.14,50.15,53.13,5.2,769.5,3.49,1130.4,370.0,Injection_Molding,Composite,Night,Experienced,Line_D,0,0,0,0,0,0,0,0,0,0,0,0,1,0,0,0,No Defect
338,77.75,131.04,3.38,118.66,76.15,38.32,62.75,6.29,680.5,4.42,1802.8,330.0,Injection_Molding,Steel,Night,Expert,Line_A,0,0,1,1,0,1,1,1,1,0,0,0,1,0,0,1,Structural Defect
339,77.89,130.8,3.43,110.98,75.45,50.57,57.94,2.85,694.1,4.65,1502.9,515.0,Injection_Molding,Aluminum,Evening,Experienced,Line_B,0,0,1,1,0,0,1,1,1,0,1,0,0,0,0,1,Assembly Defect
340,77.72,122.38,3.15,108.34,70.87,53.15,35.64,3.1,887.7,2.68,1273.9,578.0,CNC,Alloy,Night,Expert,Line_A,0,1,1,0,0,0,1,0,1,0,1,0,1,0,1,1,Dimensional Defect
341,71.54,121.54,2.66,117.95,85.0,49.55,60.87,5.89,707.1,4.28,1734.1,,Lathe,Alloy,Evening,New,Line_A,0,0,0,0,0,0,1,1,1,0,0,0,0,1,0,1,Structural Defect
342,72.16,130.78,2.59,100.44,77.38,56.5,63.73,3.42,700.4,4.94,1574.7,,CNC,Plastic,Evening,Expert,Line_A,0,0,0,1,0,1,0,1,1,0,0,0,0,0,0,0,No Defect
343,75.7,117.73,2.3,120.39,72.88,55.23,36.04,7.65,899.3,2.87,1077.5,368.0,Lathe,Steel,Evening,New,Line_B,0,1,0,0,0,0,1,0,1,0,0,0,0,1,0,1,Structural Defect
344,71.41,124.39,2.59,90.83,69.05,45.05,54.97,2.56,691.7,2.71,777.5,384.0,Press,Steel,Night,Expert,Line_B,0,0,0,0,0,0,0,0,0,0,0,0,1,0,0,0,No Defect
345,76.05,124.69,2.65,117.47,81.23,45.77,55.96,6.84,781.0,4.66,1847.8,419.0,Lathe,Alloy,Evening,Intermediate,Line_B,0,0,0,0,0,0,1,1,1,0,0,0,0,0,0,1,Material Defect
346,74.22,119.22,2.94,119.36,74.11,52.87,45.37,3.31,743.7,5.46,1341.8,436.0,CNC,Steel,Morning,Experienced,Line_D,0,0,0,0,0,0,1,1,1,0,0,0,0,0,0,0,No Defect
347,73.03,112.02,3.59,109.13,60.27,61.24,66.84,8.6,725.2,3.16,1898.5,295.0,Press,Alloy,Morning,Intermediate,Line_B,0,0,0,0,0,1,1,0,0,0,0,0,0,0,0,1,Material Defect
348,77.47,129.62,2.55,110.97,66.14,53.08,41.79,,794.0,3.06,933.8,507.0,Press,Alloy,Evening,Experienced,Line_C,0,0,1,1,0,0,1,0,0,0,1,0,0,0,1,0,No Defect
349,75.17,122.02,2.5,130.0,67.22,59.54,64.0,8.35,701.9,3.73,1296.3,471.0,Milling,Steel,Evening,Expert,Line_B,0,0,0,1,0,1,1,1,0,0,0,0,0,0,0,0,No Defect
350,78.47,118.13,3.98,105.98,57.5,48.12,64.82,5.67,641.2,3.65,2140.6,328.0,Lathe,Plastic,Morning,Expert,Line_C,0,0,1,0,1,1,1,0,0,1,0,0,0,0,0,0,No Defect
351,72.17,110.06,1.74,76.15,60.71,45.07,29.48,3.38,762.3,3.16,1177.3,326.0,CNC,Alloy,Night,Experienced,Line_D,0,0,0,0,0,0,0,0,0,0,0,0,1,0,0,0,No Defect
352,75.91,118.26,2.83,111.65,79.74,53.71,60.9,7.27,675.6,4.21,1543.0,377.0,CNC,Alloy,Morning,Intermediate,Line_A,0,0,0,0,0,0,1,1,1,0,0,0,0,0,0,0,No Defect
353,83.73,126.67,3.21,111.81,56.3,54.02,41.03,6.69,833.9,3.04,908.8,523.0,Press,Plastic,Morning,Intermediate,Line_C,0,1,1,1,0,0,1,0,0,0,1,0,0,0,1,0,No Defect
354,76.28,132.13,4.44,94.22,45.0,48.55,60.62,12.54,721.0,2.59,2072.5,446.0,Press,Plastic,Evening,Experienced,Line_A,1,0,0,1,1,1,0,0,0,1,0,0,0,0,0,0,No Defect
355,73.02,98.02,2.25,95.22,62.23,44.88,57.46,4.78,676.0,3.42,1040.2,333.0,CNC,Steel,Morning,Expert,Line_D,0,0,0,0,0,0,0,0,0,0,0,0,0,0,0,0,No Defect
356,70.82,121.63,5.18,109.61,69.22,46.34,56.66,12.45,697.3,3.41,2067.7,438.0,CNC,Alloy,Evening,Expert,Line_C,1,0,0,0,1,0,1,0,0,1,0,0,0,0,0,1,Material Defect
357,77.36,112.65,2.8,112.29,63.76,52.74,47.78,4.82,833.5,3.43,1238.6,557.0,Lathe,Steel,Morning,Experienced,Line_A,0,1,1,0,0,0,1,0,0,0,1,0,0,0,1,1,Surface Defect
358,70.14,122.09,1.45,94.83,63.72,38.51,46.5,4.9,,3.19,772.3,423.0,Milling,Steel,Evening,Expert,Line_A,0,0,0,0,0,0,0,0,0,0,0,0,0,0,0,0,No Defect
359,75.33,118.2,1.59,71.6,63.23,46.86,51.05,3.51,675.4,3.07,1177.3,195.0,Injection_Molding,Aluminum,Night,Expert,Line_A,0,0,0,0,0,0,0,0,0,0,0,0,1,0,0,0,No Defect
360,73.05,126.19,3.19,110.79,77.09,45.26,46.12,5.38,698.1,4.12,1856.4,448.0,Injection_Molding,Alloy,Morning,Experienced,Line_A,0,0,0,1,0,0,1,1,1,0,0,0,0,0,0,0,No Defect
361,68.89,114.25,1.79,,71.95,45.8,61.38,5.18,737.2,1.86,664.2,383.0,Milling,Alloy,Evening,Experienced,Line_B,0,0,0,0,0,0,0,0,1,0,0,0,0,0,0,0,No Defect
362,69.32,124.12,1.82,106.85,58.85,51.07,44.96,1.25,767.5,3.54,1347.8,287.0,Injection_Molding,Composite,Night,Intermediate,Line_B,0,0,0,0,0,0,1,0,0,0,0,0,1,0,0,0,No Defect
363,75.87,122.62,2.44,100.75,62.21,48.0,44.94,6.51,772.2,2.51,1124.5,495.0,Injection_Molding,Aluminum,Night,Expert,Line_B,0,0,0,0,0,0,0,0,0,0,0,0,1,0,0,0,No Defect
364,74.44,127.42,2.68,113.94,73.15,47.82,55.33,6.16,662.6,4.18,1790.6,393.0,Milling,Plastic,Evening,Intermediate,Line_B,0,0,0,1,0,0,1,1,1,0,0,0,0,0,0,0,No Defect
365,78.18,131.11,4.17,114.27,83.75,49.9,56.98,5.13,736.9,4.26,2116.8,354.0,CNC,Alloy,Evening,Expert,Line_B,0,0,1,1,1,0,1,1,1,1,0,0,0,0,0,0,No Defect
366,73.69,122.27,1.4,116.87,59.83,,65.51,6.01,661.6,4.01,1911.0,470.0,Injection_Molding,Plastic,Morning,New,Line_C,0,0,0,0,0,1,1,1,0,0,0,0,0,1,0,0,No Defect
367,68.56,137.26,2.03,107.26,72.22,43.4,66.18,7.86,788.4,3.6,1775.7,464.0,CNC,Alloy,Evening,Intermediate,Line_D,0,0,0,1,0,1,1,0,1,0,0,0,0,0,0,0,No Defect
368,76.7,134.11,2.57,120.08,82.74,50.89,53.47,8.2,811.1,4.02,1214.4,481.0,Press,Steel,Evening,Experienced,Line_B,0,0,0,1,0,0,1,1,1,0,0,0,0,0,1,0,No Defect
369,78.11,115.03,5.44,111.78,52.4,48.52,49.51,14.85,693.5,2.54,2082.5,242.0,Injection_Molding,Alloy,Morning,New,Line_C,1,0,1,0,1,0,1,0,0,1,0,0,0,1,0,0,No Defect
370,73.27,100.34,4.16,122.03,46.98,55.0,55.31,11.22,714.6,3.2,1798.6,,Press,Plastic,Morning,Experienced,Line_B,1,0,0,0,1,0,1,0,0,0,0,0,0,0,0,1,Surface Defect
371,73.33,125.19,,91.27,54.19,53.72,47.34,4.87,789.1,2.97,744.2,272.0,Lathe,Plastic,Evening,Intermediate,Line_B,0,0,0,1,0,0,0,0,0,0,0,0,0,0,0,0,No Defect
372,69.83,111.7,4.15,91.05,64.82,48.53,59.61,10.31,705.1,3.51,2342.4,417.0,Injection_Molding,Steel,Night,New,Line_A,1,0,0,0,1,0,0,0,0,1,0,0,1,1,0,1,Material Defect
373,72.17,125.67,3.03,129.69,75.36,45.48,55.37,1.8,675.2,4.93,1569.5,434.0,Lathe,Alloy,Morning,Intermediate,Line_C,0,0,0,1,0,0,1,1,1,0,0,0,0,0,0,0,No Defect
374,76.92,118.72,2.41,120.16,69.04,64.1,57.34,4.43,696.3,5.13,1720.6,376.0,Milling,Composite,Evening,New,Line_A,0,0,0,0,0,0,1,1,0,0,0,1,0,1,0,1,Surface Defect
375,68.77,125.44,2.13,87.51,68.41,56.05,47.22,0.5,726.3,2.65,1180.3,348.0,Injection_Molding,Steel,Evening,New,Line_C,0,0,0,1,0,0,0,0,0,0,0,0,0,1,0,0,No Defect
376,72.06,112.72,2.1,82.37,60.48,46.85,34.35,,700.7,3.17,839.6,365.0,CNC,Steel,Evening,Experienced,Line_D,0,0,0,0,0,0,0,0,0,0,0,0,0,0,0,0,No Defect
377,77.09,116.01,2.89,123.75,66.97,49.52,40.89,2.88,930.8,2.7,1024.0,425.0,CNC,Alloy,Evening,Intermediate,Line_A,0,1,1,0,0,0,1,0,0,0,0,0,0,0,0,0,No Defect
378,72.43,113.91,4.91,98.95,68.34,43.15,59.51,9.88,714.1,3.93,1950.8,304.0,Milling,Steel,Morning,New,Line_B,1,0,0,0,1,0,0,1,0,0,0,0,0,1,0,0,No Defect
379,78.92,112.0,4.8,94.18,51.69,51.5,63.07,7.9,667.9,2.88,2678.3,343.0,Press,Plastic,Morning,Experienced,Line_C,0,0,1,0,1,1,0,0,0,1,0,0,0,0,0,0,No Defect
380,71.21,120.46,2.0,98.21,70.54,47.69,51.79,1.92,769.9,3.98,1110.6,365.0,Milling,Composite,Morning,Expert,Line_D,0,0,0,0,0,0,0,1,1,0,0,0,0,0,0,0,No Defect
381,83.14,107.66,5.31,123.81,75.94,50.64,58.61,9.4,669.3,3.91,2184.3,367.0,Lathe,Steel,Morning,Expert,Line_A,1,0,1,0,1,0,1,1,1,1,0,0,0,0,0,1,Material Defect
382,71.45,110.42,1.28,99.23,69.05,52.24,49.36,3.88,813.8,3.7,992.3,522.0,Milling,Alloy,Evening,Expert,Line_D,0,0,0,0,0,0,0,0,0,0,1,0,0,0,1,0,No Defect
383,69.7,108.29,1.62,73.13,66.71,37.63,56.04,4.73,644.0,3.07,1066.1,310.0,Injection_Molding,Aluminum,Evening,Intermediate,Line_B,0,0,0,0,0,0,0,0,0,0,0,0,0,0,0,0,No Defect
384,76.67,123.03,2.89,110.58,65.72,53.5,48.01,5.3,772.4,3.39,1066.0,430.0,CNC,Steel,Morning,New,Line_A,0,0,0,0,0,0,1,0,0,0,0,0,0,1,0,1,Surface Defect
385,70.15,116.32,2.63,75.01,60.17,42.15,55.51,2.64,678.6,3.13,234.6,312.0,CNC,Alloy,Night,New,Line_C,0,0,0,0,0,0,0,0,0,0,0,0,1,1,0,0,No Defect
386,70.83,114.26,3.99,99.2,62.33,62.53,65.2,15.15,711.8,3.09,2165.7,456.0,Press,Alloy,Evening,Intermediate,Line_C,1,0,0,0,1,1,0,0,0,1,0,0,0,0,0,0,No Defect
387,77.47,118.9,3.67,115.68,68.7,61.02,63.89,10.49,597.9,2.8,2280.0,336.0,Lathe,Composite,Evening,New,Line_D,1,0,1,0,0,1,1,0,0,1,0,0,0,1,0,0,No Defect
388,75.82,119.52,3.51,100.8,85.0,58.83,62.36,6.96,694.4,5.28,1869.7,270.0,Press,Steel,Evening,Expert,Line_D,0,0,0,0,1,1,0,1,1,0,0,0,0,0,0,0,No Defect
389,72.41,130.83,2.28,122.2,72.27,46.85,54.21,5.08,,4.86,2303.7,,Press,Alloy,Evening,Intermediate,Line_D,0,0,0,1,0,0,1,1,1,1,0,0,0,0,0,1,Material Defect
390,71.77,121.97,3.02,91.67,68.1,45.75,59.33,,683.5,3.53,1028.1,293.0,CNC,Steel,Night,Intermediate,Line_A,0,0,0,0,0,0,0,0,0,0,0,0,1,0,0,0,No Defect
391,71.26,116.05,1.82,60.0,63.4,47.32,48.44,5.23,712.3,3.41,1116.8,458.0,CNC,Alloy,Night,Intermediate,Line_D,0,0,0,0,0,0,0,0,0,0,0,0,1,0,0,0,No Defect
392,71.57,108.13,2.93,104.7,58.68,38.82,39.72,3.16,734.1,3.4,1493.5,321.0,Press,Plastic,Night,Intermediate,Line_D,0,0,0,0,0,0,0,0,0,0,0,0,1,0,0,0,No Defect
393,75.5,111.47,2.78,84.06,66.45,53.31,34.38,5.37,842.9,3.52,932.3,479.0,CNC,Alloy,Evening,Expert,Line_A,0,1,0,0,0,0,0,0,0,0,0,0,0,0,1,0,No Defect
394,79.12,128.45,4.39,92.34,52.77,54.12,55.95,10.43,656.8,3.13,2267.8,396.0,Lathe,Alloy,Evening,Expert,Line_A,1,0,1,1,1,0,0,0,0,1,0,0,0,0,0,1,Surface Defect
395,77.03,119.06,3.55,85.67,57.04,58.37,42.14,4.5,799.4,3.17,1037.4,509.0,Lathe,Aluminum,Evening,Intermediate,Line_C,0,0,1,0,0,0,0,0,0,0,1,0,0,0,1,0,No Defect
396,73.04,119.33,1.51,88.09,65.71,45.57,43.75,0.5,605.4,3.26,1008.6,404.0,Injection_Molding,Steel,Morning,Expert,Line_D,0,0,0,0,0,0,0,0,0,0,0,0,0,0,0,1,Dimensional Defect
397,76.58,132.1,2.04,130.0,,46.88,61.36,5.01,682.3,4.7,2119.8,439.0,Press,Aluminum,Morning,New,Line_A,0,0,0,1,0,0,1,1,0,1,0,0,0,1,0,0,No Defect
398,77.0,127.72,2.95,123.19,74.75,51.37,59.4,4.74,654.1,3.82,2046.0,401.0,CNC,Plastic,Evening,Expert,Line_D,0,0,1,1,0,0,1,1,1,1,0,0,0,0,0,0,No Defect
399,81.9,128.52,3.66,127.9,59.21,54.75,45.31,2.55,798.8,2.91,1482.3,446.0,Lathe,Steel,Evening,New,Line_C,0,1,1,1,1,0,1,0,0,0,0,0,0,1,0,0,No Defect
400,79.05,116.25,1.82,78.62,60.23,41.79,38.55,2.67,794.5,2.45,,461.0,Milling,Plastic,Evening,Intermediate,Line_C,0,1,1,0,0,0,0,0,0,0,0,0,0,0,0,0,No Defect
401,77.98,137.32,3.79,130.0,81.57,51.54,45.13,2.54,739.8,4.27,1613.4,358.0,Press,Alloy,Evening,Intermediate,Line_A,0,0,1,1,1,0,1,1,1,0,0,0,0,0,0,0,No Defect
402,73.65,120.26,2.08,86.15,59.65,50.11,42.42,5.06,770.9,2.33,1018.2,417.0,Press,Plastic,Morning,New,Line_C,0,0,0,0,0,0,0,0,0,0,0,0,0,1,0,0,No Defect
403,74.01,120.63,1.86,84.35,58.53,41.12,48.53,3.86,805.9,2.47,702.4,300.0,Press,Alloy,Evening,Experienced,Line_D,0,0,0,0,0,0,0,0,0,0,0,0,0,0,0,0,No Defect
404,69.28,122.34,2.01,79.6,62.73,39.15,47.31,8.62,720.4,2.93,744.8,272.0,Lathe,Alloy,Night,Experienced,Line_D,0,0,0,0,0,0,0,0,0,0,0,0,1,0,0,0,No Defect
405,72.79,121.49,3.92,93.24,53.55,53.84,58.24,2.91,673.8,3.34,615.9,408.0,Press,Aluminum,Morning,Expert,Line_D,0,0,0,0,1,0,0,0,0,0,0,0,0,0,0,0,No Defect
406,75.17,135.42,2.79,110.73,68.56,47.82,56.94,7.97,618.7,4.66,2319.7,448.0,Press,Plastic,Night,Intermediate,Line_B,0,0,0,1,0,0,1,1,0,1,0,0,1,0,0,0,No Defect
407,76.29,113.83,1.93,101.84,66.59,41.83,39.49,3.16,873.6,2.75,1590.5,506.0,CNC,Alloy,Morning,Expert,Line_A,0,1,0,0,0,0,0,0,0,0,1,0,0,0,1,0,No Defect
408,73.99,131.62,1.86,92.43,45.0,54.06,46.9,1.41,727.0,3.11,813.1,389.0,CNC,Plastic,Morning,Experienced,Line_A,0,0,0,1,0,0,0,0,0,0,0,0,0,0,0,0,No Defect
409,75.18,129.13,,120.34,53.97,55.18,39.69,2.69,965.7,2.38,1244.5,515.0,CNC,Composite,Morning,New,Line_C,0,1,0,1,0,0,1,0,0,0,1,0,0,1,1,1,Assembly Defect
410,75.48,115.57,4.14,123.82,64.66,50.12,45.76,3.67,788.6,2.96,1237.9,519.0,Milling,Steel,Evening,Experienced,Line_A,0,0,0,0,1,0,1,0,0,0,1,0,0,0,1,0,No Defect
411,79.06,132.62,2.95,130.0,82.94,56.04,54.07,3.95,774.4,4.83,1546.4,469.0,Press,Steel,Evening,Intermediate,Line_B,0,0,1,1,0,0,1,1,1,0,0,0,0,0,0,0,No Defect
412,73.03,102.74,4.17,87.52,55.35,66.82,59.02,7.56,696.5,3.02,1948.8,334.0,Injection_Molding,Aluminum,Evening,Intermediate,Line_B,0,0,0,0,1,0,0,0,0,0,0,1,0,0,0,0,No Defect
413,76.67,119.55,2.49,91.09,56.67,50.95,49.61,3.74,711.5,3.07,724.3,322.0,Press,Plastic,Morning,Experienced,Line_D,0,0,0,0,0,0,0,0,0,0,0,0,0,0,0,1,Material Defect
414,72.98,107.13,5.96,93.13,47.67,60.59,46.63,11.19,747.5,3.17,1694.2,344.0,Milling,Plastic,Morning,New,Line_A,1,0,0,0,1,0,0,0,0,0,0,1,0,1,0,0,No Defect
415,64.9,120.66,3.45,130.0,74.94,51.68,61.72,7.85,734.2,4.71,1555.4,493.0,Milling,Aluminum,Morning,Experienced,Line_B,1,0,0,0,0,0,1,1,1,0,0,0,0,0,0,0,No Defect
416,74.21,123.69,4.2,117.65,68.83,50.16,57.38,10.94,804.5,3.68,1618.0,398.0,Press,Steel,Morning,Experienced,Line_A,1,0,0,1,1,0,1,0,0,0,0,0,0,0,0,1,Structural Defect
417,69.72,105.78,4.92,112.64,60.24,51.75,76.34,11.47,756.3,3.22,2003.1,,CNC,Steel,Morning,Experienced,Line_A,1,0,0,0,1,1,1,0,0,1,0,0,0,0,0,1,Structural Defect
418,70.74,122.02,2.8,88.99,62.25,43.86,43.87,5.68,696.1,3.39,1254.7,385.0,CNC,Steel,Evening,Expert,Line_B,0,0,0,0,0,0,0,0,0,0,0,0,0,0,0,0,No Defect
419,72.11,117.14,3.15,101.04,61.3,52.54,36.05,5.54,854.7,2.87,1646.4,485.0,CNC,Aluminum,Evening,Experienced,Line_A,0,1,0,0,0,0,0,0,0,0,0,0,0,0,1,0,No Defect
420,74.47,111.75,3.3,125.3,62.25,67.83,61.11,10.26,716.1,3.35,2214.2,456.0,Press,Alloy,Morning,Expert,Line_D,1,0,0,0,0,0,1,0,0,1,0,1,0,0,0,0,No Defect
421,73.76,136.28,2.46,117.9,85.0,45.2,69.72,3.01,752.0,4.64,1636.1,515.0,CNC,Steel,Morning,New,Line_A,0,0,0,1,0,1,1,1,1,0,1,0,0,1,0,1,Material Defect
422,79.83,128.2,2.73,107.84,,43.7,69.28,8.23,739.2,4.73,1845.9,511.0,Injection_Molding,Aluminum,Morning,Experienced,Line_C,1,0,1,1,0,1,1,1,0,0,1,0,0,0,0,1,Surface Defect
423,71.81,130.9,2.39,78.51,45.0,35.0,,3.91,762.8,2.77,723.9,264.0,CNC,Plastic,Morning,New,Line_D,0,0,0,1,0,0,0,0,0,0,0,0,0,1,0,0,No Defect
424,73.76,118.43,3.8,112.37,,62.68,51.06,10.45,754.1,3.35,2499.9,449.0,Press,Steel,Evening,Expert,Line_C,1,0,0,0,1,0,1,0,0,1,0,0,0,0,0,1,Assembly Defect
425,76.15,112.09,2.82,84.38,56.73,49.03,51.33,3.1,750.2,3.79,926.3,404.0,CNC,Composite,Morning,Experienced,Line_D,0,0,0,0,0,0,0,1,0,0,0,0,0,0,0,0,No Defect
426,65.93,121.37,2.58,98.99,68.15,51.77,54.98,4.67,821.4,3.05,795.1,321.0,CNC,Steel,Evening,Experienced,Line_A,0,1,0,0,0,0,0,0,0,0,0,0,0,0,0,1,Surface Defect
427,73.66,128.26,3.34,115.61,71.36,50.6,49.56,5.56,734.5,4.24,2141.0,465.0,Press,Aluminum,Morning,New,Line_B,0,0,0,1,0,0,1,1,1,1,0,0,0,1,0,1,Material Defect
428,70.77,,3.1,88.78,65.78,45.82,43.79,4.11,809.0,3.17,1144.7,163.0,Milling,Steel,Evening,Intermediate,Line_D,0,1,0,0,0,0,0,0,0,0,0,0,0,0,0,0,No Defect
429,69.68,133.42,2.42,93.86,67.02,51.5,42.65,5.76,792.4,2.36,632.8,424.0,CNC,Aluminum,Evening,Intermediate,Line_B,0,0,0,1,0,0,0,0,0,0,0,0,0,0,0,0,No Defect
430,73.54,129.51,3.07,98.85,52.34,55.91,43.99,6.73,837.6,2.83,,460.0,Injection_Molding,Composite,Night,Expert,Line_C,0,1,0,1,0,0,0,0,0,0,0,0,1,0,1,0,No Defect
431,77.82,133.09,1.8,106.16,75.36,48.17,62.81,4.72,725.6,4.15,1722.5,330.0,Milling,Plastic,Evening,Experienced,Line_D,0,0,1,1,0,1,1,1,1,0,0,0,0,0,0,1,Material Defect
432,71.92,103.95,1.9,60.0,61.84,59.72,57.71,2.72,633.1,3.12,1284.7,402.0,CNC,Aluminum,Morning,Experienced,Line_A,0,0,0,0,0,0,0,0,0,0,0,0,0,0,0,0,No Defect
433,73.14,122.77,3.93,113.93,64.47,51.23,47.05,2.57,809.6,3.04,1456.0,484.0,Press,Aluminum,Evening,New,Line_D,0,1,0,0,1,0,1,0,0,0,0,0,0,1,1,0,No Defect
434,79.57,120.43,3.65,108.87,69.93,52.31,46.26,2.55,819.8,2.69,1141.8,438.0,CNC,Steel,Morning,Experienced,Line_B,0,0,1,0,0,0,1,0,0,0,0,0,0,0,0,0,No Defect
435,73.6,102.98,1.0,70.86,48.52,47.97,58.51,3.88,724.6,,914.1,266.0,Injection_Molding,Aluminum,Evening,Intermediate,Line_D,0,0,0,0,0,0,0,0,0,0,0,0,0,0,0,0,No Defect
436,78.71,124.6,4.24,104.36,68.63,50.76,60.75,10.31,693.6,3.25,1862.1,364.0,Injection_Molding,Steel,Evening,Experienced,Line_C,1,0,1,0,1,0,0,0,1,0,0,0,0,0,0,0,No Defect
437,68.04,117.18,3.01,124.67,50.5,59.77,37.1,6.12,870.5,2.94,894.0,440.0,CNC,Composite,Evening,Expert,Line_B,0,1,0,0,0,0,1,0,0,0,0,0,0,0,0,0,No Defect
438,79.69,137.68,1.42,119.93,83.94,53.02,78.54,3.93,700.3,4.8,1892.1,425.0,Press,Aluminum,Morning,Intermediate,Line_A,0,0,1,1,0,1,1,1,1,1,0,0,0,0,0,1,Material Defect
439,71.82,109.2,2.21,75.06,61.26,38.43,57.49,3.66,585.5,3.45,241.2,217.0,Injection_Molding,Aluminum,Evening,Experienced,Line_C,0,0,0,0,0,0,0,0,0,0,0,0,0,0,0,0,No Defect
440,,123.85,3.61,118.75,70.0,47.02,45.9,3.46,758.1,2.49,1131.1,499.0,Milling,Steel,Evening,Experienced,Line_C,0,0,0,1,1,0,1,0,1,0,0,0,0,0,0,0,No Defect
441,72.14,122.5,2.2,93.4,51.0,40.43,45.27,5.72,806.6,2.87,671.0,413.0,Lathe,Alloy,Morning,Experienced,Line_D,0,0,0,0,0,0,0,0,0,0,0,0,0,0,0,0,No Defect
442,77.4,108.34,2.01,69.84,57.06,51.08,49.58,2.58,751.1,2.79,839.1,407.0,Milling,Alloy,Morning,New,Line_C,0,0,1,0,0,0,0,0,0,0,0,0,0,1,0,0,No Defect
443,71.81,122.56,2.13,85.96,65.62,49.87,47.37,4.05,739.2,3.13,1159.3,258.0,Press,Steel,Night,Expert,Line_C,0,0,0,0,0,0,0,0,0,0,0,0,1,0,0,0,No Defect
444,77.72,120.27,4.02,112.48,67.87,55.01,43.81,1.23,916.2,3.22,1126.9,475.0,Press,Steel,Evening,Experienced,Line_A,0,1,1,0,1,0,1,0,0,0,0,0,0,0,1,0,No Defect
445,75.87,120.8,4.02,109.66,69.9,45.83,47.05,4.69,,,1515.6,403.0,CNC,Steel,Night,Intermediate,Line_B,0,0,1,0,1,0,1,0,0,0,0,0,1,0,0,0,No Defect
446,75.8,122.64,1.88,79.88,69.75,43.17,47.35,5.2,641.1,2.66,518.7,474.0,CNC,Aluminum,Morning,Expert,Line_A,0,0,0,0,0,0,0,0,0,0,0,0,0,0,0,0,No Defect
447,80.17,129.3,2.2,107.48,65.02,46.88,60.59,7.51,650.8,4.57,1841.4,451.0,Injection_Molding,Steel,Morning,Experienced,Line_A,0,0,1,1,0,0,1,1,0,0,0,0,0,0,0,1,Material Defect
448,82.15,120.83,1.84,118.55,62.68,60.49,42.61,3.01,774.2,2.57,896.1,506.0,Injection_Molding,Alloy,Night,Experienced,Line_A,0,0,1,0,0,0,1,0,0,0,1,0,1,0,1,1,Surface Defect
449,77.92,125.04,4.0,108.29,70.48,46.13,66.38,7.76,657.1,4.26,2142.9,492.0,Injection_Molding,Plastic,Morning,New,Line_C,0,0,1,1,1,1,1,1,1,1,0,0,0,1,0,1,Dimensional Defect
450,79.9,109.4,2.61,109.06,49.98,35.0,37.57,3.23,877.9,3.36,1082.1,375.0,Milling,Composite,Evening,Intermediate,Line_B,0,1,1,0,0,0,1,0,0,0,0,0,0,0,0,0,No Defect
451,76.72,133.42,1.98,109.87,75.33,39.17,73.51,3.79,704.1,3.68,1563.5,445.0,Press,Aluminum,Night,Expert,Line_A,0,0,0,1,0,1,1,0,1,0,0,0,1,0,0,1,Structural Defect
452,73.44,121.88,2.87,121.28,76.22,55.03,79.12,5.11,657.5,4.4,1319.3,416.0,Milling,Aluminum,Evening,Experienced,Line_A,0,0,0,0,0,1,1,1,1,0,0,0,0,0,0,0,No Defect
453,69.8,116.78,3.17,117.36,66.89,61.64,71.68,12.89,675.2,3.94,2138.4,282.0,Press,Steel,Morning,New,Line_D,1,0,0,0,0,1,1,1,0,1,0,0,0,1,0,0,No Defect
454,63.49,123.59,2.95,103.36,78.57,47.93,72.13,3.92,637.9,3.3,,344.0,Press,Steel,Morning,Expert,Line_C,0,0,0,0,0,1,0,0,1,0,0,0,0,0,0,1,Structural Defect
455,71.97,120.04,3.79,85.95,63.54,63.67,69.6,12.45,710.8,2.69,2044.0,357.0,Lathe,Alloy,Evening,Intermediate,Line_B,1,0,0,0,1,1,0,0,0,1,0,1,0,0,0,1,Surface Defect
456,67.96,116.36,3.09,88.92,54.96,51.65,42.01,4.33,748.4,3.71,1351.1,430.0,CNC,Steel,Night,Expert,Line_A,0,0,0,0,0,0,0,1,0,0,0,0,1,0,0,0,No Defect
457,80.99,122.59,3.41,130.0,83.58,41.25,54.56,4.75,673.2,4.08,1347.8,391.0,Press,Steel,Night,New,Line_B,0,0,1,0,0,0,1,1,1,0,0,0,1,1,0,1,Dimensional Defect
458,72.91,113.78,3.21,92.92,67.57,36.88,40.85,5.68,801.0,3.3,577.5,352.0,Milling,Steel,Evening,Expert,Line_C,0,0,0,0,0,0,0,0,0,0,0,0,0,0,0,0,No Defect
459,70.24,123.27,4.75,104.04,62.95,61.26,55.83,10.75,724.3,3.03,2289.1,413.0,Milling,Steel,Night,Expert,Line_A,1,0,0,0,1,0,0,0,0,1,0,1,1,0,0,1,Assembly Defect
460,77.41,133.11,2.7,129.61,54.46,53.87,36.87,2.49,865.5,,425.7,545.0,Press,Steel,Night,Experienced,Line_B,0,1,1,1,0,0,1,0,0,0,1,0,1,0,1,1,Structural Defect
461,77.17,109.61,4.96,100.5,52.63,47.79,62.03,8.11,619.4,2.74,2137.2,253.0,Milling,Composite,Morning,Expert,Line_A,0,0,1,0,1,1,0,0,0,1,0,0,0,0,0,0,No Defect
462,77.54,138.33,3.9,115.28,55.69,42.12,73.79,4.28,688.1,4.45,1648.9,298.0,Lathe,Plastic,Morning,Expert,Line_D,0,0,1,1,1,1,1,1,0,0,0,0,0,0,0,0,No Defect
463,72.41,126.51,3.24,125.05,,51.07,50.91,5.53,682.9,4.26,1959.8,522.0,Injection_Molding,Aluminum,Evening,Expert,Line_A,0,0,0,1,0,0,1,1,0,0,1,0,0,0,0,0,No Defect
464,,112.27,3.3,88.74,64.11,39.85,47.31,2.22,715.6,3.17,1192.9,454.0,CNC,Steel,Night,New,Line_C,0,0,0,0,0,0,0,0,0,0,0,0,1,1,0,0,No Defect
465,75.06,113.48,2.88,118.34,77.54,56.93,47.54,4.27,670.2,4.16,1984.4,547.0,Injection_Molding,Alloy,Evening,Intermediate,Line_A,0,0,0,0,0,0,1,1,1,0,1,0,0,0,0,1,Assembly Defect
466,75.84,114.48,1.83,96.21,60.76,41.68,47.62,4.02,790.6,2.92,1098.0,415.0,Injection_Molding,Aluminum,Morning,Expert,Line_B,0,1,0,0,0,0,0,0,0,0,0,0,0,0,0,0,No Defect
467,71.84,111.47,2.78,99.64,60.46,55.8,54.13,2.21,767.7,3.01,204.8,268.0,Injection_Molding,Composite,Night,Intermediate,Line_D,0,0,0,0,0,0,0,0,0,0,0,0,1,0,0,0,No Defect
468,71.26,,2.46,85.05,57.64,45.85,50.03,0.74,733.4,3.25,945.8,323.0,Injection_Molding,Steel,Morning,Intermediate,Line_A,0,0,0,0,0,0,0,0,0,0,0,0,0,0,0,0,No Defect
469,69.61,110.66,2.46,87.32,66.03,48.06,,3.77,832.9,2.98,621.5,340.0,CNC,Alloy,Night,Experienced,Line_B,0,1,0,0,0,0,0,0,0,0,0,0,1,0,0,0,No Defect
470,72.42,112.3,1.57,89.96,57.3,54.51,46.31,2.57,751.8,2.82,593.2,489.0,CNC,Aluminum,Morning,Experienced,Line_A,0,0,0,0,0,0,0,0,0,0,0,0,0,0,0,0,No Defect
471,82.52,113.43,2.71,110.66,63.0,54.26,42.76,2.16,,2.6,927.8,440.0,Milling,Composite,Morning,Intermediate,Line_C,0,0,1,0,0,0,1,0,0,0,0,0,0,0,0,0,No Defect
472,74.28,125.04,2.96,114.83,85.0,39.42,57.37,4.87,662.1,4.61,1660.6,513.0,CNC,Alloy,Night,Experienced,Line_C,0,0,0,1,0,0,1,1,1,0,1,0,1,0,0,1,Dimensional Defect
473,72.43,128.59,2.35,130.0,75.79,47.88,60.88,4.84,735.2,3.96,1468.0,562.0,Injection_Molding,Plastic,Evening,Intermediate,Line_A,0,0,0,1,0,0,1,1,1,0,1,0,0,0,0,0,No Defect
474,71.49,115.99,2.81,83.38,62.27,43.17,48.23,5.99,763.7,3.49,1133.9,414.0,CNC,Plastic,Night,Intermediate,Line_D,0,0,0,0,0,0,0,1,0,0,0,0,1,0,0,0,No Defect
475,74.97,129.33,3.06,88.89,75.08,50.03,56.02,4.07,697.8,4.03,1337.1,513.0,Lathe,Steel,Morning,Expert,Line_D,0,0,0,1,0,0,0,1,1,0,1,0,0,0,0,0,No Defect
476,78.88,111.56,3.1,104.92,58.41,46.01,42.38,3.37,805.5,2.77,1426.7,429.0,Milling,Aluminum,Morning,Experienced,Line_A,0,0,1,0,0,0,0,0,0,0,0,0,0,0,0,0,No Defect
477,70.66,116.95,4.47,87.19,61.29,56.46,74.24,11.83,537.8,3.19,1823.3,393.0,Milling,Alloy,Night,Expert,Line_A,1,0,0,0,1,1,0,0,0,0,0,0,1,0,0,1,Surface Defect
478,68.69,126.06,1.53,82.17,62.24,41.88,54.26,3.38,729.8,3.34,762.6,506.0,CNC,Composite,Evening,Experienced,Line_C,0,0,0,1,0,0,0,0,0,0,1,0,0,0,0,0,No Defect
479,74.22,103.49,2.03,72.16,61.36,41.19,50.87,4.32,775.2,2.57,949.7,388.0,CNC,Aluminum,Evening,Expert,Line_A,0,0,0,0,0,0,0,0,0,0,0,0,0,0,0,0,No Defect
480,75.21,112.38,2.68,89.1,66.3,43.86,48.07,3.73,739.7,3.29,100.0,383.0,Injection_Molding,Alloy,Morning,Expert,Line_D,0,0,0,0,0,0,0,0,0,0,0,0,0,0,0,0,No Defect
481,66.04,132.17,2.94,126.12,78.18,49.7,71.57,5.36,742.8,4.05,1880.2,496.0,CNC,Steel,Night,Intermediate,Line_B,0,0,0,1,0,1,1,1,1,0,0,0,1,0,0,0,No Defect
482,68.93,119.15,2.58,106.64,66.08,53.92,44.4,2.41,760.4,3.73,610.8,416.0,CNC,Aluminum,Night,Experienced,Line_C,0,0,0,0,0,0,1,1,0,0,0,0,1,0,0,0,No Defect
483,79.67,135.0,3.25,109.72,45.97,51.0,48.56,2.17,831.8,3.01,1125.7,559.0,Injection_Molding,Plastic,Evening,Expert,Line_B,0,1,1,1,0,0,1,0,0,0,1,0,0,0,1,0,No Defect
484,,123.82,3.11,82.46,49.18,48.65,49.95,1.81,767.4,2.78,1133.1,393.0,CNC,Composite,Morning,New,Line_B,0,0,0,0,0,0,0,0,0,0,0,0,0,1,0,0,No Defect
485,72.48,113.44,6.0,104.94,61.15,44.28,63.22,7.42,632.7,3.38,2411.6,470.0,Injection_Molding,Aluminum,Evening,Experienced,Line_D,0,0,0,0,1,1,0,0,0,1,0,0,0,0,0,0,No Defect
486,73.83,128.05,2.88,109.98,70.83,46.24,53.04,3.04,728.3,4.4,1584.8,485.0,Milling,Composite,Morning,New,Line_A,0,0,0,1,0,0,1,1,1,0,0,0,0,1,0,0,No Defect
487,70.93,130.73,3.35,119.22,55.01,52.26,38.86,3.46,883.1,3.32,1105.2,539.0,Press,Aluminum,Evening,Experienced,Line_B,0,1,0,1,0,0,1,0,0,0,1,0,0,0,1,0,No Defect
488,67.45,109.96,2.89,92.54,62.83,55.28,46.26,4.03,847.1,2.81,956.5,431.0,CNC,Steel,Night,Experienced,Line_C,0,1,0,0,0,0,0,0,0,0,0,0,1,0,0,1,Assembly Defect
489,73.72,119.37,2.03,85.81,64.66,45.44,45.05,6.24,764.7,3.23,299.6,378.0,Milling,Alloy,Morning,Experienced,Line_C,0,0,0,0,0,0,0,0,0,0,0,0,0,0,0,0,No Defect
490,79.78,,1.6,130.0,63.43,59.51,38.68,3.33,856.9,3.02,957.4,514.0,Press,Aluminum,Morning,Expert,Line_A,0,1,1,0,0,0,1,0,0,0,1,0,0,0,1,0,No Defect
491,73.65,116.51,2.77,93.41,75.67,47.54,46.61,4.54,723.9,3.37,700.4,228.0,Milling,Steel,Morning,Intermediate,Line_C,0,0,0,0,0,0,0,0,1,0,0,0,0,0,0,0,No Defect
492,72.18,128.45,2.85,91.75,72.65,52.86,46.53,5.1,787.1,3.59,1020.4,456.0,CNC,Steel,Evening,Intermediate,Line_B,0,0,0,1,0,0,0,1,1,0,0,0,0,0,0,0,No Defect
493,81.27,124.17,2.75,117.22,49.98,49.64,41.7,5.45,911.7,2.21,1691.0,456.0,Injection_Molding,Plastic,Evening,New,Line_A,0,1,1,0,0,0,1,0,0,0,0,0,0,1,0,0,No Defect
494,74.98,118.42,5.28,82.67,66.47,61.77,76.32,11.36,661.6,2.93,1857.9,373.0,CNC,Steel,Night,Experienced,Line_D,1,0,0,0,1,1,0,0,0,0,0,0,1,0,0,0,No Defect
495,76.83,108.45,1.76,92.46,64.93,46.39,46.01,1.48,705.4,2.52,1251.0,371.0,Lathe,Steel,Evening,Expert,Line_A,0,0,0,0,0,0,0,0,0,0,0,0,0,0,0,0,No Defect
496,73.64,113.62,1.9,83.79,53.2,53.97,44.18,8.33,731.4,3.85,943.0,401.0,Press,Alloy,Morning,New,Line_B,0,0,0,0,0,0,0,1,0,0,0,0,0,1,0,0,No Defect
497,75.49,118.31,1.98,72.59,62.46,39.34,56.09,4.88,737.7,2.28,658.7,365.0,Milling,Aluminum,Evening,Experienced,Line_D,0,0,0,0,0,0,0,0,0,0,0,0,0,0,0,0,No Defect
498,66.35,108.95,1.79,116.54,78.64,41.35,50.79,,757.0,3.28,574.4,343.0,CNC,Steel,Night,Experienced,Line_A,0,0,0,0,0,0,1,0,1,0,0,0,1,0,0,0,No Defect
499,73.81,114.19,1.64,82.66,60.81,55.69,47.44,1.32,670.6,3.24,397.6,274.0,Injection_Molding,Alloy,Evening,Intermediate,Line_B,0,0,0,0,0,0,0,0,0,0,0,0,0,0,0,0,No Defect
500,78.25,107.15,5.33,89.31,52.51,62.87,67.25,9.15,672.9,2.33,1659.9,331.0,Injection_Molding,Composite,Morning,Expert,Line_B,1,0,1,0,1,1,0,0,0,0,0,0,0,0,0,0,No Defect
501,75.67,109.99,2.24,89.62,58.69,50.14,53.65,4.47,660.0,2.67,1058.3,416.0,Injection_Molding,Plastic,Night,Intermediate,Line_C,0,0,0,0,0,0,0,0,0,0,0,0,1,0,0,0,No Defect
502,70.67,105.9,5.2,102.73,55.52,48.54,61.17,6.66,739.8,2.86,1955.5,310.0,Lathe,Aluminum,Morning,Expert,Line_B,0,0,0,0,1,0,0,0,0,0,0,0,0,0,0,0,No Defect
503,77.52,125.79,3.95,87.81,50.99,53.26,58.64,11.21,744.5,3.22,2373.5,247.0,CNC,Aluminum,Morning,Intermediate,Line_B,1,0,1,1,1,0,0,0,0,1,0,0,0,0,0,1,Surface Defect
504,76.94,131.98,3.78,104.01,52.66,59.73,43.03,3.62,757.6,2.82,1180.9,417.0,Press,Aluminum,Evening,New,Line_D,0,0,0,1,1,0,0,0,0,0,0,0,0,1,0,0,No Defect
505,76.98,120.37,3.92,98.43,76.29,46.01,70.4,2.88,613.5,3.24,1604.7,481.0,Milling,Alloy,Night,New,Line_D,0,0,0,0,1,1,0,0,1,0,0,0,1,1,0,0,No Defect
506,72.93,106.2,1.69,111.87,67.86,42.6,36.46,0.5,928.4,3.43,1432.3,388.0,CNC,Steel,Evening,Intermediate,Line_A,0,1,0,0,0,0,1,0,0,0,0,0,0,0,0,0,No Defect
507,78.18,118.93,5.04,108.69,62.52,56.64,68.53,15.11,617.7,3.83,2648.3,370.0,Press,Steel,Morning,Expert,Line_B,1,0,1,0,1,1,1,1,0,1,0,0,0,0,0,0,No Defect
508,67.31,129.16,4.57,107.82,64.98,64.59,79.32,10.18,711.4,3.3,2185.4,350.0,CNC,Alloy,Evening,Expert,Line_A,1,0,0,1,1,1,1,0,0,1,0,1,0,0,0,1,Material Defect
509,68.49,102.5,2.86,81.39,59.8,53.55,56.96,5.66,743.1,2.39,861.7,316.0,Lathe,Alloy,Morning,Experienced,Line_B,0,0,0,0,0,0,0,0,0,0,0,0,0,0,0,0,No Defect
510,73.6,114.05,3.1,105.27,58.5,42.27,42.75,2.52,831.0,2.88,1549.8,358.0,Injection_Molding,Composite,Night,Intermediate,Line_C,0,1,0,0,0,0,1,0,0,0,0,0,1,0,0,0,No Defect
511,77.28,129.38,2.87,107.55,75.71,56.99,49.12,7.03,686.3,4.37,1921.5,523.0,Injection_Molding,Aluminum,Morning,Experienced,Line_A,0,0,1,1,0,0,1,1,1,0,1,0,0,0,0,1,Dimensional Defect
512,69.78,103.73,1.6,74.53,67.05,53.12,50.93,4.61,630.8,3.29,843.3,239.0,Milling,Steel,Evening,Intermediate,Line_A,0,0,0,0,0,0,0,0,0,0,0,0,0,0,0,0,No Defect
513,74.67,112.84,1.5,75.59,60.57,60.64,38.11,4.5,750.3,2.65,713.3,358.0,Lathe,Composite,Night,Intermediate,Line_B,0,0,0,0,0,0,0,0,0,0,0,0,1,0,0,0,No Defect
514,71.74,128.37,3.31,105.03,58.88,66.99,57.66,11.01,711.8,2.74,1961.3,397.0,Milling,Aluminum,Morning,New,Line_A,1,0,0,1,0,0,1,0,0,0,0,1,0,1,0,0,No Defect
515,75.35,125.55,4.54,97.79,60.04,56.45,55.43,11.73,643.8,3.27,1461.5,321.0,Lathe,Steel,Morning,Intermediate,Line_D,1,0,0,1,1,0,0,0,0,0,0,0,0,0,0,0,No Defect
516,78.97,111.03,2.62,102.04,70.91,60.61,43.77,7.53,850.9,2.9,947.9,360.0,Milling,Composite,Night,New,Line_A,0,1,1,0,0,0,0,0,1,0,0,0,1,1,0,1,Structural Defect
517,69.98,114.05,2.38,90.63,51.82,51.02,44.81,3.81,681.7,3.15,712.7,401.0,Injection_Molding,Composite,Night,Expert,Line_B,0,0,0,0,0,0,0,0,0,0,0,0,1,0,0,0,No Defect
518,70.73,105.77,4.31,123.2,59.23,53.66,57.26,9.27,702.7,3.51,2605.9,379.0,Injection_Molding,Composite,Night,Expert,Line_A,1,0,0,0,1,0,1,0,0,1,0,0,1,0,0,0,No Defect
519,73.34,121.26,3.77,120.57,60.69,55.9,47.0,3.62,834.9,3.45,1649.2,375.0,Press,Steel,Evening,Expert,Line_D,0,1,0,0,1,0,1,0,0,0,0,0,0,0,0,0,No Defect
520,81.41,134.31,2.21,124.02,70.64,52.9,54.65,4.43,762.5,3.56,2011.9,478.0,Press,Aluminum,Evening,New,Line_A,0,0,1,1,0,0,1,0,1,1,1,0,0,1,0,0,No Defect
521,74.55,117.56,4.2,126.61,66.74,64.62,39.96,10.85,757.9,2.72,2044.9,144.0,Injection_Molding,Alloy,Morning,Expert,Line_A,1,0,0,0,1,0,1,0,0,1,0,1,0,0,0,1,Surface Defect
522,73.75,127.27,2.44,102.58,57.44,59.32,46.18,3.14,899.5,3.18,1679.5,482.0,Milling,Plastic,Evening,Expert,Line_D,0,1,0,1,0,0,0,0,0,0,0,0,0,0,1,1,Assembly Defect
523,70.28,116.46,2.07,67.23,63.36,46.83,50.87,4.35,628.6,3.2,834.7,365.0,Milling,Steel,Evening,Expert,Line_D,0,0,0,0,0,0,0,0,0,0,0,0,0,0,0,0,No Defect
524,74.66,113.34,3.21,119.41,64.61,55.23,31.02,5.27,863.9,2.76,1443.9,497.0,CNC,Alloy,Night,New,Line_A,0,1,0,0,0,0,1,0,0,0,0,0,1,1,1,0,No Defect
525,66.09,123.69,2.31,92.11,70.75,45.03,33.34,4.06,748.5,3.89,425.0,311.0,CNC,Alloy,Evening,Experienced,Line_C,0,0,0,0,0,0,0,1,1,0,0,0,0,0,0,0,No Defect
526,69.61,107.4,2.38,97.3,77.98,41.94,55.07,4.9,817.8,3.43,1005.8,507.0,CNC,Alloy,Morning,Expert,Line_B,0,1,0,0,0,0,0,0,1,0,1,0,0,0,1,1,Material Defect
527,79.25,117.19,4.7,109.5,84.23,56.68,59.45,14.89,727.7,3.4,2026.3,403.0,Milling,Steel,Night,Intermediate,Line_B,1,0,1,0,1,0,1,0,1,1,0,0,1,0,0,1,Material Defect
528,71.8,122.08,2.95,120.35,79.35,48.3,50.66,6.02,675.8,4.84,1940.9,475.0,Milling,Aluminum,Morning,Experienced,Line_C,0,0,0,0,0,0,1,1,1,0,0,0,0,0,0,0,No Defect
529,63.54,122.29,2.57,90.87,55.01,48.2,,4.66,729.8,3.5,992.8,396.0,CNC,Plastic,Morning,New,Line_D,0,0,0,0,0,0,0,0,0,0,0,0,0,1,0,0,No Defect
530,74.67,128.72,2.58,123.5,63.51,41.82,39.58,0.66,836.6,2.92,1091.3,490.0,Injection_Molding,Steel,Morning,Intermediate,Line_B,0,1,0,1,0,0,1,0,0,0,0,0,0,0,1,0,No Defect
531,74.18,120.26,2.14,82.75,61.98,35.0,57.39,3.89,760.2,,894.2,486.0,CNC,Aluminum,Morning,Experienced,Line_D,0,0,0,0,0,0,0,0,0,0,0,0,0,0,0,0,No Defect
532,77.41,124.39,2.65,72.58,50.42,39.43,57.06,4.21,692.8,3.19,601.9,321.0,CNC,Plastic,Morning,Expert,Line_D,0,0,1,0,0,0,0,0,0,0,0,0,0,0,0,0,No Defect
533,70.24,114.2,1.83,75.55,64.04,51.83,49.56,2.47,698.9,2.06,,345.0,Lathe,Steel,Night,Expert,Line_B,0,0,0,0,0,0,0,0,0,0,0,0,1,0,0,0,No Defect
534,70.71,114.21,5.11,103.35,60.96,53.16,56.15,13.18,686.4,3.18,1879.0,430.0,CNC,Alloy,Morning,Expert,Line_A,1,0,0,0,1,0,0,0,0,0,0,0,0,0,0,0,No Defect
535,75.2,127.53,3.07,130.0,85.0,44.1,67.7,4.14,671.6,5.03,2198.6,417.0,Lathe,Steel,Morning,Intermediate,Line_B,0,0,0,1,0,1,1,1,1,1,0,0,0,0,0,0,No Defect
536,78.3,110.37,3.96,84.03,56.65,60.73,55.44,8.01,715.7,3.08,2131.6,475.0,Injection_Molding,Aluminum,Evening,Experienced,Line_C,1,0,1,0,1,0,0,0,0,1,0,0,0,0,0,1,Dimensional Defect
537,71.36,110.12,2.07,101.17,64.63,43.67,52.59,1.38,747.7,2.78,1025.0,259.0,Press,Alloy,Evening,Experienced,Line_A,0,0,0,0,0,0,0,0,0,0,0,0,0,0,0,0,No Defect
538,66.61,117.94,2.37,78.56,,38.7,42.21,4.43,817.8,2.69,1036.8,387.0,CNC,Plastic,Evening,Intermediate,Line_A,0,0,0,0,0,0,0,0,0,0,0,0,0,0,0,0,No Defect
539,75.14,98.81,4.24,119.6,60.25,49.26,80.45,9.89,663.0,2.99,2321.8,428.0,Milling,Aluminum,Evening,Expert,Line_B,1,0,0,0,1,1,1,0,0,1,0,0,0,0,0,0,No Defect
540,82.22,126.16,2.66,116.94,66.99,46.9,43.01,4.64,,3.39,1197.3,395.0,CNC,Steel,Night,Expert,Line_B,0,0,1,1,0,0,1,0,0,0,0,0,1,0,0,0,No Defect
541,75.04,112.37,2.54,83.21,58.25,56.66,48.88,5.17,838.6,3.83,1105.6,377.0,Lathe,Steel,Evening,Expert,Line_A,0,1,0,0,0,0,0,1,0,0,0,0,0,0,0,0,No Defect
542,76.73,110.26,2.19,80.29,55.34,46.64,48.27,6.13,725.6,2.96,607.1,334.0,Press,Aluminum,Morning,Expert,Line_D,0,0,0,0,0,0,0,0,0,0,0,0,0,0,0,0,No Defect
543,69.33,113.35,1.65,80.75,52.36,49.69,46.32,3.6,747.9,2.92,835.2,298.0,Press,Alloy,Morning,Expert,Line_C,0,0,0,0,0,0,0,0,0,0,0,0,0,0,0,0,No Defect
544,76.62,90.0,4.02,103.02,48.74,49.58,57.85,11.19,745.3,3.61,2298.7,352.0,Lathe,Plastic,Evening,New,Line_C,1,0,0,0,1,0,0,0,0,1,0,0,0,1,0,0,No Defect
545,75.42,140.0,2.17,101.27,72.23,50.02,59.78,2.17,717.0,4.81,2089.9,512.0,Press,Alloy,Morning,Intermediate,Line_D,0,0,0,1,0,0,1,1,1,1,1,0,0,0,0,0,No Defect
546,72.51,119.42,1.61,83.53,55.13,61.47,50.12,3.57,715.9,3.35,838.6,316.0,Lathe,Composite,Morning,Expert,Line_C,0,0,0,0,0,0,0,0,0,0,0,0,0,0,0,0,No Defect
547,77.44,115.67,2.16,87.85,61.51,45.22,42.72,3.5,746.7,3.54,1192.7,338.0,Injection_Molding,Steel,Evening,Experienced,Line_C,0,0,1,0,0,0,0,0,0,0,0,0,0,0,0,0,No Defect
548,82.97,108.03,2.89,105.02,59.38,51.78,,0.83,891.5,2.9,1063.5,534.0,Press,Alloy,Evening,New,Line_B,0,1,1,0,0,0,1,0,0,0,1,0,0,1,1,0,No Defect
549,63.0,112.88,4.79,117.92,68.64,59.23,59.63,11.4,704.1,3.2,2588.7,,CNC,Alloy,Night,Experienced,Line_C,1,0,0,0,1,1,1,0,0,1,0,0,1,0,0,1,Material Defect
550,71.88,114.82,4.1,97.25,56.82,57.6,62.22,12.6,753.4,3.08,2691.6,278.0,Milling,Aluminum,Morning,Intermediate,Line_A,1,0,0,0,1,1,0,0,0,1,0,0,0,0,0,0,No Defect
551,73.58,129.19,2.51,124.07,69.66,47.41,64.82,6.09,595.1,4.73,2047.9,416.0,Lathe,Alloy,Morning,Experienced,Line_C,0,0,0,1,0,1,1,1,0,1,0,0,0,0,0,0,No Defect
552,72.98,112.08,4.19,84.67,,52.77,62.93,9.83,672.3,2.95,1886.1,357.0,Injection_Molding,Alloy,Night,Experienced,Line_A,1,0,0,0,1,1,0,0,0,0,0,0,1,0,0,1,Structural Defect
553,71.54,104.36,3.89,91.55,65.74,50.61,52.63,2.51,748.6,3.97,1209.9,347.0,Lathe,Steel,Night,Experienced,Line_A,0,0,0,0,1,0,0,1,0,0,0,0,1,0,0,0,No Defect
554,76.26,,2.44,122.69,55.19,56.29,32.67,2.48,872.8,2.12,674.5,543.0,CNC,Aluminum,Morning,Experienced,Line_B,0,1,0,0,0,0,1,0,0,0,1,0,0,0,1,0,No Defect
555,75.7,106.73,5.86,88.67,59.84,60.46,68.87,13.78,686.8,2.51,1891.3,468.0,Injection_Molding,Aluminum,Morning,Expert,Line_B,1,0,1,0,1,1,0,0,0,0,0,0,0,0,0,0,No Defect
556,70.8,140.0,2.64,119.99,79.54,60.17,56.92,4.05,682.5,4.0,1519.1,462.0,Milling,Steel,Evening,Experienced,Line_B,0,0,0,1,0,0,1,1,1,0,0,0,0,0,0,1,Structural Defect
557,80.45,125.54,3.05,121.63,69.63,47.83,72.02,5.86,687.9,3.3,1619.1,389.0,CNC,Composite,Morning,Expert,Line_D,0,0,1,1,0,1,1,0,0,0,0,0,0,0,0,1,Material Defect
558,71.62,112.48,1.87,82.55,57.21,44.46,55.52,5.21,661.6,2.99,1150.2,328.0,Milling,Aluminum,Morning,Experienced,Line_C,0,0,0,0,0,0,0,0,0,0,0,0,0,0,0,0,No Defect
559,71.89,116.65,2.55,88.82,65.38,43.37,48.57,4.58,681.5,3.1,439.9,454.0,Press,Steel,Morning,Experienced,Line_C,0,0,0,0,0,0,0,0,0,0,0,0,0,0,0,0,No Defect
560,75.87,122.97,3.22,121.73,83.1,47.92,54.59,6.65,738.8,4.57,2004.1,345.0,Lathe,Alloy,Evening,Expert,Line_A,0,0,0,0,0,0,1,1,1,1,0,0,0,0,0,0,No Defect
561,70.21,110.79,2.25,72.88,59.71,52.03,42.61,5.06,727.3,2.82,1101.7,390.0,CNC,Alloy,Night,Experienced,Line_D,0,0,0,0,0,0,0,0,0,0,0,0,1,0,0,0,No Defect
562,70.23,111.28,4.51,110.87,71.84,57.22,49.69,10.41,753.7,3.52,2099.6,371.0,Milling,Steel,Night,Experienced,Line_A,1,0,0,0,1,0,1,0,1,1,0,0,1,0,0,1,Dimensional Defect
563,81.7,116.86,3.92,118.19,54.24,55.5,66.0,10.32,716.8,2.62,1589.3,382.0,Injection_Molding,Alloy,Evening,Experienced,Line_D,1,0,1,0,1,1,1,0,0,0,0,0,0,0,0,1,Structural Defect
564,76.96,131.28,3.49,130.0,69.25,54.6,55.75,9.24,780.8,3.67,1541.0,,Milling,Plastic,Morning,Expert,Line_A,1,0,0,1,0,0,1,0,0,0,0,0,0,0,0,0,No Defect
565,78.72,120.1,2.44,111.5,70.18,49.91,60.33,5.99,687.9,4.83,1783.5,586.0,Lathe,Steel,Evening,Intermediate,Line_B,0,0,1,0,0,1,1,1,1,0,1,0,0,0,0,1,Surface Defect
566,68.77,116.03,3.41,97.76,60.91,53.95,59.3,1.23,793.3,3.27,1177.1,411.0,Injection_Molding,Composite,Morning,Intermediate,Line_C,0,0,0,0,1,0,0,0,0,0,0,0,0,0,0,0,No Defect
567,71.45,116.31,2.38,83.19,55.67,54.71,27.9,1.88,712.6,3.62,1150.0,440.0,Lathe,Alloy,Morning,New,Line_A,0,0,0,0,0,0,0,0,0,0,0,0,0,1,0,0,No Defect
568,73.46,112.44,1.6,,55.26,47.35,43.85,2.18,723.6,3.51,1005.6,329.0,Milling,Steel,Morning,Experienced,Line_D,0,0,0,0,0,0,0,0,0,0,0,0,0,0,0,0,No Defect
569,67.76,108.35,2.12,78.51,49.7,54.98,48.59,3.46,741.8,2.92,1172.0,323.0,CNC,Plastic,Night,Intermediate,Line_A,0,0,0,0,0,0,0,0,0,0,0,0,1,0,0,0,No Defect
570,74.49,102.09,5.18,100.99,48.43,51.06,60.07,13.09,812.2,2.89,2674.7,397.0,Injection_Molding,Aluminum,Morning,Experienced,Line_C,1,0,0,0,1,0,0,0,0,1,0,0,0,0,0,1,Structural Defect
571,75.94,116.66,4.39,90.72,68.42,56.53,54.77,10.62,728.0,3.2,2013.6,301.0,Milling,Aluminum,Morning,Expert,Line_C,1,0,0,0,1,0,0,0,0,1,0,0,0,0,0,1,Structural Defect
572,76.21,135.66,2.17,109.29,54.99,51.59,42.79,3.05,748.1,3.87,1616.4,343.0,Lathe,Aluminum,Night,New,Line_C,0,0,0,1,0,0,1,1,0,0,0,0,1,1,0,1,Structural Defect
573,81.4,122.52,3.13,109.98,59.11,48.03,35.27,3.97,838.2,2.95,1599.4,533.0,Lathe,Aluminum,Evening,New,Line_B,0,1,1,1,0,0,1,0,0,0,1,0,0,1,1,0,No Defect
574,72.43,109.17,2.38,94.31,66.44,42.12,51.21,3.35,811.1,2.8,831.1,445.0,Injection_Molding,Alloy,Evening,New,Line_C,0,0,0,0,0,0,0,0,0,0,0,0,0,1,0,0,No Defect
575,,127.11,2.73,125.05,66.25,47.55,67.85,5.75,687.6,4.74,1862.6,409.0,Press,Aluminum,Morning,Intermediate,Line_D,0,0,0,1,0,1,1,1,0,0,0,0,0,0,0,0,No Defect
576,77.24,108.54,5.17,97.75,66.21,66.54,67.52,12.74,660.4,3.89,2142.9,377.0,Injection_Molding,Plastic,Morning,New,Line_B,1,0,1,0,1,1,0,1,0,1,0,1,0,1,0,0,No Defect
577,77.41,118.63,2.12,114.11,57.5,35.0,46.25,5.52,748.0,2.81,1083.9,344.0,Injection_Molding,Aluminum,Evening,New,Line_C,0,0,1,0,0,0,1,0,0,0,0,0,0,1,0,0,No Defect
578,72.66,117.32,2.34,112.02,69.59,43.32,59.77,5.55,678.3,4.62,1952.9,432.0,Injection_Molding,Steel,Morning,New,Line_C,0,0,0,0,0,1,1,1,0,0,0,0,0,1,0,1,Assembly Defect
579,,110.3,2.59,120.48,67.21,51.78,43.21,3.12,848.0,2.79,1848.6,498.0,Lathe,Alloy,Morning,Intermediate,Line_A,0,1,0,0,0,0,1,0,0,0,0,0,0,0,1,0,No Defect
580,73.49,119.74,3.25,106.52,67.14,53.91,52.35,3.48,824.3,2.8,1139.9,463.0,Injection_Molding,Alloy,Morning,Expert,Line_B,0,1,0,0,0,0,1,0,0,0,0,0,0,0,0,0,No Defect
581,69.33,124.42,2.85,88.68,58.78,51.96,46.05,,803.9,3.51,967.3,316.0,Milling,Plastic,Evening,Experienced,Line_A,0,0,0,0,0,0,0,0,0,0,0,0,0,0,0,0,No Defect
582,73.96,135.94,2.61,83.59,62.69,40.24,43.14,2.9,731.2,3.23,1014.8,496.0,Lathe,Aluminum,Evening,Experienced,Line_A,0,0,0,1,0,0,0,0,0,0,1,0,0,0,0,0,No Defect
583,80.25,117.76,,115.05,59.5,50.79,43.1,4.41,901.1,3.17,1396.9,436.0,Milling,Composite,Night,Expert,Line_A,0,1,1,0,0,0,1,0,0,0,0,0,1,0,0,0,No Defect
584,74.7,112.79,1.51,76.35,55.3,49.41,37.88,2.74,717.6,3.24,895.4,324.0,CNC,Composite,Night,Intermediate,Line_C,0,0,0,0,0,0,0,0,0,0,0,0,1,0,0,0,No Defect
585,74.35,110.6,2.77,92.54,69.01,48.38,64.33,10.43,660.9,3.19,2227.6,557.0,Milling,Steel,Evening,Experienced,Line_A,1,0,0,0,0,1,0,0,0,1,1,0,0,0,0,0,No Defect
586,74.16,116.52,3.05,112.22,49.65,47.83,41.07,4.38,914.6,3.26,1116.1,513.0,Lathe,Plastic,Evening,Intermediate,Line_B,0,1,0,0,0,0,1,0,0,0,1,0,0,0,1,0,No Defect
587,73.9,105.89,5.5,95.75,67.34,68.13,75.23,11.18,750.2,3.11,2246.0,414.0,CNC,Alloy,Evening,Intermediate,Line_A,1,0,0,0,1,1,0,0,1,1,0,1,0,0,0,1,Structural Defect
588,70.94,116.91,3.51,82.04,63.66,56.62,52.98,6.4,794.7,3.41,1339.0,546.0,Injection_Molding,Alloy,Night,Expert,Line_D,0,0,0,0,0,0,0,0,0,0,1,0,1,0,1,1,Surface Defect
589,66.78,124.0,1.71,94.76,58.82,52.54,48.9,5.13,706.5,2.73,1395.7,429.0,Press,Aluminum,Morning,New,Line_B,0,0,0,0,0,0,0,0,0,0,0,0,0,1,0,0,No Defect
590,71.5,101.42,3.52,84.24,55.27,54.36,64.99,10.41,667.4,3.17,2454.5,493.0,CNC,Composite,Evening,Experienced,Line_C,1,0,0,0,1,1,0,0,0,1,0,0,0,0,0,0,No Defect
591,83.88,134.52,2.75,127.4,59.9,58.5,43.36,3.13,830.2,3.15,904.9,512.0,Press,Steel,Morning,Intermediate,Line_A,0,1,1,1,0,0,1,0,0,0,1,0,0,0,1,0,No Defect
592,72.09,124.87,3.2,98.67,63.03,41.97,,3.24,725.2,3.85,459.8,352.0,CNC,Alloy,Morning,Intermediate,Line_A,0,0,0,0,0,0,0,1,0,0,0,0,0,0,0,0,No Defect
593,65.73,104.08,2.79,,52.87,55.97,46.12,4.24,736.1,2.35,337.2,240.0,Milling,Plastic,Night,Expert,Line_A,0,0,0,0,0,0,0,0,0,0,0,0,1,0,0,0,No Defect
594,75.98,117.11,3.5,112.45,57.3,62.22,44.16,6.33,794.8,3.16,1611.2,485.0,CNC,Aluminum,Morning,Experienced,Line_A,0,0,0,0,0,0,1,0,0,0,0,1,0,0,1,0,No Defect
595,70.87,128.38,2.27,124.4,64.55,48.14,62.35,4.96,695.1,3.65,1354.3,411.0,Injection_Molding,Aluminum,Evening,Experienced,Line_B,0,0,0,1,0,1,1,0,0,0,0,0,0,0,0,0,No Defect
596,75.41,133.85,2.61,119.56,70.75,52.15,50.22,6.22,743.4,3.54,1157.2,474.0,Milling,Aluminum,Night,Experienced,Line_C,0,0,0,1,0,0,1,0,1,0,0,0,1,0,0,1,Material Defect
597,69.61,128.88,2.05,107.12,,46.42,59.65,4.17,764.3,2.83,792.5,477.0,Lathe,Aluminum,Evening,Experienced,Line_B,0,0,0,1,0,0,1,0,0,0,0,0,0,0,0,0,No Defect
598,73.11,111.1,5.21,92.81,62.93,49.5,71.56,12.98,710.4,3.87,2148.3,348.0,Milling,Composite,Morning,Experienced,Line_C,1,0,0,0,1,1,0,1,0,1,0,0,0,0,0,1,Material Defect
599,78.36,123.74,3.57,130.0,74.97,49.68,58.71,4.94,758.5,3.28,1909.0,441.0,Press,Aluminum,Night,New,Line_C,0,0,1,0,1,0,1,0,1,0,0,0,1,1,0,0,No Defect
600,72.4,113.56,2.6,69.49,56.95,49.61,44.98,6.26,707.3,3.51,507.5,468.0,CNC,Plastic,Morning,Experienced,Line_A,0,0,0,0,0,0,0,0,0,0,0,0,0,0,0,0,No Defect
601,68.16,119.96,2.4,96.99,70.17,37.5,49.71,5.38,729.4,2.94,957.0,388.0,CNC,Alloy,Morning,Expert,Line_B,0,0,0,0,0,0,0,0,1,0,0,0,0,0,0,0,No Defect
602,70.75,108.31,2.67,72.4,57.67,40.04,45.25,1.16,719.5,3.1,728.4,326.0,Lathe,Composite,Evening,Intermediate,Line_A,0,0,0,0,0,0,0,0,0,0,0,0,0,0,0,0,No Defect
603,83.11,128.48,3.02,101.2,64.24,48.63,66.99,7.16,631.5,3.86,1899.9,440.0,Injection_Molding,Composite,Morning,Intermediate,Line_C,0,0,1,1,0,1,0,1,0,0,0,0,0,0,0,0,No Defect
604,75.43,118.45,2.78,99.83,70.61,50.21,40.65,1.08,817.1,1.95,1186.8,492.0,Milling,Alloy,Night,New,Line_B,0,1,0,0,0,0,0,0,1,0,0,0,1,1,1,0,No Defect
605,71.32,106.19,4.89,84.82,50.53,57.12,67.22,12.48,666.9,3.73,2207.8,384.0,Milling,Plastic,Evening,Experienced,Line_C,1,0,0,0,1,1,0,1,0,1,0,0,0,0,0,1,Surface Defect
606,81.09,122.59,3.08,113.02,66.78,45.42,37.25,4.89,857.8,3.14,1314.0,546.0,Lathe,Aluminum,Morning,Experienced,Line_D,0,1,1,0,0,0,1,0,0,0,1,0,0,0,1,0,No Defect
607,72.27,118.19,3.05,75.08,63.39,46.77,48.11,2.13,727.3,3.35,527.2,410.0,Milling,Steel,Evening,Expert,Line_D,0,0,0,0,0,0,0,0,0,0,0,0,0,0,0,0,No Defect
608,68.84,112.16,2.18,87.51,64.53,45.21,45.58,7.32,808.4,1.94,812.9,459.0,Injection_Molding,Alloy,Evening,Intermediate,Line_D,0,0,0,0,0,0,0,0,0,0,0,0,0,0,0,0,No Defect
609,74.22,140.0,2.89,111.36,77.71,57.68,63.99,8.72,732.3,4.68,1603.1,462.0,Injection_Molding,Composite,Morning,Intermediate,Line_A,0,0,0,1,0,1,1,1,1,0,0,0,0,0,0,0,No Defect
610,73.82,124.6,3.4,117.72,65.57,40.72,48.03,7.8,722.9,4.12,1640.0,534.0,Milling,Composite,Morning,Experienced,Line_D,0,0,0,0,1,0,1,1,0,0,1,0,0,0,0,0,No Defect
611,72.88,115.64,2.16,123.6,80.87,59.57,75.66,4.24,687.2,4.15,1906.2,511.0,Lathe,Steel,Morning,Expert,Line_D,0,0,0,0,0,1,1,1,1,0,1,0,0,0,0,0,No Defect
612,77.83,115.75,3.26,116.75,74.65,53.29,31.66,2.61,872.4,2.8,1250.0,378.0,Lathe,Steel,Evening,Experienced,Line_B,0,1,1,0,0,0,1,0,1,0,0,0,0,0,0,1,Material Defect
613,77.2,116.78,3.66,109.62,53.65,47.61,43.11,6.44,811.3,2.53,1171.0,608.0,Milling,Plastic,Morning,New,Line_C,0,0,1,0,0,0,1,0,0,0,1,0,0,1,1,0,No Defect
614,74.71,109.89,2.96,108.4,68.73,47.94,66.33,3.33,682.5,3.77,1455.0,425.0,Milling,Plastic,Night,Intermediate,Line_C,0,0,0,0,0,1,1,1,0,0,0,0,1,0,0,0,No Defect
615,68.31,109.27,2.88,91.0,58.17,61.24,42.02,2.87,779.6,3.76,1014.3,361.0,CNC,Steel,Evening,Experienced,Line_C,0,0,0,0,0,0,0,1,0,0,0,0,0,0,0,0,No Defect
616,71.25,126.8,2.88,79.31,68.19,50.18,51.18,3.38,638.3,3.67,944.6,340.0,Lathe,Steel,Evening,Intermediate,Line_D,0,0,0,1,0,0,0,0,0,0,0,0,0,0,0,0,No Defect
617,75.01,137.9,2.89,130.0,70.86,50.38,65.66,4.79,654.7,4.13,1551.1,536.0,Press,Composite,Evening,New,Line_C,0,0,0,1,0,1,1,1,1,0,1,0,0,1,0,1,Material Defect
618,76.04,125.48,3.42,95.88,55.62,44.29,51.62,,796.3,2.65,1494.4,462.0,CNC,Plastic,Morning,Intermediate,Line_A,0,0,1,1,0,0,0,0,0,0,0,0,0,0,0,1,Material Defect
619,76.76,121.95,2.29,75.1,64.42,61.06,50.73,0.68,703.1,2.6,604.6,384.0,Lathe,Alloy,Evening,Intermediate,Line_D,0,0,0,0,0,0,0,0,0,0,0,0,0,0,0,0,No Defect
620,76.6,112.79,1.76,101.72,71.0,44.6,44.7,6.71,762.6,3.49,1037.3,464.0,Press,Steel,Evening,Expert,Line_A,0,0,0,0,0,0,1,0,1,0,0,0,0,0,1,1,Material Defect
621,71.15,107.98,1.75,70.33,48.58,60.82,44.66,4.68,669.8,3.48,814.3,361.0,CNC,Composite,Evening,Intermediate,Line_D,0,0,0,0,0,0,0,0,0,0,0,0,0,0,0,1,Dimensional Defect
622,74.88,101.49,6.0,103.6,66.12,48.81,74.06,9.66,721.7,3.06,1713.1,,Lathe,Steel,Morning,Intermediate,Line_A,1,0,0,0,1,1,1,0,0,0,0,0,0,0,0,1,Structural Defect
623,75.76,108.97,2.11,83.51,57.83,54.57,51.72,2.79,705.6,2.82,1074.1,275.0,Injection_Molding,Alloy,Night,Expert,Line_D,0,0,0,0,0,0,0,0,0,0,0,0,1,0,0,0,No Defect
624,74.58,109.74,2.99,80.16,67.45,44.13,50.68,1.35,803.7,2.72,1117.1,477.0,CNC,Steel,Morning,Expert,Line_C,0,0,0,0,0,0,0,0,0,0,0,0,0,0,1,0,No Defect
625,74.4,107.86,5.27,115.91,57.26,53.14,55.26,9.29,761.6,2.5,1862.4,377.0,Press,Aluminum,Evening,Expert,Line_B,1,0,0,0,1,0,1,0,0,0,0,0,0,0,0,0,No Defect
626,81.8,116.34,4.41,126.43,63.44,61.24,56.53,11.0,712.0,3.58,2629.9,209.0,Press,Aluminum,Evening,Intermediate,Line_A,1,0,1,0,1,0,1,0,0,1,0,0,0,0,0,0,No Defect
627,76.01,118.04,2.13,89.58,74.96,50.08,56.0,2.22,718.9,3.71,848.3,451.0,Lathe,Steel,Night,Expert,Line_B,0,0,0,0,0,0,0,1,1,0,0,0,1,0,0,0,No Defect
628,75.15,109.27,1.99,80.13,60.62,54.14,39.06,5.74,780.9,3.24,916.6,314.0,Milling,Steel,Morning,Expert,Line_A,0,0,0,0,0,0,0,0,0,0,0,0,0,0,0,0,No Defect
629,80.12,125.01,3.99,104.34,52.37,51.86,54.58,12.16,844.1,3.32,2511.4,461.0,Press,Plastic,Night,Experienced,Line_B,1,1,1,1,1,0,0,0,0,1,0,0,1,0,0,1,Structural Defect
630,72.22,123.68,3.37,109.08,72.84,50.54,57.43,5.17,653.8,3.57,2401.4,408.0,CNC,Plastic,Evening,Experienced,Line_D,0,0,0,0,0,0,1,0,1,1,0,0,0,0,0,0,No Defect
631,81.49,131.0,2.96,112.67,50.79,35.0,33.57,3.79,875.0,2.87,822.9,506.0,CNC,Aluminum,Evening,Experienced,Line_D,0,1,1,1,0,0,1,0,0,0,1,0,0,0,1,1,Structural Defect
632,70.14,106.03,3.67,85.58,55.23,42.76,57.1,6.48,778.8,2.82,745.8,536.0,Injection_Molding,Aluminum,Morning,New,Line_C,0,0,0,0,1,0,0,0,0,0,1,0,0,1,0,0,No Defect
633,74.14,115.42,3.0,100.68,53.72,53.44,64.75,9.7,644.4,2.65,1901.6,413.0,Injection_Molding,Plastic,Morning,Experienced,Line_D,1,0,0,0,0,1,0,0,0,1,0,0,0,0,0,0,No Defect
634,77.4,125.78,3.44,125.54,76.29,45.59,,4.58,727.4,4.38,1254.8,516.0,Press,Aluminum,Morning,Expert,Line_B,0,0,1,1,0,0,1,1,1,0,1,0,0,0,0,0,No Defect
635,73.14,132.77,2.24,101.93,85.0,57.95,57.78,6.03,727.7,3.96,1673.7,454.0,CNC,Steel,Evening,Experienced,Line_C,0,0,0,1,0,0,0,1,1,0,0,0,0,0,0,0,No Defect
636,71.24,113.73,5.56,83.19,50.97,43.86,52.55,11.53,824.4,2.74,1892.0,374.0,Injection_Molding,Aluminum,Evening,Experienced,Line_B,1,1,0,0,1,0,0,0,0,0,0,0,0,0,0,0,No Defect
637,80.25,127.14,4.82,104.76,60.71,64.02,63.78,11.37,772.5,3.42,2036.1,383.0,Injection_Molding,Alloy,Evening,Experienced,Line_C,1,0,1,1,1,1,0,0,0,1,0,1,0,0,0,1,Surface Defect
638,67.23,116.22,2.06,61.18,57.93,,56.39,6.47,643.1,2.96,966.4,374.0,Lathe,Plastic,Night,New,Line_B,0,0,0,0,0,0,0,0,0,0,0,0,1,1,0,0,No Defect
639,77.94,127.1,2.65,116.61,79.51,47.9,65.7,5.6,738.4,3.97,1610.5,384.0,Milling,Alloy,Morning,New,Line_D,0,0,1,1,0,1,1,1,1,0,0,0,0,1,0,1,Structural Defect
640,76.32,132.0,3.52,94.15,53.42,58.84,61.88,11.69,719.6,,2104.8,336.0,Milling,Plastic,Morning,New,Line_C,1,0,0,1,0,0,0,0,0,1,0,0,0,1,0,0,No Defect
641,72.95,127.1,2.41,114.9,68.09,42.37,47.83,3.67,673.7,3.88,1816.9,393.0,Injection_Molding,Steel,Evening,Intermediate,Line_A,0,0,0,1,0,0,1,1,0,1,0,0,0,0,0,0,No Defect
642,75.06,126.76,1.96,86.91,70.54,46.45,55.04,5.99,734.9,3.19,1033.0,479.0,Milling,Steel,Morning,New,Line_A,0,0,0,1,0,0,0,0,1,0,0,0,0,1,0,0,No Defect
643,73.77,111.9,1.8,104.86,57.92,53.02,35.79,,877.8,3.02,1123.6,632.0,CNC,Composite,Night,Experienced,Line_B,0,1,0,0,0,0,0,0,0,0,1,0,1,0,1,0,No Defect
644,77.44,132.1,2.03,111.49,70.98,38.23,67.5,6.94,717.1,3.37,1813.7,524.0,Injection_Molding,Plastic,Morning,New,Line_B,0,0,1,1,0,1,1,0,1,0,1,0,0,1,0,1,Material Defect
645,79.67,131.52,3.32,113.95,57.85,51.68,34.23,4.1,889.3,2.01,884.1,424.0,Lathe,Composite,Morning,Experienced,Line_B,0,1,1,1,0,0,1,0,0,0,0,0,0,0,0,0,No Defect
646,79.18,115.89,1.0,83.45,69.5,49.05,62.72,4.03,709.3,3.53,929.7,429.0,CNC,Steel,Night,Intermediate,Line_A,0,0,1,0,0,1,0,0,0,0,0,0,1,0,0,0,No Defect
647,72.17,119.53,4.8,116.56,69.37,59.98,54.97,12.41,763.4,3.53,2145.8,334.0,Lathe,Steel,Morning,New,Line_D,1,0,0,0,1,0,1,0,0,1,0,0,0,1,0,0,No Defect
648,76.36,111.56,5.5,94.3,57.96,54.39,69.3,10.83,584.3,3.96,1787.5,257.0,Lathe,Steel,Evening,Experienced,Line_A,1,0,0,0,1,1,0,1,0,0,0,0,0,0,0,1,Dimensional Defect
649,68.96,117.58,2.71,67.31,63.34,47.71,58.0,5.18,742.9,3.11,1099.6,379.0,CNC,Steel,Evening,Experienced,Line_A,0,0,0,0,0,0,0,0,0,0,0,0,0,0,0,0,No Defect
650,69.91,104.68,6.0,81.83,62.02,50.24,56.72,14.65,677.3,3.33,1704.5,454.0,Lathe,Composite,Evening,Experienced,Line_D,1,0,0,0,1,0,0,0,0,0,0,0,0,0,0,0,No Defect
651,72.55,,5.33,109.11,65.23,47.72,69.58,10.35,709.4,2.69,1813.3,406.0,CNC,Steel,Evening,New,Line_D,1,0,0,0,1,1,1,0,0,1,0,0,0,1,0,1,Dimensional Defect
652,71.2,135.05,2.91,120.61,78.67,46.31,62.99,,648.0,4.37,1907.5,440.0,CNC,Alloy,Morning,New,Line_C,0,0,0,1,0,1,1,1,1,0,0,0,0,1,0,0,No Defect
653,71.34,123.77,3.94,90.11,58.2,48.6,66.17,10.89,666.1,2.74,2103.9,297.0,Lathe,Aluminum,Evening,Intermediate,Line_A,1,0,0,0,1,1,0,0,0,1,0,0,0,0,0,0,No Defect
654,82.95,120.62,2.97,117.45,59.37,55.8,40.41,0.5,801.2,3.16,1340.4,480.0,Injection_Molding,Alloy,Night,Experienced,Line_D,0,0,1,0,0,0,1,0,0,0,0,0,1,0,1,0,No Defect
655,71.03,113.97,3.15,122.69,74.25,50.84,56.53,7.26,724.0,3.97,1893.1,490.0,Milling,Alloy,Evening,New,Line_C,0,0,0,0,0,0,1,1,1,0,0,0,0,1,0,1,Dimensional Defect
656,74.32,105.09,5.78,86.4,60.22,45.29,81.48,12.28,654.5,3.44,2019.8,315.0,Milling,Aluminum,Night,Experienced,Line_A,1,0,0,0,1,1,0,0,0,1,0,0,1,0,0,0,No Defect
657,81.12,128.07,3.06,111.1,45.0,56.66,41.62,1.66,824.7,3.27,,368.0,Press,Plastic,Evening,Intermediate,Line_A,0,1,1,1,0,0,1,0,0,0,0,0,0,0,0,0,No Defect
658,73.25,125.64,2.49,110.72,81.73,47.69,52.49,8.49,716.2,4.7,1203.7,470.0,Milling,Steel,Morning,Experienced,Line_A,1,0,0,1,0,0,1,1,1,0,0,0,0,0,0,0,No Defect
659,79.73,113.56,3.77,106.18,74.25,58.92,42.22,0.85,748.8,2.48,1051.7,497.0,Press,Aluminum,Night,Expert,Line_C,0,0,1,0,1,0,1,0,1,0,0,0,1,0,0,0,No Defect
660,73.65,125.01,2.15,74.48,63.05,51.8,36.87,5.92,702.4,3.15,839.9,466.0,Milling,Aluminum,Evening,Intermediate,Line_B,0,0,0,1,0,0,0,0,0,0,0,0,0,0,0,0,No Defect
661,74.44,110.06,4.56,84.74,52.91,47.77,62.26,13.08,678.3,3.72,2018.7,461.0,Lathe,Plastic,Evening,Experienced,Line_A,1,0,0,0,1,1,0,1,0,1,0,0,0,0,0,1,Material Defect
662,73.5,122.65,2.21,101.66,52.09,36.21,46.84,4.92,799.5,3.25,1561.6,477.0,Injection_Molding,Composite,Morning,Intermediate,Line_C,0,1,0,1,0,0,1,0,0,0,1,0,0,0,1,0,No Defect
663,75.96,124.34,3.67,109.87,57.86,48.41,57.08,7.0,762.7,5.29,2029.2,438.0,Lathe,Plastic,Morning,Expert,Line_B,0,0,0,0,0,0,1,1,0,1,0,0,0,0,0,0,No Defect
664,79.42,119.65,3.91,121.46,62.89,48.61,35.57,4.28,866.2,3.11,1396.9,446.0,Press,Composite,Morning,Intermediate,Line_A,0,1,1,0,1,0,1,0,0,0,0,0,0,0,0,0,No Defect
665,72.65,130.19,2.03,124.11,59.08,50.23,67.27,6.29,716.5,3.73,1248.4,347.0,Press,Plastic,Evening,Intermediate,Line_C,0,0,0,1,0,1,1,1,0,0,0,0,0,0,0,1,Structural Defect
666,74.08,123.65,2.36,63.45,45.0,50.57,57.86,8.02,647.1,2.76,1128.1,272.0,CNC,Plastic,Evening,Expert,Line_D,0,0,0,0,0,0,0,0,0,0,0,0,0,0,0,0,No Defect
667,71.96,110.32,3.51,92.36,46.36,41.65,49.31,5.25,790.1,2.46,646.3,488.0,Lathe,Alloy,Evening,Experienced,Line_C,0,0,0,0,0,0,0,0,0,0,0,0,0,0,1,1,Material Defect
668,72.83,118.03,2.99,105.56,56.6,53.36,42.48,4.02,781.4,3.28,1039.7,441.0,Injection_Molding,Aluminum,Morning,Experienced,Line_C,0,0,0,0,0,0,1,0,0,0,0,0,0,0,0,0,No Defect
669,70.8,116.61,2.71,77.74,62.31,41.37,47.44,5.08,700.5,3.43,946.9,362.0,CNC,Steel,Evening,Experienced,Line_A,0,0,0,0,0,0,0,0,0,0,0,0,0,0,0,0,No Defect
670,69.02,96.03,3.91,104.0,65.89,47.35,51.4,12.74,727.1,2.98,2148.0,474.0,CNC,Steel,Night,Expert,Line_C,1,0,0,0,1,0,0,0,0,1,1,0,1,0,0,1,Structural Defect
671,81.68,124.08,2.45,129.04,66.81,56.41,38.99,3.76,809.7,3.36,1155.6,467.0,Lathe,Steel,Morning,Experienced,Line_A,0,1,1,0,0,0,1,0,0,0,0,0,0,0,0,0,No Defect
672,75.81,104.1,4.56,109.04,60.35,50.2,47.5,1.69,768.6,2.71,1083.3,504.0,Lathe,Steel,Morning,Experienced,Line_A,0,0,0,0,1,0,1,0,0,0,1,0,0,0,0,1,Material Defect
673,68.42,95.95,1.68,66.28,57.78,50.32,42.78,4.21,734.8,2.91,919.8,358.0,Injection_Molding,Composite,Evening,New,Line_B,0,0,0,0,0,0,0,0,0,0,0,0,0,1,0,0,No Defect
674,72.85,129.74,3.2,121.31,85.0,58.05,64.27,6.84,673.5,4.53,1763.1,522.0,Lathe,Alloy,Morning,New,Line_D,0,0,0,1,0,1,1,1,1,0,1,0,0,1,0,0,No Defect
675,76.56,,3.92,108.88,61.42,60.77,41.0,1.71,,2.52,1513.8,356.0,CNC,Aluminum,Night,Expert,Line_C,0,0,0,0,1,0,1,0,0,0,0,0,1,0,0,0,No Defect
676,80.65,108.12,3.15,102.59,59.37,,35.11,4.95,842.8,3.14,1700.6,480.0,Press,Aluminum,Morning,Experienced,Line_B,0,1,1,0,0,0,0,0,0,0,0,0,0,0,1,0,No Defect
677,72.41,112.0,3.59,83.42,66.22,47.29,41.34,7.33,705.3,2.72,739.5,390.0,CNC,Alloy,Morning,Experienced,Line_B,0,0,0,0,1,0,0,0,0,0,0,0,0,0,0,0,No Defect
678,77.67,113.64,1.86,80.55,52.01,48.75,56.99,3.89,626.6,3.18,718.2,337.0,CNC,Aluminum,Evening,Expert,Line_A,0,0,1,0,0,0,0,0,0,0,0,0,0,0,0,0,No Defect
679,72.84,104.85,2.72,103.75,55.34,52.17,26.09,6.09,893.2,2.26,1132.4,378.0,Lathe,Steel,Evening,Experienced,Line_C,0,1,0,0,0,0,0,0,0,0,0,0,0,0,0,0,No Defect
680,73.77,112.17,2.77,115.89,,51.94,42.85,6.91,848.1,3.53,1357.6,381.0,Milling,Aluminum,Evening,Expert,Line_D,0,1,0,0,0,0,1,0,0,0,0,0,0,0,0,0,No Defect
681,73.22,130.69,3.5,112.27,63.66,44.79,60.73,6.7,678.3,4.97,1567.6,426.0,Press,Plastic,Evening,Experienced,Line_C,0,0,0,1,0,0,1,1,0,0,0,0,0,0,0,1,Assembly Defect
682,71.9,120.22,4.07,107.11,62.9,49.94,50.58,3.29,818.3,1.93,1028.7,463.0,CNC,Alloy,Morning,Expert,Line_B,0,0,0,0,1,0,1,0,0,0,0,0,0,0,0,1,Assembly Defect
683,77.64,116.11,2.55,101.7,66.28,47.14,53.37,6.51,694.3,3.29,887.5,358.0,Lathe,Composite,Morning,Intermediate,Line_B,0,0,1,0,0,0,0,0,0,0,0,0,0,0,0,0,No Defect
684,75.05,123.95,1.87,112.63,68.36,58.74,44.89,2.44,747.3,4.38,2037.6,440.0,Milling,Aluminum,Night,Intermediate,Line_D,0,0,0,0,0,0,1,1,0,1,0,0,1,0,0,0,No Defect
685,70.71,124.2,2.13,88.9,50.5,47.99,36.64,4.54,792.7,2.89,736.4,293.0,Press,Aluminum,Evening,New,Line_B,0,0,0,0,0,0,0,0,0,0,0,0,0,1,0,0,No Defect
686,78.47,126.77,2.73,107.23,79.42,53.79,50.19,4.41,732.5,4.33,1844.4,517.0,Milling,Steel,Morning,Expert,Line_D,0,0,1,1,0,0,1,1,1,0,1,0,0,0,0,1,Material Defect
687,81.56,112.78,3.6,95.16,66.43,54.15,48.41,2.47,795.0,2.75,1060.3,491.0,Lathe,Alloy,Morning,Experienced,Line_D,0,0,1,0,0,0,0,0,0,0,0,0,0,0,1,0,No Defect
688,70.51,109.53,1.65,60.71,60.94,42.18,40.83,6.79,695.9,2.43,,394.0,Milling,Aluminum,Morning,New,Line_A,0,0,0,0,0,0,0,0,0,0,0,0,0,1,0,0,No Defect
689,69.06,122.35,2.53,74.99,57.5,47.91,,0.5,727.7,3.26,1129.2,331.0,Lathe,Steel,Morning,Experienced,Line_B,0,0,0,0,0,0,0,0,0,0,0,0,0,0,0,0,No Defect
690,68.28,118.53,1.39,87.72,58.65,39.48,46.41,6.13,758.7,3.04,1024.8,268.0,CNC,Steel,Morning,Expert,Line_A,0,0,0,0,0,0,0,0,0,0,0,0,0,0,0,1,Surface Defect
691,66.83,107.72,5.74,90.67,59.95,49.16,48.68,12.66,700.3,3.53,2194.2,476.0,Lathe,Composite,Night,Experienced,Line_C,1,0,0,0,1,0,0,0,0,1,1,0,1,0,0,1,Surface Defect
692,77.39,135.06,2.61,114.1,65.1,46.05,57.77,6.99,601.7,3.82,2317.7,434.0,Press,Composite,Morning,Experienced,Line_D,0,0,1,1,0,0,1,1,0,1,0,0,0,0,0,1,Structural Defect
693,73.91,127.95,3.14,116.67,70.5,50.15,64.79,6.89,667.8,4.34,2196.9,390.0,Press,Alloy,Morning,New,Line_A,0,0,0,1,0,1,1,1,1,1,0,0,0,1,0,1,Material Defect
694,77.06,130.17,1.91,115.55,72.15,48.22,63.96,5.24,701.4,4.33,1738.9,387.0,Lathe,Steel,Evening,Experienced,Line_D,0,0,1,1,0,1,1,1,1,0,0,0,0,0,0,1,Structural Defect
695,78.97,131.88,3.12,117.58,81.98,,69.93,6.44,731.0,4.73,,525.0,Injection_Molding,Alloy,Night,Experienced,Line_A,0,0,1,1,0,1,1,1,1,0,1,0,1,0,0,1,Dimensional Defect
696,74.22,127.99,1.58,126.01,79.7,52.71,56.64,5.33,792.8,4.27,1872.8,,Milling,Alloy,Evening,Expert,Line_A,0,0,0,1,0,0,1,1,1,0,0,0,0,0,0,0,No Defect
697,75.48,116.04,3.53,104.0,57.33,46.93,35.93,4.94,858.5,4.05,604.5,547.0,Press,Steel,Night,Experienced,Line_D,0,1,0,0,0,0,1,1,0,0,1,0,1,0,1,0,No Defect
698,66.58,138.29,,107.06,71.12,51.27,51.18,4.92,727.3,4.51,1896.9,457.0,Lathe,Steel,Evening,Experienced,Line_B,0,0,0,1,0,0,1,1,1,0,0,0,0,0,0,1,Dimensional Defect
699,67.28,133.55,1.48,84.91,62.72,40.73,46.03,3.9,682.4,2.8,1209.7,231.0,CNC,Alloy,Night,Intermediate,Line_B,0,0,0,1,0,0,0,0,0,0,0,0,1,0,0,0,No Defect
700,73.63,127.57,2.54,125.66,78.45,44.99,59.6,5.87,736.6,3.98,1581.4,395.0,CNC,Aluminum,Evening,Experienced,Line_C,0,0,0,1,0,0,1,1,1,0,0,0,0,0,0,0,No Defect
701,74.46,113.43,4.68,92.72,60.23,54.22,62.99,12.28,719.8,3.03,2080.2,364.0,CNC,Alloy,Night,Experienced,Line_A,1,0,0,0,1,1,0,0,0,1,0,0,1,0,0,0,No Defect
702,79.61,124.47,3.79,92.25,65.48,42.29,65.46,10.61,660.1,2.65,2033.8,204.0,Press,Alloy,Morning,Expert,Line_C,1,0,1,0,1,1,0,0,0,1,0,0,0,0,0,0,No Defect
703,72.09,133.34,2.13,130.0,74.09,66.93,62.74,4.56,683.1,4.5,1965.9,389.0,CNC,Steel,Evening,Expert,Line_C,0,0,0,1,0,1,1,1,1,0,0,1,0,0,0,1,Surface Defect
704,78.28,118.35,2.26,78.07,60.75,45.56,41.07,3.42,700.8,3.47,750.7,342.0,Injection_Molding,Alloy,Night,Intermediate,Line_D,0,0,1,0,0,0,0,0,0,0,0,0,1,0,0,0,No Defect
705,75.4,106.49,2.32,94.78,71.44,37.55,41.43,0.87,785.4,3.75,423.9,289.0,CNC,Steel,Morning,Intermediate,Line_A,0,0,0,0,0,0,0,1,1,0,0,0,0,0,0,1,Dimensional Defect
706,69.61,105.42,2.31,63.34,57.61,35.0,36.7,5.87,731.9,3.18,679.9,266.0,CNC,Plastic,Evening,New,Line_B,0,0,0,0,0,0,0,0,0,0,0,0,0,1,0,0,No Defect
707,73.1,134.46,1.56,104.13,70.42,57.05,58.1,5.86,646.8,4.48,1331.0,466.0,CNC,Plastic,Morning,Intermediate,Line_A,0,0,0,1,0,0,0,1,1,0,0,0,0,0,0,0,No Defect
708,68.22,118.66,4.73,79.67,69.93,61.72,54.81,11.64,732.3,4.07,2358.9,245.0,CNC,Steel,Morning,New,Line_C,1,0,0,0,1,0,0,1,0,1,0,0,0,1,0,0,No Defect
709,76.59,115.65,3.1,77.33,77.31,47.14,47.27,7.1,743.2,2.72,676.7,460.0,Milling,Alloy,Morning,Intermediate,Line_C,1,0,0,0,0,0,0,0,1,0,0,0,0,0,0,0,No Defect
710,79.74,122.54,2.53,112.22,71.47,50.56,43.65,3.47,824.0,2.85,1331.1,475.0,Lathe,Steel,Evening,Experienced,Line_C,0,1,1,0,0,0,1,0,1,0,0,0,0,0,1,0,No Defect
711,69.14,114.5,1.75,81.87,52.41,57.23,52.62,4.99,651.2,2.45,972.4,343.0,Milling,Aluminum,Morning,Experienced,Line_C,0,0,0,0,0,0,0,0,0,0,0,0,0,0,0,0,No Defect
712,80.18,112.49,3.3,112.89,56.05,54.49,42.42,2.13,829.7,3.05,1227.0,421.0,CNC,Composite,Night,Expert,Line_D,0,1,1,0,0,0,1,0,0,0,0,0,1,0,0,0,No Defect
713,72.73,117.12,1.97,86.72,62.0,41.92,49.56,4.53,707.0,3.17,,385.0,Milling,Steel,Morning,Intermediate,Line_B,0,0,0,0,0,0,0,0,0,0,0,0,0,0,0,0,No Defect
714,69.31,114.0,2.36,88.66,57.93,56.27,38.61,1.94,686.0,2.84,1208.9,377.0,CNC,Steel,Night,Expert,Line_C,0,0,0,0,0,0,0,0,0,0,0,0,1,0,0,0,No Defect
715,76.59,126.1,4.24,109.99,58.37,58.75,62.09,12.31,686.9,3.41,2034.9,368.0,Press,Alloy,Morning,Expert,Line_B,1,0,1,1,1,1,1,0,0,1,0,0,0,0,0,1,Surface Defect
716,77.79,108.02,2.91,87.71,58.51,42.67,41.74,2.51,780.8,2.67,956.9,465.0,CNC,Aluminum,Morning,Intermediate,Line_D,0,0,1,0,0,0,0,0,0,0,0,0,0,0,1,0,No Defect
717,67.73,126.14,4.53,113.27,59.99,52.42,54.18,10.01,722.7,3.25,1975.0,215.0,Lathe,Steel,Night,Experienced,Line_A,1,0,0,1,1,0,1,0,0,0,0,0,1,0,0,0,No Defect
718,80.58,109.62,3.82,87.09,57.86,,39.4,5.24,817.6,2.69,1017.9,280.0,CNC,Aluminum,Night,Expert,Line_D,0,0,1,0,1,0,0,0,0,0,0,0,1,0,0,0,No Defect
719,72.8,112.76,,88.98,60.22,46.39,58.56,2.81,774.4,2.42,873.7,475.0,CNC,Alloy,Evening,Intermediate,Line_D,0,0,0,0,0,0,0,0,0,0,0,0,0,0,0,0,No Defect
720,66.14,110.82,3.92,105.56,73.47,54.29,46.91,10.34,764.8,3.95,1950.9,331.0,CNC,Steel,Morning,Expert,Line_B,1,0,0,0,1,0,1,1,1,0,0,0,0,0,0,1,Surface Defect
721,77.19,120.76,3.83,114.12,72.69,,31.31,5.26,826.3,2.51,748.9,537.0,Milling,Aluminum,Evening,Expert,Line_D,0,1,1,0,1,0,1,0,1,0,1,0,0,0,1,0,No Defect
722,74.18,118.17,3.22,77.92,61.4,45.54,53.51,2.89,672.2,3.03,978.4,421.0,CNC,Alloy,Morning,Expert,Line_A,0,0,0,0,0,0,0,0,0,0,0,0,0,0,0,0,No Defect
723,75.76,110.01,4.3,92.22,53.63,49.48,55.05,16.16,633.4,3.12,2312.1,475.0,Milling,Plastic,Night,Experienced,Line_A,1,0,0,0,1,0,0,0,0,1,1,0,1,0,0,0,No Defect
724,74.06,131.11,2.86,112.4,67.07,39.31,39.72,4.54,810.7,2.75,1351.7,,CNC,Steel,Morning,Expert,Line_D,0,0,0,1,0,0,1,0,0,0,0,0,0,0,0,0,No Defect
725,71.59,124.55,2.39,78.65,51.66,46.05,52.85,4.32,697.4,3.36,125.0,356.0,Press,Alloy,Morning,Expert,Line_C,0,0,0,0,0,0,0,0,0,0,0,0,0,0,0,1,Assembly Defect
726,69.87,108.25,1.35,71.64,64.3,49.66,29.82,6.0,807.1,2.9,866.7,329.0,Milling,Aluminum,Morning,Expert,Line_A,0,0,0,0,0,0,0,0,0,0,0,0,0,0,0,0,No Defect
727,73.97,117.31,4.15,103.67,48.75,59.39,61.44,11.93,616.1,2.52,2329.1,388.0,Lathe,Aluminum,Morning,Expert,Line_D,1,0,0,0,1,0,0,0,0,1,0,0,0,0,0,1,Material Defect
728,72.78,114.07,3.48,104.24,67.34,62.37,56.43,9.96,755.4,2.45,2332.5,447.0,Milling,Alloy,Morning,Intermediate,Line_D,1,0,0,0,0,0,0,0,1,1,0,0,0,0,0,0,No Defect
729,79.88,,3.19,114.87,56.52,59.57,62.84,12.85,761.9,3.19,2330.5,347.0,Press,Aluminum,Morning,Experienced,Line_B,1,0,1,0,0,1,1,0,0,1,0,0,0,0,0,1,Material Defect
730,75.19,111.63,4.85,80.01,57.8,55.18,77.96,8.22,658.1,2.94,1592.5,381.0,CNC,Aluminum,Night,Intermediate,Line_B,0,0,0,0,1,1,0,0,0,0,0,0,1,0,0,0,No Defect
731,74.97,112.1,1.91,96.97,61.87,47.51,48.34,2.48,,3.37,696.0,509.0,CNC,Plastic,Morning,Intermediate,Line_A,0,0,0,0,0,0,0,0,0,0,1,0,0,0,0,0,No Defect
732,77.31,101.4,1.96,113.95,52.77,49.31,35.16,4.0,850.4,2.69,1298.4,544.0,CNC,Alloy,Night,Experienced,Line_A,0,1,1,0,0,0,1,0,0,0,1,0,1,0,1,0,No Defect
733,77.27,122.56,2.86,88.79,59.48,50.64,51.85,4.14,715.2,2.94,1084.1,297.0,Press,Aluminum,Evening,Experienced,Line_D,0,0,1,0,0,0,0,0,0,0,0,0,0,0,0,0,No Defect
734,73.99,110.38,1.9,75.47,45.41,45.27,52.62,3.14,719.3,3.09,601.7,330.0,CNC,Aluminum,Night,Experienced,Line_B,0,0,0,0,0,0,0,0,0,0,0,0,1,0,0,0,No Defect
735,77.99,114.92,2.2,94.11,47.79,52.66,43.03,2.99,751.4,2.97,687.8,349.0,CNC,Alloy,Evening,Intermediate,Line_D,0,0,1,0,0,0,0,0,0,0,0,0,0,0,0,0,No Defect
736,75.0,118.59,5.29,118.32,60.1,55.12,66.72,12.6,704.8,3.02,2426.1,349.0,Lathe,Composite,Morning,Intermediate,Line_B,1,0,0,0,1,1,1,0,0,1,0,0,0,0,0,0,No Defect
737,70.06,118.62,1.0,79.02,61.04,46.09,37.62,,773.8,2.75,1311.4,395.0,Injection_Molding,Alloy,Evening,Expert,Line_B,0,0,0,0,0,0,0,0,0,0,0,0,0,0,0,0,No Defect
738,67.64,117.34,1.0,72.66,65.64,48.67,49.19,2.85,745.9,3.12,983.6,283.0,Milling,Alloy,Morning,Expert,Line_C,0,0,0,0,0,0,0,0,0,0,0,0,0,0,0,0,No Defect
739,70.0,120.27,2.09,71.61,54.96,55.72,49.85,5.11,757.3,2.53,874.3,,Milling,Aluminum,Morning,Experienced,Line_B,0,0,0,0,0,0,0,0,0,0,0,0,0,0,0,0,No Defect
740,80.78,127.25,4.21,126.34,71.04,53.7,45.93,2.22,840.8,3.51,1194.2,391.0,Press,Steel,Evening,Expert,Line_B,0,1,1,1,1,0,1,0,1,0,0,0,0,0,0,1,Material Defect
741,77.86,121.29,2.54,95.76,77.6,55.52,71.55,6.5,694.9,4.78,1690.5,424.0,Injection_Molding,Steel,Night,Intermediate,Line_B,0,0,1,0,0,1,0,1,1,0,0,0,1,0,0,0,No Defect
742,76.82,113.51,1.57,85.04,61.49,48.03,57.24,3.87,682.2,3.0,910.4,461.0,Press,Steel,Evening,Intermediate,Line_D,0,0,0,0,0,0,0,0,0,0,0,0,0,0,0,1,Surface Defect
743,72.96,115.85,1.68,85.29,67.29,36.06,44.45,1.22,770.1,3.41,,311.0,Injection_Molding,Steel,Evening,Experienced,Line_A,0,0,0,0,0,0,0,0,0,0,0,0,0,0,0,0,No Defect
744,76.8,119.43,3.26,101.61,69.68,53.07,32.73,4.15,878.8,3.48,1052.4,390.0,CNC,Steel,Evening,Experienced,Line_A,0,1,0,0,0,0,0,0,0,0,0,0,0,0,0,0,No Defect
745,74.23,108.21,3.84,80.89,59.53,51.29,62.96,9.92,761.5,2.7,2214.0,421.0,CNC,Aluminum,Night,Experienced,Line_A,1,0,0,0,1,1,0,0,0,1,0,0,1,0,0,0,No Defect
746,72.9,108.09,2.16,85.73,53.69,48.38,55.51,2.47,722.5,2.81,1046.9,420.0,Milling,Composite,Morning,New,Line_A,0,0,0,0,0,0,0,0,0,0,0,0,0,1,0,0,No Defect
747,76.95,114.59,3.12,116.8,63.05,43.62,42.09,6.08,829.3,3.51,1206.7,359.0,Lathe,Steel,Morning,Experienced,Line_D,0,1,0,0,0,0,1,0,0,0,0,0,0,0,0,1,Dimensional Defect
748,69.17,117.44,3.34,84.86,65.25,40.29,57.39,4.09,,2.68,603.8,526.0,Lathe,Aluminum,Night,Experienced,Line_B,0,0,0,0,0,0,0,0,0,0,1,0,1,0,0,0,No Defect
749,,114.99,2.51,87.28,65.3,47.06,46.43,4.4,648.0,3.28,,401.0,Injection_Molding,Steel,Night,Experienced,Line_B,0,0,0,0,0,0,0,0,0,0,0,0,1,0,0,0,No Defect
750,72.89,116.24,2.11,81.17,61.76,45.09,38.53,1.36,,3.49,445.8,397.0,CNC,Aluminum,Morning,Intermediate,Line_B,0,0,0,0,0,0,0,0,0,0,0,0,0,0,0,0,No Defect
751,81.1,121.37,3.96,105.66,52.38,54.39,47.76,1.99,774.9,2.7,1399.3,365.0,Injection_Molding,Plastic,Morning,Experienced,Line_C,0,0,1,0,1,0,1,0,0,0,0,0,0,0,0,0,No Defect
752,77.15,118.3,4.84,106.65,59.35,52.26,66.75,9.67,653.8,3.66,2220.3,326.0,Press,Aluminum,Evening,Intermediate,Line_A,1,0,1,0,1,1,1,0,0,1,0,0,0,0,0,0,No Defect
753,76.69,115.54,3.47,,56.54,44.96,43.62,4.19,768.7,2.99,802.8,487.0,Injection_Molding,Aluminum,Evening,Experienced,Line_A,0,0,0,0,0,0,0,0,0,0,0,0,0,0,1,0,No Defect
754,65.37,112.98,1.86,74.41,48.22,43.45,47.6,5.54,710.2,3.35,1183.0,345.0,Milling,Alloy,Morning,Experienced,Line_B,0,0,0,0,0,0,0,0,0,0,0,0,0,0,0,0,No Defect
755,69.95,116.29,4.81,104.21,76.19,60.26,71.22,12.23,655.2,3.24,1942.6,297.0,Injection_Molding,Aluminum,Night,Experienced,Line_A,1,0,0,0,1,1,1,0,1,1,0,0,1,0,0,1,Structural Defect
756,76.63,105.93,4.84,84.54,65.46,59.72,73.26,11.6,613.0,2.63,2010.0,332.0,Injection_Molding,Aluminum,Morning,Experienced,Line_C,1,0,0,0,1,1,0,0,0,1,0,0,0,0,0,1,Surface Defect
757,74.72,114.46,1.5,80.8,59.73,44.93,42.66,4.95,762.8,3.16,752.6,451.0,Lathe,Plastic,Morning,Intermediate,Line_A,0,0,0,0,0,0,0,0,0,0,0,0,0,0,0,0,No Defect
758,73.21,112.11,2.42,68.96,64.48,50.89,50.83,6.03,774.5,3.79,759.2,331.0,Lathe,Alloy,Night,Intermediate,Line_A,0,0,0,0,0,0,0,1,0,0,0,0,1,0,0,0,No Defect
759,74.57,111.03,3.2,94.1,71.57,40.55,,6.16,766.6,3.15,808.1,,CNC,Steel,Morning,New,Line_B,0,0,0,0,0,0,0,0,1,0,0,0,0,1,0,0,No Defect
760,76.76,107.92,2.0,,57.43,47.35,46.54,,847.7,2.88,970.8,,Injection_Molding,Plastic,Evening,Expert,Line_D,0,1,0,0,0,0,0,0,0,0,0,0,0,0,0,0,No Defect
761,78.19,119.57,3.57,107.35,51.79,49.3,33.52,4.25,817.4,3.06,1893.6,450.0,Press,Aluminum,Evening,Experienced,Line_A,0,0,1,0,0,0,1,0,0,0,0,0,0,0,0,0,No Defect
762,74.59,130.56,3.43,122.06,,56.37,55.67,7.78,745.2,4.15,1870.6,473.0,Press,Aluminum,Morning,Expert,Line_A,0,0,0,1,0,0,1,1,0,0,0,0,0,0,0,0,No Defect
763,68.2,131.11,2.16,75.74,55.93,55.26,44.95,4.28,655.9,3.19,892.8,484.0,Press,Alloy,Night,New,Line_C,0,0,0,1,0,0,0,0,0,0,0,0,1,1,0,0,No Defect
764,73.59,112.95,3.6,101.57,58.0,54.15,54.0,4.09,795.3,3.0,1013.1,355.0,Injection_Molding,Composite,Evening,Expert,Line_C,0,1,0,0,1,0,0,0,0,0,0,0,0,0,0,0,No Defect
765,78.73,120.45,,94.59,75.29,37.86,49.28,6.88,711.5,4.07,2003.0,394.0,Injection_Molding,Steel,Evening,Intermediate,Line_D,0,0,1,0,0,0,0,1,1,1,0,0,0,0,0,0,No Defect
766,75.14,128.55,2.73,92.06,56.89,43.15,56.51,2.91,780.6,3.2,850.6,386.0,Injection_Molding,Plastic,Morning,Intermediate,Line_C,0,0,0,1,0,0,0,0,0,0,0,0,0,0,0,0,No Defect
767,76.3,111.31,3.58,108.94,59.48,59.25,42.63,3.18,834.4,3.02,875.5,515.0,Lathe,Alloy,Night,New,Line_D,0,1,0,0,0,0,1,0,0,0,1,0,1,1,1,1,Dimensional Defect
768,72.99,116.97,2.04,78.43,63.14,43.05,44.72,1.19,692.9,2.72,964.3,451.0,Milling,Alloy,Morning,Experienced,Line_B,0,0,0,0,0,0,0,0,0,0,0,0,0,0,0,0,No Defect
769,69.7,113.74,3.56,,65.49,54.42,46.16,5.02,755.2,2.78,871.0,335.0,CNC,Alloy,Morning,Experienced,Line_C,0,0,0,0,0,0,0,0,0,0,0,0,0,0,0,0,No Defect
770,69.77,116.95,3.18,115.19,66.27,57.3,33.88,6.26,756.2,3.61,1272.6,481.0,Injection_Molding,Aluminum,Night,Expert,Line_C,0,0,0,0,0,0,1,1,0,0,0,0,1,0,0,0,No Defect
771,79.52,119.66,2.77,110.3,51.3,61.37,41.25,1.72,802.0,2.9,1132.1,455.0,Press,Plastic,Morning,Experienced,Line_D,0,0,1,0,0,0,1,0,0,0,0,0,0,0,0,0,No Defect
772,81.27,108.33,1.45,112.41,55.17,65.38,37.54,3.04,813.5,,756.5,558.0,Injection_Molding,Alloy,Morning,Experienced,Line_C,0,0,1,0,0,0,1,0,0,0,1,1,0,0,1,1,Assembly Defect
773,76.1,126.29,3.55,121.15,81.63,47.81,63.6,7.17,678.0,3.96,1677.5,436.0,Lathe,Alloy,Evening,Experienced,Line_D,0,0,0,1,0,1,1,1,1,0,0,0,0,0,0,1,Material Defect
774,70.9,107.87,3.56,98.48,48.69,69.02,35.75,6.19,805.6,3.66,1533.7,519.0,Lathe,Aluminum,Morning,Intermediate,Line_D,0,0,0,0,0,0,0,0,0,0,1,1,0,0,1,0,No Defect
775,77.2,127.73,2.44,115.98,66.5,69.62,41.25,2.1,791.7,2.94,929.3,358.0,Lathe,Alloy,Night,Experienced,Line_C,0,0,1,1,0,0,1,0,0,0,0,1,1,0,0,0,No Defect
776,74.66,,3.58,96.08,71.56,63.25,,2.92,775.1,3.63,1077.9,421.0,Press,Steel,Evening,Experienced,Line_D,0,0,0,0,1,0,0,1,1,0,0,1,0,0,0,0,No Defect
777,66.38,110.98,1.73,90.96,,50.44,50.66,3.87,693.0,3.61,1028.3,323.0,Milling,Steel,Evening,New,Line_C,0,0,0,0,0,0,0,0,0,0,0,0,0,1,0,0,No Defect
778,82.27,117.09,3.42,104.6,58.25,55.24,40.78,3.29,881.2,2.54,629.0,497.0,Lathe,Aluminum,Morning,Experienced,Line_B,0,1,1,0,0,0,0,0,0,0,0,0,0,0,1,0,No Defect
779,75.48,119.48,2.03,71.03,56.03,43.4,59.63,4.31,707.1,3.04,714.5,462.0,Lathe,Composite,Evening,Experienced,Line_B,0,0,0,0,0,0,0,0,0,0,0,0,0,0,0,0,No Defect
780,,111.77,2.02,121.38,68.19,59.01,64.68,3.51,741.2,4.31,1984.5,542.0,Lathe,Alloy,Morning,Expert,Line_C,0,0,0,0,0,1,1,1,0,0,1,0,0,0,0,0,No Defect
781,64.05,123.15,2.57,98.73,54.89,54.31,53.73,1.88,704.5,2.38,920.0,450.0,Lathe,Alloy,Night,Intermediate,Line_C,0,0,0,0,0,0,0,0,0,0,0,0,1,0,0,0,No Defect
782,75.34,118.89,2.82,105.31,,57.62,43.03,6.15,829.2,2.55,1650.7,473.0,Lathe,Composite,Morning,Experienced,Line_B,0,1,0,0,0,0,1,0,0,0,0,0,0,0,1,0,No Defect
783,75.22,122.72,2.37,81.32,58.09,50.99,44.06,4.84,760.5,3.77,1139.7,393.0,CNC,Alloy,Evening,New,Line_B,0,0,0,1,0,0,0,1,0,0,0,0,0,1,0,0,No Defect
784,72.76,119.33,2.24,71.13,60.26,51.64,60.61,3.85,626.2,3.31,599.7,495.0,Injection_Molding,Composite,Evening,Experienced,Line_B,0,0,0,0,0,0,0,0,0,0,0,0,0,0,0,0,No Defect
785,78.14,114.56,3.23,111.85,64.79,60.93,43.99,3.6,774.9,2.72,1555.9,461.0,Press,Composite,Evening,Experienced,Line_D,0,0,1,0,0,0,1,0,0,0,0,0,0,0,0,0,No Defect
786,67.33,103.01,4.11,108.91,74.05,55.39,66.33,12.09,720.7,,1682.4,458.0,Injection_Molding,Steel,Morning,Expert,Line_B,1,0,0,0,1,1,1,0,1,0,0,0,0,0,0,1,Material Defect
787,76.37,127.37,2.99,,50.01,51.24,55.53,5.04,825.3,3.34,1119.9,528.0,Milling,Aluminum,Morning,Experienced,Line_C,0,1,1,1,0,0,0,0,0,0,1,0,0,0,1,0,No Defect
788,73.29,120.52,2.45,90.61,74.35,43.16,65.97,4.49,733.7,2.75,360.0,565.0,Lathe,Aluminum,Evening,Intermediate,Line_B,0,0,0,0,0,1,0,0,1,0,1,0,0,0,0,0,No Defect
789,74.63,111.86,2.25,103.31,49.61,51.01,51.0,0.66,736.3,3.5,661.7,446.0,Press,Plastic,Morning,Experienced,Line_B,0,0,0,0,0,0,0,0,0,0,0,0,0,0,0,0,No Defect
790,73.79,114.72,2.63,84.68,76.67,40.23,51.09,7.13,734.1,3.64,1162.1,419.0,CNC,Steel,Morning,Intermediate,Line_A,1,0,0,0,0,0,0,0,1,0,0,0,0,0,0,0,No Defect
791,78.7,128.89,3.5,109.02,73.37,61.38,53.54,4.79,827.5,3.2,1081.4,517.0,Injection_Molding,Steel,Night,Experienced,Line_C,0,1,1,1,0,0,1,0,1,0,1,0,1,0,1,1,Material Defect
792,71.32,122.52,2.44,94.82,61.73,45.33,44.96,7.22,728.1,2.67,856.2,463.0,Lathe,Alloy,Evening,Experienced,Line_D,1,0,0,0,0,0,0,0,0,0,0,0,0,0,0,0,No Defect
793,70.21,117.23,3.19,71.18,54.73,46.64,45.3,5.66,746.1,2.84,827.9,409.0,Injection_Molding,Plastic,Evening,Expert,Line_A,0,0,0,0,0,0,0,0,0,0,0,0,0,0,0,0,No Defect
794,78.64,116.01,2.63,117.94,61.31,59.41,28.75,0.5,839.7,2.42,1016.5,567.0,CNC,Alloy,Evening,Intermediate,Line_C,0,1,1,0,0,0,1,0,0,0,1,0,0,0,1,0,No Defect
795,77.66,131.31,3.07,124.09,82.5,44.24,63.34,5.53,694.7,4.13,1746.8,395.0,Injection_Molding,Composite,Morning,Experienced,Line_A,0,0,1,1,0,1,1,1,1,0,0,0,0,0,0,0,No Defect
796,,137.74,2.86,124.34,66.35,59.85,58.41,5.72,667.7,4.72,2308.3,502.0,Milling,Alloy,Evening,Experienced,Line_B,0,0,0,1,0,1,1,1,0,1,1,0,0,0,0,1,Material Defect
797,78.51,102.58,1.0,78.9,59.27,47.99,44.79,,741.3,3.01,1030.2,495.0,Milling,Composite,Morning,Expert,Line_B,0,0,1,0,0,0,0,0,0,0,0,0,0,0,0,0,No Defect
798,71.0,123.21,2.86,87.26,53.02,43.2,50.61,5.81,760.1,3.43,1101.5,345.0,CNC,Alloy,Evening,New,Line_A,0,0,0,0,0,0,0,0,0,0,0,0,0,1,0,0,No Defect
799,73.56,105.28,4.1,108.2,54.49,58.26,37.79,2.21,882.4,,1094.0,429.0,CNC,Aluminum,Morning,Intermediate,Line_A,0,1,0,0,1,0,1,0,0,0,0,0,0,0,0,0,No Defect
800,63.93,115.65,5.16,96.44,55.51,,67.41,10.77,725.0,3.16,2733.8,457.0,Lathe,Alloy,Morning,Intermediate,Line_A,1,0,0,0,1,1,0,0,0,1,0,0,0,0,0,1,Dimensional Defect
801,73.83,124.75,2.39,128.55,71.65,52.73,55.21,3.39,700.5,4.6,2134.0,456.0,Lathe,Steel,Morning,Experienced,Line_A,0,0,0,0,0,0,1,1,1,1,0,0,0,0,0,1,Structural Defect
802,74.01,116.6,5.67,83.81,59.94,49.49,69.91,11.25,748.7,3.35,2515.7,418.0,CNC,Aluminum,Evening,Expert,Line_C,1,0,0,0,1,1,0,0,0,1,0,0,0,0,0,0,No Defect
803,74.71,117.12,2.01,73.79,58.95,41.27,,3.58,707.1,2.32,722.1,561.0,Injection_Molding,Alloy,Morning,Experienced,Line_D,0,0,0,0,0,0,0,0,0,0,1,0,0,0,0,0,No Defect
804,64.38,113.56,2.46,74.32,48.24,52.26,44.99,3.18,761.0,3.35,809.4,431.0,Milling,Composite,Night,Intermediate,Line_D,0,0,0,0,0,0,0,0,0,0,0,0,1,0,0,0,No Defect
805,81.59,,3.01,113.11,56.0,55.16,41.99,5.64,863.5,3.06,1511.7,419.0,Lathe,Composite,Evening,Expert,Line_D,0,1,1,0,0,0,1,0,0,0,0,0,0,0,0,0,No Defect
806,78.61,113.32,2.39,102.11,71.43,58.77,47.24,4.54,837.3,2.5,1119.7,545.0,CNC,Alloy,Night,Experienced,Line_B,0,1,1,0,0,0,0,0,1,0,1,0,1,0,1,0,No Defect
807,74.83,109.84,4.47,100.08,74.17,56.33,59.96,9.68,741.3,3.65,1793.0,359.0,Lathe,Steel,Morning,Expert,Line_A,1,0,0,0,1,0,0,1,1,0,0,0,0,0,0,1,Surface Defect
808,77.99,130.58,2.96,113.81,58.29,62.35,56.29,3.45,725.8,2.41,520.0,453.0,Lathe,Aluminum,Evening,Experienced,Line_C,0,0,1,1,0,0,1,0,0,0,0,1,0,0,0,0,No Defect
809,78.7,135.29,3.11,119.49,,50.46,44.27,4.06,734.3,3.52,1353.0,541.0,CNC,Steel,Night,Experienced,Line_B,0,0,1,1,0,0,1,0,0,0,1,0,1,0,0,1,Structural Defect
810,74.61,112.67,5.32,96.61,60.33,42.36,66.69,11.02,672.7,2.92,2147.5,353.0,CNC,Steel,Morning,Expert,Line_D,1,0,0,0,1,1,0,0,0,1,0,0,0,0,0,0,No Defect
811,77.3,119.3,,103.14,66.54,58.45,45.84,0.81,833.9,3.52,972.8,481.0,Press,Steel,Evening,Intermediate,Line_A,0,1,1,0,0,0,1,0,0,0,0,0,0,0,1,0,No Defect
812,77.65,115.29,4.12,105.51,66.43,48.32,49.53,3.1,727.6,2.85,,406.0,Injection_Molding,Alloy,Evening,Expert,Line_C,0,0,1,0,1,0,1,0,0,0,0,0,0,0,0,0,No Defect
813,74.34,120.79,5.15,109.39,48.62,47.85,71.62,13.97,722.8,3.07,2055.9,286.0,Lathe,Aluminum,Morning,Experienced,Line_A,1,0,0,0,1,1,1,0,0,1,0,0,0,0,0,0,No Defect
814,78.08,103.66,,102.21,76.21,49.98,44.02,2.35,832.7,2.84,1132.6,621.0,Lathe,Steel,Morning,Experienced,Line_D,0,1,1,0,0,0,1,0,1,0,1,0,0,0,1,1,Material Defect
815,76.84,132.5,3.38,108.85,81.27,35.0,64.75,5.33,744.5,3.69,1644.7,442.0,CNC,Aluminum,Evening,Experienced,Line_B,0,0,0,1,0,1,1,0,1,0,0,0,0,0,0,1,Structural Defect
816,81.59,132.91,2.92,109.13,47.18,54.22,36.03,6.95,882.8,2.99,1488.3,561.0,Press,Composite,Morning,Expert,Line_A,0,1,1,1,0,0,1,0,0,0,1,0,0,0,1,0,No Defect
817,73.76,121.85,2.41,111.84,49.89,37.12,51.84,2.08,792.8,2.8,1041.1,508.0,Injection_Molding,Alloy,Morning,Expert,Line_B,0,0,0,0,0,0,1,0,0,0,1,0,0,0,1,0,No Defect
818,70.2,125.59,3.21,114.32,69.96,56.77,59.41,5.84,755.5,4.31,1422.0,484.0,CNC,Steel,Night,Intermediate,Line_A,0,0,0,1,0,0,1,1,0,0,0,0,1,0,0,0,No Defect
819,75.66,116.19,3.13,91.83,60.71,59.43,36.96,0.5,819.1,,1590.4,361.0,Lathe,Aluminum,Night,Expert,Line_B,0,0,0,0,0,0,0,0,0,0,0,0,1,0,0,0,No Defect
820,75.82,115.36,2.46,96.7,62.61,50.66,48.31,3.48,717.0,3.15,506.0,410.0,Press,Steel,Evening,Expert,Line_B,0,0,0,0,0,0,0,0,0,0,0,0,0,0,0,0,No Defect
821,74.54,116.55,2.38,92.14,68.38,46.99,54.38,5.72,766.6,3.08,1133.8,372.0,CNC,Steel,Morning,Experienced,Line_C,0,0,0,0,0,0,0,0,0,0,0,0,0,0,0,0,No Defect
822,73.62,109.97,1.93,72.71,56.91,66.96,46.7,4.57,753.2,3.31,915.2,355.0,Milling,Alloy,Morning,Experienced,Line_D,0,0,0,0,0,0,0,0,0,0,0,1,0,0,0,0,No Defect
823,73.4,117.34,,67.59,51.37,41.65,51.56,3.95,698.1,2.62,1061.5,303.0,CNC,Plastic,Morning,Experienced,Line_D,0,0,0,0,0,0,0,0,0,0,0,0,0,0,0,0,No Defect
824,83.52,118.79,2.86,106.24,58.91,43.56,25.68,2.37,882.5,2.83,1413.4,629.0,Milling,Aluminum,Evening,Expert,Line_C,0,1,1,0,0,0,1,0,0,0,1,0,0,0,1,0,No Defect
825,75.4,132.91,2.16,110.44,78.59,42.88,54.97,7.83,683.5,4.4,1942.2,507.0,CNC,Alloy,Night,Intermediate,Line_C,1,0,0,1,0,0,1,1,1,0,1,0,1,0,0,0,No Defect
826,76.37,119.15,2.74,76.05,62.36,51.12,50.83,7.02,746.9,3.39,1258.4,355.0,Lathe,Steel,Morning,Experienced,Line_A,0,0,0,0,0,0,0,0,0,0,0,0,0,0,0,0,No Defect
827,71.88,112.26,2.5,130.0,69.92,51.51,50.65,5.37,820.9,3.03,1430.6,452.0,Press,Steel,Evening,New,Line_A,0,1,0,0,0,0,1,0,0,0,0,0,0,1,0,0,No Defect
828,77.71,109.62,4.77,108.94,64.64,59.16,61.19,9.1,671.7,2.79,1993.2,285.0,Lathe,Steel,Morning,Experienced,Line_A,1,0,1,0,1,1,1,0,0,0,0,0,0,0,0,0,No Defect
829,71.59,116.77,2.85,89.95,66.33,41.11,43.48,3.18,802.4,4.0,1122.2,449.0,Press,Alloy,Morning,Expert,Line_A,0,0,0,0,0,0,0,1,0,0,0,0,0,0,0,0,No Defect
830,72.71,108.24,2.61,79.27,45.0,64.43,53.78,4.7,621.8,3.41,1284.6,445.0,CNC,Plastic,Night,Experienced,Line_C,0,0,0,0,0,0,0,0,0,0,0,1,1,0,0,0,No Defect
831,73.37,117.75,2.3,81.88,56.01,54.51,34.5,2.68,743.8,3.05,1390.2,364.0,Milling,Aluminum,Morning,New,Line_C,0,0,0,0,0,0,0,0,0,0,0,0,0,1,0,0,No Defect
832,81.45,120.18,5.18,121.66,63.41,51.84,56.95,11.95,681.0,,2228.4,314.0,Press,Steel,Evening,Experienced,Line_A,1,0,1,0,1,0,1,0,0,1,0,0,0,0,0,1,Surface Defect
833,72.83,109.31,3.05,90.76,56.71,51.56,46.65,6.1,768.4,2.29,254.5,382.0,CNC,Alloy,Night,Experienced,Line_A,0,0,0,0,0,0,0,0,0,0,0,0,1,0,0,0,No Defect
834,76.84,117.88,3.21,115.76,59.09,54.39,40.27,2.52,824.2,2.58,1133.8,401.0,Milling,Alloy,Morning,Experienced,Line_A,0,1,1,0,0,0,1,0,0,0,0,0,0,0,0,0,No Defect
835,75.28,119.99,1.93,90.03,63.41,,54.02,5.78,774.7,3.1,922.3,352.0,Press,Alloy,Morning,New,Line_C,0,0,0,0,0,0,0,0,0,0,0,0,0,1,0,0,No Defect
836,67.94,,1.66,66.38,48.18,44.91,37.64,5.49,694.7,3.17,921.7,366.0,CNC,Plastic,Evening,Experienced,Line_B,0,0,0,0,0,0,0,0,0,0,0,0,0,0,0,0,No Defect
837,73.59,110.72,2.44,74.14,50.39,44.41,40.16,5.06,728.5,3.31,1204.0,482.0,CNC,Aluminum,Evening,New,Line_A,0,0,0,0,0,0,0,0,0,0,1,0,0,1,0,0,No Defect
838,77.2,130.05,2.28,107.8,56.62,56.42,42.8,5.61,840.0,3.04,,436.0,Press,Alloy,Morning,Intermediate,Line_C,0,1,1,1,0,0,1,0,0,0,0,0,0,0,0,0,No Defect
839,78.88,132.79,3.63,118.47,72.86,51.41,63.5,6.34,669.1,4.74,1648.3,357.0,Injection_Molding,Steel,Morning,Experienced,Line_B,0,0,1,1,0,1,1,1,1,0,0,0,0,0,0,0,No Defect
840,76.13,119.42,2.66,93.73,51.98,35.0,50.7,2.91,733.4,3.55,531.9,283.0,CNC,Composite,Evening,Experienced,Line_A,0,0,0,0,0,0,0,0,0,0,0,0,0,0,0,0,No Defect
841,68.81,119.63,3.65,107.27,68.03,36.02,71.83,6.19,622.5,4.36,1537.8,476.0,Lathe,Composite,Evening,Intermediate,Line_A,0,0,0,0,0,1,1,1,0,0,0,0,0,0,0,1,Assembly Defect
842,77.52,133.67,3.11,104.31,56.64,45.56,47.65,4.83,756.0,3.48,684.5,542.0,Press,Aluminum,Evening,Intermediate,Line_B,0,0,1,1,0,0,0,0,0,0,1,0,0,0,0,0,No Defect
843,79.31,132.9,2.05,112.28,67.15,42.46,41.39,5.5,813.4,2.96,1231.2,498.0,Press,Aluminum,Morning,New,Line_C,0,0,1,1,0,0,1,0,0,0,0,0,0,1,1,0,No Defect
844,73.79,124.29,3.29,106.95,70.12,,38.7,4.42,861.8,3.17,1540.9,444.0,CNC,Steel,Morning,Experienced,Line_A,0,1,0,0,0,0,1,0,1,0,0,0,0,0,0,0,No Defect
845,80.75,126.27,3.77,107.91,73.56,53.32,45.83,1.82,763.9,2.92,1721.2,555.0,Injection_Molding,Alloy,Evening,Expert,Line_A,0,0,1,1,1,0,1,0,1,0,1,0,0,0,0,0,No Defect
846,70.42,111.48,2.76,101.64,70.68,41.36,49.69,7.18,767.8,4.33,984.4,540.0,Press,Steel,Evening,Experienced,Line_A,0,0,0,0,0,0,0,1,1,0,1,0,0,0,0,0,No Defect
847,72.95,105.78,2.18,81.1,57.13,43.01,53.32,6.66,643.8,2.87,1137.4,,Lathe,Alloy,Morning,Experienced,Line_A,0,0,0,0,0,0,0,0,0,0,0,0,0,0,0,0,No Defect
848,72.25,107.1,5.11,76.43,58.52,52.87,69.18,11.02,640.7,2.95,2233.2,382.0,Milling,Plastic,Morning,Expert,Line_C,1,0,0,0,1,1,0,0,0,1,0,0,0,0,0,0,No Defect
849,78.0,140.0,2.24,117.11,77.63,40.74,64.67,2.41,694.5,4.77,1680.0,499.0,Press,Steel,Morning,Intermediate,Line_D,0,0,1,1,0,1,1,1,1,0,0,0,0,0,0,1,Material Defect
850,70.5,119.47,2.32,70.55,55.44,51.24,46.69,4.21,741.2,3.23,678.9,351.0,Milling,Alloy,Evening,Experienced,Line_B,0,0,0,0,0,0,0,0,0,0,0,0,0,0,0,0,No Defect
851,85.86,128.94,2.46,108.68,59.09,44.77,50.38,1.91,825.0,3.23,1343.4,349.0,Press,Alloy,Night,Intermediate,Line_C,0,1,1,1,0,0,1,0,0,0,0,0,1,0,0,0,No Defect
852,73.38,119.66,5.16,100.44,62.69,53.72,49.09,10.07,815.0,2.92,2059.4,329.0,Press,Plastic,Night,New,Line_C,1,0,0,0,1,0,0,0,0,1,0,0,1,1,0,1,Surface Defect
853,76.69,,3.39,112.54,62.76,42.15,42.99,5.46,830.4,,1221.0,392.0,CNC,Alloy,Night,Intermediate,Line_C,0,1,0,0,0,0,1,0,0,0,0,0,1,0,0,0,No Defect
854,77.7,125.33,,96.35,56.75,70.0,40.08,2.58,795.1,2.58,812.7,474.0,Press,Alloy,Morning,Experienced,Line_A,0,0,1,1,0,0,0,0,0,0,0,1,0,0,1,0,No Defect
855,71.79,126.27,2.37,90.71,79.07,,46.79,2.37,835.9,3.64,752.8,476.0,Milling,Composite,Morning,Intermediate,Line_A,0,1,0,1,0,0,0,0,1,0,0,0,0,0,1,0,No Defect
856,73.83,125.51,2.93,130.0,75.98,50.72,53.78,5.58,814.8,3.09,1904.7,450.0,Press,Aluminum,Morning,Intermediate,Line_A,0,0,0,1,0,0,1,0,1,0,0,0,0,0,0,0,No Defect
857,71.91,,1.68,82.57,66.33,59.53,41.05,4.33,707.5,3.69,718.5,368.0,CNC,Steel,Evening,Experienced,Line_D,0,0,0,0,0,0,0,0,0,0,0,0,0,0,0,0,No Defect
858,73.81,108.4,5.04,97.24,67.02,43.84,56.16,10.38,733.8,,2369.3,365.0,Lathe,Alloy,Evening,Expert,Line_A,1,0,0,0,1,0,0,0,0,1,0,0,0,0,0,0,No Defect
859,75.57,114.15,2.39,123.33,85.0,56.86,51.91,6.9,743.4,3.88,1876.8,419.0,Lathe,Alloy,Evening,New,Line_D,0,0,0,0,0,0,1,1,1,0,0,0,0,1,0,0,No Defect
860,73.26,115.35,2.59,79.89,50.93,47.95,56.4,6.02,709.1,3.48,764.7,,Lathe,Aluminum,Evening,Experienced,Line_C,0,0,0,0,0,0,0,0,0,0,0,0,0,0,0,0,No Defect
861,70.25,128.6,1.0,81.06,66.36,47.01,42.07,4.99,733.9,3.23,818.2,437.0,Injection_Molding,Composite,Night,Intermediate,Line_B,0,0,0,1,0,0,0,0,0,0,0,0,1,0,0,0,No Defect
862,79.13,122.49,3.58,98.71,45.0,45.06,35.58,3.72,767.7,2.98,1392.0,372.0,Lathe,Plastic,Morning,Intermediate,Line_C,0,0,1,0,0,0,0,0,0,0,0,0,0,0,0,1,Structural Defect
863,69.28,129.17,3.06,130.0,70.47,37.51,62.75,7.09,657.4,3.34,1872.8,428.0,Milling,Alloy,Morning,Expert,Line_C,0,0,0,1,0,1,1,0,1,0,0,0,0,0,0,0,No Defect
864,71.88,104.47,5.26,76.14,63.73,60.69,60.78,7.55,678.0,2.72,2531.2,460.0,Press,Alloy,Morning,Expert,Line_D,0,0,0,0,1,0,0,0,0,1,0,0,0,0,0,1,Structural Defect
865,71.97,108.03,2.69,114.49,54.23,49.93,40.73,3.49,850.4,3.07,1200.9,566.0,Injection_Molding,Alloy,Morning,Experienced,Line_A,0,1,0,0,0,0,1,0,0,0,1,0,0,0,1,0,No Defect
866,75.7,122.43,2.48,114.35,55.55,46.89,56.75,4.13,780.5,3.48,1578.5,384.0,Press,Alloy,Evening,Experienced,Line_A,0,0,0,0,0,0,1,0,0,0,0,0,0,0,0,0,No Defect
867,79.52,113.77,3.14,107.68,67.18,46.46,40.47,3.8,911.0,3.14,956.6,434.0,CNC,Steel,Night,Expert,Line_B,0,1,1,0,0,0,1,0,0,0,0,0,1,0,0,0,No Defect
868,76.77,124.03,2.4,94.07,50.02,70.0,44.48,3.63,779.7,2.85,885.5,444.0,Injection_Molding,Alloy,Evening,Experienced,Line_D,0,0,1,0,0,0,0,0,0,0,0,1,0,0,0,1,Surface Defect
869,68.77,123.34,2.33,79.72,68.98,40.53,35.58,4.92,789.0,3.16,148.2,392.0,CNC,Alloy,Morning,Experienced,Line_B,0,0,0,0,0,0,0,0,0,0,0,0,0,0,0,0,No Defect
870,70.18,120.97,2.46,102.23,59.6,52.5,49.87,4.67,698.9,2.86,774.6,305.0,Lathe,Steel,Morning,Experienced,Line_B,0,0,0,0,0,0,0,0,0,0,0,0,0,0,0,0,No Defect
871,77.89,133.02,2.96,104.94,75.52,47.21,60.96,6.28,665.8,3.27,1991.4,436.0,Milling,Plastic,Morning,Expert,Line_D,0,0,1,1,0,0,0,0,1,0,0,0,0,0,0,0,No Defect
872,70.4,121.53,5.89,96.6,62.29,63.63,59.62,13.54,714.7,3.07,1760.4,385.0,Lathe,Steel,Evening,Experienced,Line_B,1,0,0,0,1,0,0,0,0,0,0,1,0,0,0,0,No Defect
873,70.59,131.89,3.64,113.59,71.39,44.97,58.5,3.15,723.3,4.26,2153.2,671.0,CNC,Aluminum,Evening,New,Line_D,0,0,0,1,0,0,1,1,1,1,1,0,0,1,0,0,No Defect
874,82.23,121.59,3.18,115.29,50.17,48.71,33.06,4.33,892.8,2.94,,442.0,Milling,Plastic,Evening,Expert,Line_B,0,1,1,0,0,0,1,0,0,0,0,0,0,0,0,0,No Defect
875,81.59,122.95,1.8,112.48,62.23,61.6,35.23,,862.4,3.49,1023.0,435.0,Press,Plastic,Night,Intermediate,Line_B,0,1,1,0,0,0,1,0,0,0,0,1,1,0,0,0,No Defect
876,83.07,124.48,3.32,96.23,50.49,69.7,35.88,3.48,872.1,2.42,1568.8,424.0,Lathe,Aluminum,Evening,Experienced,Line_A,0,1,1,1,0,0,0,0,0,0,0,1,0,0,0,0,No Defect
877,79.79,103.91,3.9,106.33,66.55,45.8,61.44,12.46,665.6,3.69,2027.2,292.0,Press,Steel,Evening,Experienced,Line_A,1,0,1,0,1,0,1,1,0,1,0,0,0,0,0,0,No Defect
878,76.8,106.21,2.06,75.27,66.92,48.82,52.84,4.74,771.0,3.51,738.7,436.0,Injection_Molding,Steel,Morning,Experienced,Line_A,0,0,0,0,0,0,0,0,0,0,0,0,0,0,0,0,No Defect
879,72.2,117.52,2.26,85.64,66.04,58.74,54.41,7.26,688.4,3.66,1659.8,347.0,CNC,Steel,Morning,New,Line_B,0,0,0,0,0,0,0,1,0,0,0,0,0,1,0,0,No Defect
880,74.78,106.68,1.43,84.1,60.17,35.0,38.68,6.12,770.4,3.14,1024.7,290.0,Injection_Molding,Steel,Night,Expert,Line_C,0,0,0,0,0,0,0,0,0,0,0,0,1,0,0,0,No Defect
881,71.37,104.17,4.27,100.68,55.66,41.9,76.23,11.07,692.0,2.54,,373.0,Lathe,Steel,Morning,Intermediate,Line_D,1,0,0,0,1,1,0,0,0,0,0,0,0,0,0,0,No Defect
882,71.78,133.0,3.22,112.33,60.62,51.05,49.33,5.32,763.4,4.09,1852.9,416.0,Lathe,Plastic,Morning,Intermediate,Line_A,0,0,0,1,0,0,1,1,0,0,0,0,0,0,0,1,Material Defect
883,81.62,113.84,2.52,102.79,57.99,52.08,41.26,5.7,863.8,3.11,1453.6,429.0,Milling,Composite,Night,Expert,Line_C,0,1,1,0,0,0,0,0,0,0,0,0,1,0,0,0,No Defect
884,72.19,104.54,1.45,79.67,72.3,61.24,60.83,4.38,756.7,3.36,1128.2,534.0,Injection_Molding,Composite,Evening,Experienced,Line_D,0,0,0,0,0,0,0,0,1,0,1,0,0,0,0,0,No Defect
885,74.0,,1.76,83.8,69.84,43.83,47.39,2.49,711.2,2.66,1256.2,363.0,CNC,Alloy,Morning,Intermediate,Line_B,0,0,0,0,0,0,0,0,0,0,0,0,0,0,0,1,Surface Defect
886,72.74,109.93,4.06,,63.23,63.9,70.08,8.41,651.6,3.09,1959.8,310.0,Press,Composite,Evening,Experienced,Line_B,0,0,0,0,1,1,0,0,0,0,0,1,0,0,0,0,No Defect
887,73.67,109.92,1.85,75.07,56.55,49.32,49.01,6.08,700.8,2.51,857.3,392.0,Lathe,Aluminum,Morning,Intermediate,Line_B,0,0,0,0,0,0,0,0,0,0,0,0,0,0,0,0,No Defect
888,75.98,112.35,2.86,102.6,57.31,63.16,60.36,12.73,706.9,3.51,2329.5,304.0,Press,Plastic,Night,New,Line_D,1,0,0,0,0,0,0,0,0,1,0,1,1,1,0,0,No Defect
889,65.48,117.39,2.85,79.19,54.29,54.65,53.84,2.05,781.4,3.76,729.2,,Milling,Plastic,Evening,Expert,Line_B,0,0,0,0,0,0,0,1,0,0,0,0,0,0,0,0,No Defect
890,76.22,110.61,3.84,103.4,68.6,54.04,50.81,11.09,798.4,3.48,2111.3,298.0,Injection_Molding,Steel,Evening,Experienced,Line_B,1,0,0,0,1,0,0,0,0,1,0,0,0,0,0,1,Surface Defect
891,74.68,116.44,1.87,80.87,57.06,46.6,52.84,6.14,637.4,2.87,1626.3,369.0,Press,Composite,Morning,Intermediate,Line_A,0,0,0,0,0,0,0,0,0,0,0,0,0,0,0,0,No Defect
892,75.7,109.99,3.83,79.72,59.73,69.88,50.18,9.01,693.3,3.41,2079.1,308.0,Injection_Molding,Alloy,Night,Experienced,Line_B,1,0,0,0,1,0,0,0,0,1,0,1,1,0,0,1,Surface Defect
893,80.95,113.15,2.41,100.55,51.01,51.59,47.06,5.68,851.4,2.61,1220.5,455.0,Lathe,Plastic,Morning,Intermediate,Line_A,0,1,1,0,0,0,0,0,0,0,0,0,0,0,0,0,No Defect
894,79.73,117.68,3.92,101.74,69.03,60.4,69.63,11.83,625.4,3.99,2192.1,319.0,Press,Alloy,Morning,Experienced,Line_A,1,0,1,0,1,1,0,1,0,1,0,0,0,0,0,1,Surface Defect
895,72.56,133.83,2.93,116.37,84.01,47.42,69.74,2.25,641.9,3.82,1901.6,493.0,Milling,Steel,Evening,Experienced,Line_C,0,0,0,1,0,1,1,1,1,0,0,0,0,0,0,1,Dimensional Defect
896,79.17,107.79,2.97,105.05,66.24,38.18,45.87,5.06,846.7,2.81,1398.1,495.0,Injection_Molding,Aluminum,Morning,Expert,Line_C,0,1,1,0,0,0,1,0,0,0,0,0,0,0,1,0,No Defect
897,81.53,116.26,3.07,98.85,64.35,49.12,42.26,3.75,759.0,2.99,,409.0,Injection_Molding,Alloy,Night,Intermediate,Line_C,0,0,1,0,0,0,0,0,0,0,0,0,1,0,0,0,No Defect
898,74.78,119.28,3.06,88.81,54.41,50.55,44.22,,791.0,3.28,884.5,289.0,CNC,Aluminum,Morning,Intermediate,Line_B,0,0,0,0,0,0,0,0,0,0,0,0,0,0,0,0,No Defect
899,81.15,126.18,3.51,117.07,47.26,54.4,34.43,4.83,859.9,2.7,1397.2,543.0,Milling,Plastic,Night,Intermediate,Line_A,0,1,1,1,0,0,1,0,0,0,1,0,1,0,1,1,Material Defect
900,72.39,140.0,1.95,111.89,63.6,59.94,56.69,0.5,755.1,3.31,940.5,483.0,Press,Steel,Morning,Experienced,Line_B,0,0,0,1,0,0,1,0,0,0,0,0,0,0,0,0,No Defect
901,69.4,128.95,2.62,98.96,66.2,56.28,49.26,2.34,761.6,3.09,1399.1,426.0,Milling,Alloy,Morning,Intermediate,Line_A,0,0,0,1,0,0,0,0,0,0,0,0,0,0,0,0,No Defect
902,77.83,112.41,2.58,113.92,70.99,57.74,37.2,,872.3,2.75,1694.6,463.0,Press,Steel,Night,Expert,Line_A,0,1,1,0,0,0,1,0,1,0,0,0,1,0,0,1,Material Defect
903,65.66,112.07,4.0,88.86,61.41,55.36,65.58,12.32,677.6,3.38,2389.5,362.0,CNC,Aluminum,Morning,Expert,Line_B,1,0,0,0,1,1,0,0,0,1,0,0,0,0,0,1,Material Defect
904,73.22,109.04,3.19,99.34,54.23,46.06,41.33,5.1,826.6,2.85,890.8,448.0,CNC,Alloy,Morning,Expert,Line_A,0,1,0,0,0,0,0,0,0,0,0,0,0,0,0,0,No Defect
905,71.89,113.51,3.61,74.53,64.82,46.41,49.5,4.4,715.0,3.71,934.5,492.0,CNC,Aluminum,Night,Intermediate,Line_B,0,0,0,0,0,0,0,1,0,0,0,0,1,0,0,0,No Defect
906,76.89,109.37,3.81,103.75,70.89,50.87,44.71,3.85,801.2,3.05,1582.6,389.0,Milling,Alloy,Night,Experienced,Line_A,0,0,0,0,1,0,0,0,1,0,0,0,1,0,0,0,No Defect
907,74.31,129.98,2.85,120.05,76.21,49.51,55.7,5.26,608.2,3.65,2049.7,513.0,Injection_Molding,Aluminum,Morning,Experienced,Line_B,0,0,0,1,0,0,1,0,1,1,1,0,0,0,0,0,No Defect
908,80.9,128.98,2.44,110.32,78.29,50.44,58.62,7.51,654.1,3.91,1549.6,543.0,Injection_Molding,Alloy,Night,Intermediate,Line_C,0,0,1,1,0,0,1,1,1,0,1,0,1,0,0,1,Dimensional Defect
909,67.76,120.64,2.01,89.93,70.74,53.74,50.79,5.45,767.0,2.95,388.1,345.0,CNC,Steel,Evening,Expert,Line_D,0,0,0,0,0,0,0,0,1,0,0,0,0,0,0,0,No Defect
910,69.53,111.27,1.82,73.61,55.63,43.12,,3.7,729.1,3.07,1095.2,434.0,CNC,Aluminum,Evening,Experienced,Line_D,0,0,0,0,0,0,0,0,0,0,0,0,0,0,0,0,No Defect
911,73.83,127.55,2.51,87.62,79.65,53.22,72.19,4.87,699.1,4.24,1804.0,438.0,Lathe,Aluminum,Night,Expert,Line_C,0,0,0,1,0,1,0,1,1,0,0,0,1,0,0,0,No Defect
912,73.01,112.35,5.72,,64.9,41.94,71.04,11.09,672.4,2.44,2037.7,400.0,Injection_Molding,Alloy,Evening,Intermediate,Line_A,1,0,0,0,1,1,0,0,0,1,0,0,0,0,0,1,Dimensional Defect
913,73.31,106.7,2.37,89.19,68.33,39.15,49.95,4.3,695.2,3.13,897.9,307.0,Lathe,Steel,Evening,Expert,Line_A,0,0,0,0,0,0,0,0,0,0,0,0,0,0,0,0,No Defect
914,73.88,130.01,1.4,118.92,57.51,37.49,58.42,6.22,766.1,3.5,2006.6,430.0,Milling,Plastic,Evening,Experienced,Line_D,0,0,0,1,0,0,1,0,0,1,0,0,0,0,0,1,Surface Defect
915,69.57,112.24,6.0,79.63,54.4,55.95,63.92,10.04,666.7,,2383.6,426.0,Press,Aluminum,Morning,Experienced,Line_C,1,0,0,0,1,1,0,0,0,1,0,0,0,0,0,1,Dimensional Defect
916,77.73,109.55,2.29,60.0,66.51,55.46,49.59,5.06,704.7,2.37,1108.8,339.0,Injection_Molding,Aluminum,Night,Expert,Line_A,0,0,1,0,0,0,0,0,0,0,0,0,1,0,0,0,No Defect
917,78.69,131.57,4.48,105.59,54.91,62.11,29.68,6.56,849.2,3.17,1440.4,482.0,Press,Alloy,Evening,Intermediate,Line_B,0,1,1,1,1,0,1,0,0,0,0,0,0,0,1,1,Material Defect
918,76.4,122.6,3.27,110.27,71.03,36.21,43.98,4.75,871.4,3.5,1624.0,350.0,CNC,Steel,Night,Experienced,Line_D,0,1,0,0,0,0,1,0,1,0,0,0,1,0,0,0,No Defect
919,78.43,120.43,3.5,89.05,73.64,57.77,65.36,8.23,704.7,3.51,1701.6,400.0,CNC,Alloy,Night,Experienced,Line_A,1,0,1,0,0,1,0,0,1,0,0,0,1,0,0,0,No Defect
920,74.93,122.65,3.06,94.8,55.96,44.71,,3.63,734.0,3.83,575.0,471.0,Press,Composite,Evening,Expert,Line_B,0,0,0,0,0,0,0,1,0,0,0,0,0,0,0,0,No Defect
921,71.61,115.81,2.22,84.91,61.92,45.81,42.52,4.57,732.0,2.97,1032.6,364.0,CNC,Alloy,Evening,Expert,Line_B,0,0,0,0,0,0,0,0,0,0,0,0,0,0,0,1,Assembly Defect
922,76.07,124.73,2.58,130.0,80.39,51.9,62.59,4.52,749.8,4.44,2038.6,479.0,Lathe,Steel,Night,New,Line_A,0,0,1,0,0,1,1,1,1,1,0,0,1,1,0,1,Structural Defect
923,66.97,115.69,4.13,106.16,65.47,59.02,68.14,10.77,720.2,3.31,2107.5,306.0,CNC,Steel,Evening,Intermediate,Line_B,1,0,0,0,1,1,1,0,0,1,0,0,0,0,0,1,Material Defect
924,77.33,129.9,2.98,130.0,56.86,50.43,41.6,4.63,838.6,2.46,897.7,494.0,Injection_Molding,Alloy,Evening,Expert,Line_C,0,1,1,1,0,0,1,0,0,0,0,0,0,0,1,0,No Defect
925,74.62,,3.81,98.63,,59.56,48.83,3.71,,3.46,978.7,387.0,Press,Composite,Morning,Expert,Line_A,0,0,0,0,1,0,0,0,0,0,0,0,0,0,0,0,No Defect
926,79.25,114.11,4.71,70.39,56.6,59.06,70.55,8.32,642.7,3.32,2120.2,262.0,CNC,Alloy,Evening,Experienced,Line_A,1,0,1,0,1,1,0,0,0,1,0,0,0,0,0,1,Surface Defect
927,77.11,,3.59,121.69,70.76,51.25,54.97,2.66,818.4,2.94,1102.3,456.0,Milling,Steel,Morning,Expert,Line_A,0,0,1,0,0,0,1,0,1,0,0,0,0,0,0,0,No Defect
928,71.95,117.24,2.41,97.39,52.86,50.38,58.49,3.88,679.7,3.93,1272.0,516.0,Press,Composite,Morning,Intermediate,Line_B,0,0,0,0,0,0,0,1,0,0,1,0,0,0,0,0,No Defect
929,79.87,106.86,1.89,71.48,66.74,44.04,51.83,3.45,735.7,2.5,857.1,428.0,Lathe,Alloy,Morning,New,Line_C,0,0,1,0,0,0,0,0,0,0,0,0,0,1,0,0,No Defect
930,66.66,126.89,2.03,99.02,70.99,47.74,55.48,3.28,760.0,3.15,875.9,474.0,Milling,Steel,Evening,Expert,Line_C,0,0,0,1,0,0,0,0,1,0,0,0,0,0,1,0,No Defect
931,78.18,123.77,3.66,119.39,61.13,57.26,49.75,3.87,838.7,2.89,1112.8,465.0,Milling,Plastic,Night,Experienced,Line_A,0,1,1,0,0,0,1,0,0,0,0,0,1,0,0,0,No Defect
932,80.81,124.74,2.73,120.75,68.21,50.75,36.2,2.6,845.1,2.9,1087.7,499.0,Milling,Aluminum,Evening,Experienced,Line_C,0,1,1,0,0,0,1,0,0,0,0,0,0,0,1,0,No Defect
933,66.52,116.55,1.33,79.57,51.59,43.47,30.72,5.54,776.2,3.29,612.2,380.0,Injection_Molding,Aluminum,Night,Experienced,Line_A,0,0,0,0,0,0,0,0,0,0,0,0,1,0,0,0,No Defect
934,78.18,127.92,2.79,114.26,76.1,53.98,58.01,6.88,651.7,4.34,,434.0,Milling,Aluminum,Night,Intermediate,Line_A,0,0,1,1,0,0,1,1,1,0,0,0,1,0,0,0,No Defect
935,71.02,133.73,2.31,130.0,68.42,46.73,67.13,6.4,678.5,4.8,1468.4,558.0,CNC,Steel,Evening,Intermediate,Line_B,0,0,0,1,0,1,1,1,0,0,1,0,0,0,0,0,No Defect
936,81.35,127.95,1.8,112.39,51.49,54.13,49.24,6.04,805.3,1.75,1385.1,438.0,Press,Aluminum,Evening,Intermediate,Line_C,0,0,1,1,0,0,1,0,0,0,0,0,0,0,0,0,No Defect
937,69.83,126.42,2.8,90.12,57.72,57.25,44.82,5.81,784.5,3.15,1040.5,432.0,Milling,Composite,Morning,New,Line_C,0,0,0,1,0,0,0,0,0,0,0,0,0,1,0,0,No Defect
938,71.77,119.9,2.49,95.78,60.15,45.71,54.41,2.66,735.8,3.78,1240.5,349.0,Injection_Molding,Steel,Evening,Experienced,Line_B,0,0,0,0,0,0,0,1,0,0,0,0,0,0,0,0,No Defect
939,69.17,109.49,1.81,79.56,57.51,44.15,49.41,1.18,715.3,2.95,997.1,400.0,Milling,Aluminum,Evening,Experienced,Line_A,0,0,0,0,0,0,0,0,0,0,0,0,0,0,0,0,No Defect
940,74.28,112.8,2.3,103.2,66.3,61.18,39.79,7.47,820.5,3.08,1186.7,445.0,Lathe,Composite,Night,Expert,Line_A,1,1,0,0,0,0,0,0,0,0,0,0,1,0,0,0,No Defect
941,80.96,116.55,4.28,107.68,67.58,43.51,38.41,3.75,851.3,2.48,563.5,387.0,Milling,Aluminum,Evening,Experienced,Line_A,0,1,1,0,1,0,1,0,0,0,0,0,0,0,0,0,No Defect
942,73.11,129.98,3.2,100.22,81.12,41.27,54.25,5.57,742.7,4.32,2013.5,536.0,Injection_Molding,Steel,Evening,Expert,Line_A,0,0,0,1,0,0,0,1,1,1,1,0,0,0,0,0,No Defect
943,74.88,98.22,2.44,89.44,66.06,55.85,45.13,4.39,769.2,2.85,939.8,309.0,Milling,Aluminum,Night,Expert,Line_B,0,0,0,0,0,0,0,0,0,0,0,0,1,0,0,1,Structural Defect
944,72.55,92.73,4.18,70.91,46.28,53.9,74.63,8.73,642.5,3.82,2516.5,418.0,CNC,Aluminum,Evening,Intermediate,Line_C,0,0,0,0,1,1,0,1,0,1,0,0,0,0,0,1,Surface Defect
945,74.38,119.29,1.6,94.02,60.21,57.94,46.58,6.64,706.2,3.68,1050.0,357.0,CNC,Steel,Morning,Expert,Line_C,0,0,0,0,0,0,0,0,0,0,0,0,0,0,0,0,No Defect
946,70.15,128.34,2.0,87.56,64.3,56.28,45.52,3.93,741.8,3.71,1326.2,328.0,Press,Aluminum,Morning,Experienced,Line_A,0,0,0,1,0,0,0,1,0,0,0,0,0,0,0,0,No Defect
947,73.82,109.36,3.22,63.3,47.93,50.75,43.04,6.08,730.8,2.88,714.1,290.0,Injection_Molding,Composite,Night,Experienced,Line_A,0,0,0,0,0,0,0,0,0,0,0,0,1,0,0,0,No Defect
948,72.64,106.22,3.79,103.8,55.26,36.62,62.97,10.38,692.2,3.36,1770.2,243.0,CNC,Aluminum,Morning,Experienced,Line_A,1,0,0,0,1,1,0,0,0,0,0,0,0,0,0,0,No Defect
949,78.54,126.79,3.49,115.23,47.58,49.25,48.6,4.72,802.6,2.88,1493.1,467.0,CNC,Plastic,Evening,New,Line_C,0,0,1,1,0,0,1,0,0,0,0,0,0,1,1,0,No Defect
950,67.97,113.41,2.05,99.73,67.78,49.79,47.98,4.34,870.3,3.5,1415.5,314.0,Injection_Molding,Alloy,Morning,Intermediate,Line_D,0,1,0,0,0,0,0,0,0,0,0,0,0,0,0,0,No Defect
951,77.7,137.54,3.14,130.0,66.45,35.0,54.05,3.46,769.8,4.56,1915.1,456.0,CNC,Composite,Evening,Expert,Line_D,0,0,1,1,0,0,1,1,0,0,0,0,0,0,1,0,No Defect
952,78.5,126.33,3.35,105.32,76.82,56.59,66.01,4.1,673.0,4.52,1690.2,388.0,Lathe,Steel,Morning,Experienced,Line_A,0,0,1,1,0,1,1,1,1,0,0,0,0,0,0,0,No Defect
953,70.45,117.02,1.98,85.28,55.24,42.72,47.35,1.36,766.6,3.54,843.6,355.0,Lathe,Steel,Night,Experienced,Line_C,0,0,0,0,0,0,0,0,0,0,0,0,1,0,0,0,No Defect
954,71.0,,2.05,106.4,65.44,35.0,41.46,2.51,804.6,3.34,1050.9,438.0,Press,Steel,Night,Experienced,Line_B,0,1,0,0,0,0,1,0,0,0,0,0,1,0,0,0,No Defect
955,72.57,127.92,2.11,99.04,71.74,49.8,60.44,4.51,789.4,3.89,1407.7,485.0,Injection_Molding,Aluminum,Morning,Experienced,Line_A,0,0,0,1,0,1,0,1,1,0,0,0,0,0,1,0,No Defect
956,77.77,121.2,3.23,102.53,55.64,43.93,44.23,4.22,747.0,3.59,1467.0,485.0,Milling,Alloy,Evening,Intermediate,Line_A,0,0,1,0,0,0,0,0,0,0,0,0,0,0,0,0,No Defect
957,77.99,117.83,2.39,110.13,56.02,52.77,39.18,7.35,827.5,3.03,1780.2,466.0,Injection_Molding,Composite,Morning,Experienced,Line_D,0,1,1,0,0,0,1,0,0,0,0,0,0,0,0,0,No Defect
958,74.17,115.74,1.56,79.92,54.18,45.29,52.43,4.34,756.0,2.83,1033.5,444.0,Milling,Alloy,Evening,Experienced,Line_B,0,0,0,0,0,0,0,0,0,0,0,0,0,0,0,0,No Defect
959,75.17,132.99,3.28,125.03,52.87,51.19,42.77,4.42,875.9,2.65,1025.2,367.0,Press,Aluminum,Night,Experienced,Line_B,0,1,0,1,0,0,1,0,0,0,0,0,1,0,0,0,No Defect
960,76.23,115.04,3.46,115.61,45.0,53.18,42.12,2.47,802.9,3.37,1398.0,516.0,Lathe,Plastic,Evening,Expert,Line_A,0,0,0,0,0,0,1,0,0,0,1,0,0,0,1,1,Material Defect
961,69.49,122.6,1.83,73.92,57.74,52.2,44.23,0.97,707.6,3.34,446.1,,CNC,Aluminum,Morning,Experienced,Line_A,0,0,0,0,0,0,0,0,0,0,0,0,0,0,0,0,No Defect
962,69.98,126.71,2.48,80.98,49.42,52.35,48.83,1.92,684.2,3.14,1031.3,268.0,CNC,Plastic,Night,Expert,Line_D,0,0,0,1,0,0,0,0,0,0,0,0,1,0,0,0,No Defect
963,75.58,121.57,2.85,60.0,50.69,54.85,37.94,3.81,706.2,3.3,1250.7,457.0,Milling,Plastic,Evening,Experienced,Line_C,0,0,0,0,0,0,0,0,0,0,0,0,0,0,0,0,No Defect
964,77.73,140.0,2.38,130.0,79.41,39.9,60.19,5.05,686.7,4.5,1679.5,414.0,CNC,Alloy,Morning,Expert,Line_A,0,0,1,1,0,0,1,1,1,0,0,0,0,0,0,0,No Defect
965,72.04,131.85,3.38,109.77,78.54,38.77,54.48,5.14,750.3,4.93,1567.6,497.0,Lathe,Steel,Morning,Intermediate,Line_A,0,0,0,1,0,0,1,1,1,0,0,0,0,0,1,0,No Defect
966,81.15,115.83,2.98,114.18,62.76,45.89,47.05,3.14,756.8,3.59,1789.5,508.0,Lathe,Composite,Morning,New,Line_B,0,0,1,0,0,0,1,0,0,0,1,0,0,1,0,0,No Defect
967,80.77,111.86,,109.33,45.0,61.83,48.89,3.66,845.7,,1473.9,402.0,CNC,Aluminum,Morning,Experienced,Line_D,0,1,1,0,0,0,1,0,0,0,0,0,0,0,0,0,No Defect
968,71.35,118.01,2.26,106.39,67.66,49.8,45.13,3.91,815.0,4.04,719.9,432.0,CNC,Alloy,Night,Experienced,Line_B,0,0,0,0,0,0,1,1,0,0,0,0,1,0,0,0,No Defect
969,80.63,128.16,1.36,107.69,71.05,47.21,73.54,3.8,647.8,4.95,2120.9,508.0,Injection_Molding,Composite,Morning,Experienced,Line_B,0,0,1,1,0,1,1,1,1,1,1,0,0,0,0,1,Dimensional Defect
970,72.34,127.59,2.33,87.82,49.1,52.89,43.78,2.42,,2.4,357.6,337.0,Press,Alloy,Evening,Expert,Line_B,0,0,0,1,0,0,0,0,0,0,0,0,0,0,0,0,No Defect
971,78.64,115.41,2.08,92.9,54.49,52.06,36.76,5.91,859.6,2.49,1006.2,446.0,CNC,Plastic,Morning,Expert,Line_B,0,1,1,0,0,0,0,0,0,0,0,0,0,0,0,0,No Defect
972,79.57,115.87,1.79,97.65,54.76,43.89,50.7,5.06,781.3,2.71,855.1,353.0,Press,Steel,Morning,Intermediate,Line_A,0,0,1,0,0,0,0,0,0,0,0,0,0,0,0,0,No Defect
973,70.3,127.09,2.62,130.0,78.89,50.13,,3.31,771.2,4.67,1986.4,476.0,Milling,Steel,Morning,Expert,Line_D,0,0,0,1,0,0,1,1,1,1,0,0,0,0,0,0,No Defect
974,72.49,127.57,3.28,129.25,57.78,52.66,65.27,4.31,659.2,3.97,1633.2,494.0,CNC,Aluminum,Night,Intermediate,Line_C,0,0,0,1,0,1,1,1,0,0,0,0,1,0,0,0,No Defect
975,77.77,103.96,2.35,85.78,56.91,52.75,49.29,2.22,686.1,3.49,446.3,412.0,CNC,Aluminum,Evening,Intermediate,Line_C,0,0,1,0,0,0,0,0,0,0,0,0,0,0,0,0,No Defect
976,74.72,113.64,,69.75,65.46,49.38,55.77,4.61,726.4,2.85,634.5,448.0,CNC,Aluminum,Morning,Intermediate,Line_A,0,0,0,0,0,0,0,0,0,0,0,0,0,0,0,0,No Defect
977,75.31,122.26,5.52,96.82,61.35,57.0,60.62,10.32,642.6,2.86,2259.6,349.0,Lathe,Composite,Morning,Expert,Line_D,1,0,0,1,1,0,0,0,0,1,0,0,0,0,0,0,No Defect
978,77.27,112.84,5.91,105.09,71.49,57.04,61.5,9.78,718.0,4.15,2428.4,457.0,CNC,Steel,Morning,Expert,Line_A,1,0,1,0,1,0,1,1,1,1,0,0,0,0,0,1,Dimensional Defect
979,72.14,131.9,3.29,130.0,85.0,42.12,55.56,4.65,636.3,4.9,1873.8,447.0,Lathe,Steel,Evening,Experienced,Line_C,0,0,0,1,0,0,1,1,1,0,0,0,0,0,0,0,No Defect
980,70.77,110.53,1.97,80.06,62.53,43.75,56.83,2.9,710.1,,1294.6,341.0,CNC,Composite,Morning,Experienced,Line_C,0,0,0,0,0,0,0,0,0,0,0,0,0,0,0,0,No Defect
981,75.92,114.83,2.95,109.72,57.22,51.76,40.22,2.57,891.5,3.19,1422.0,421.0,Milling,Composite,Morning,Intermediate,Line_B,0,1,0,0,0,0,1,0,0,0,0,0,0,0,0,0,No Defect
982,78.59,127.46,3.58,106.18,56.6,49.56,35.29,,798.3,2.85,1119.7,450.0,Milling,Aluminum,Morning,Experienced,Line_A,0,0,1,1,0,0,1,0,0,0,0,0,0,0,1,0,No Defect
983,76.13,125.54,3.94,102.91,45.0,50.61,44.5,2.79,875.9,2.86,,520.0,Milling,Plastic,Evening,Experienced,Line_C,0,1,0,1,1,0,0,0,0,0,1,0,0,0,1,0,No Defect
984,79.26,105.51,2.19,111.62,58.01,41.17,37.14,,891.5,2.55,1229.4,516.0,Injection_Molding,Composite,Night,Expert,Line_D,0,1,1,0,0,0,1,0,0,0,1,0,1,0,1,0,No Defect
985,69.65,130.36,2.44,107.17,66.88,61.63,63.23,3.88,749.7,3.76,2264.6,548.0,CNC,Plastic,Evening,Intermediate,Line_A,0,0,0,1,0,1,1,1,0,1,1,0,0,0,0,0,No Defect
986,81.55,126.44,2.9,126.13,60.25,52.15,37.3,4.37,817.7,3.75,689.0,415.0,Injection_Molding,Steel,Night,Experienced,Line_C,0,0,1,1,0,0,1,1,0,0,0,0,1,0,0,1,Structural Defect
987,74.8,113.37,3.13,102.09,75.91,49.64,40.64,4.04,836.0,3.05,1001.3,457.0,Injection_Molding,Alloy,Evening,Experienced,Line_B,0,1,0,0,0,0,0,0,1,0,0,0,0,0,0,0,No Defect
988,75.15,103.66,4.34,91.32,59.69,56.24,75.0,7.84,598.5,2.69,2001.0,342.0,Milling,Alloy,Evening,Expert,Line_B,1,0,0,0,1,1,0,0,0,1,0,0,0,0,0,1,Surface Defect
989,76.74,100.69,4.8,97.33,55.05,52.05,60.86,12.93,657.0,2.28,2243.4,358.0,CNC,Aluminum,Morning,Expert,Line_D,1,0,1,0,1,0,0,0,0,1,0,0,0,0,0,0,No Defect
990,73.89,128.15,2.61,130.0,58.0,46.03,62.23,2.92,772.4,4.56,1679.4,366.0,Milling,Plastic,Night,Intermediate,Line_B,0,0,0,1,0,1,1,1,0,0,0,0,1,0,0,0,No Defect
991,76.41,118.54,3.83,89.64,59.21,56.95,62.99,11.82,714.3,3.49,2343.8,326.0,Injection_Molding,Aluminum,Morning,Expert,Line_C,1,0,0,0,1,1,0,0,0,1,0,0,0,0,0,1,Surface Defect
992,74.63,135.1,3.44,111.81,67.91,53.32,68.38,7.04,658.9,4.36,2125.1,351.0,Injection_Molding,Plastic,Morning,Experienced,Line_B,0,0,0,1,0,1,1,1,0,1,0,0,0,0,0,0,No Defect
993,75.56,120.03,3.67,120.24,73.96,59.11,39.42,5.41,837.4,3.51,1279.6,499.0,CNC,Steel,Morning,Intermediate,Line_C,0,1,0,0,0,0,1,0,1,0,0,0,0,0,1,0,No Defect
994,68.13,113.43,1.63,80.9,51.26,54.0,50.35,3.32,685.8,2.62,1069.7,456.0,Lathe,Plastic,Evening,Expert,Line_B,0,0,0,0,0,0,0,0,0,0,0,0,0,0,0,0,No Defect
995,75.62,114.41,1.63,87.64,56.73,45.07,54.53,3.5,768.8,3.41,611.2,428.0,Press,Aluminum,Morning,Experienced,Line_B,0,0,0,0,0,0,0,0,0,0,0,0,0,0,0,0,No Defect
996,76.75,121.75,3.55,108.86,72.26,47.54,71.24,3.72,592.6,3.56,2113.3,447.0,Lathe,Aluminum,Morning,Experienced,Line_A,0,0,0,0,1,1,1,0,1,1,0,0,0,0,0,0,No Defect
997,70.12,106.99,4.11,90.98,67.33,70.0,68.88,11.12,617.7,,2361.7,,Injection_Molding,Steel,Morning,Expert,Line_A,1,0,0,0,1,1,0,0,0,1,0,1,0,0,0,1,Surface Defect
998,82.3,123.81,2.19,94.75,77.32,51.59,60.17,5.2,761.2,4.5,1530.6,317.0,Injection_Molding,Steel,Morning,New,Line_C,0,0,1,0,0,0,0,1,1,0,0,0,0,1,0,1,Structural Defect
999,79.49,106.44,3.7,122.24,49.83,46.83,38.36,4.3,850.9,2.43,1217.9,463.0,Injection_Molding,Plastic,Morning,Experienced,Line_C,0,1,1,0,1,0,1,0,0,0,0,0,0,0,0,0,No Defect
1000,75.95,116.66,1.94,65.89,48.85,57.61,52.3,4.21,708.5,2.73,802.3,262.0,Milling,Plastic,Night,Intermediate,Line_B,0,0,0,0,0,0,0,0,0,0,0,0,1,0,0,0,No Defect
1001,76.74,119.56,2.47,87.78,53.8,42.71,52.28,3.08,735.9,3.63,1004.6,377.0,Lathe,Composite,Morning,Experienced,Line_D,0,0,0,0,0,0,0,0,0,0,0,0,0,0,0,0,No Defect
1002,81.43,133.18,3.17,107.17,77.63,49.26,65.46,7.9,673.8,4.5,1836.2,287.0,Injection_Molding,Composite,Night,Experienced,Line_D,0,0,1,1,0,1,1,1,1,1,0,0,1,0,0,1,Dimensional Defect
1003,82.32,125.7,1.81,129.59,68.15,50.61,49.16,2.76,654.5,3.73,1680.9,345.0,Press,Composite,Evening,Experienced,Line_C,0,0,1,1,0,0,1,1,0,0,0,0,0,0,0,0,No Defect
1004,80.86,121.23,3.43,88.24,61.74,53.34,54.37,2.37,748.7,2.76,872.3,437.0,Press,Aluminum,Morning,New,Line_A,0,0,1,0,0,0,0,0,0,0,0,0,0,1,0,0,No Defect
1005,80.43,118.3,3.25,103.0,55.62,47.3,47.41,3.03,766.5,3.08,1080.8,418.0,CNC,Plastic,Night,Intermediate,Line_D,0,0,1,0,0,0,0,0,0,0,0,0,1,0,0,0,No Defect
1006,69.03,120.74,3.0,86.35,65.81,53.28,40.43,5.81,689.3,3.56,830.6,368.0,Milling,Steel,Morning,Experienced,Line_B,0,0,0,0,0,0,0,0,0,0,0,0,0,0,0,0,No Defect
1007,73.34,121.22,3.25,110.61,63.24,44.22,33.52,5.18,893.3,2.68,372.4,392.0,Milling,Composite,Evening,Experienced,Line_D,0,1,0,0,0,0,1,0,0,0,0,0,0,0,0,0,No Defect
1008,73.53,123.74,2.65,118.65,76.38,42.88,75.43,4.79,521.2,5.11,1896.8,380.0,Lathe,Steel,Morning,Experienced,Line_C,0,0,0,0,0,1,1,1,1,0,0,0,0,0,0,1,Material Defect
1009,74.72,118.42,3.04,124.48,66.93,44.52,38.61,6.06,840.0,2.59,1889.4,527.0,Press,Aluminum,Morning,Expert,Line_D,0,1,0,0,0,0,1,0,0,1,1,0,0,0,1,1,Dimensional Defect
1010,67.03,107.75,2.83,104.07,67.9,63.35,61.32,12.09,653.6,3.19,2099.4,379.0,CNC,Alloy,Morning,Experienced,Line_D,1,0,0,0,0,0,0,0,0,1,0,1,0,0,0,0,No Defect
1011,80.19,125.43,3.06,113.62,68.78,55.33,46.36,2.74,809.5,2.2,1640.1,401.0,Injection_Molding,Alloy,Evening,Expert,Line_B,0,1,1,1,0,0,1,0,0,0,0,0,0,0,0,0,No Defect
1012,78.08,124.46,2.65,110.19,81.24,59.01,61.5,5.93,674.9,4.97,1944.0,363.0,Press,Alloy,Evening,New,Line_A,0,0,1,0,0,0,1,1,1,0,0,0,0,1,0,0,No Defect
1013,77.93,122.11,3.55,118.12,67.55,47.9,42.92,1.58,834.8,2.73,1603.2,436.0,Press,Steel,Morning,Intermediate,Line_B,0,1,1,0,1,0,1,0,0,0,0,0,0,0,0,0,No Defect
1014,72.63,108.63,3.98,103.35,59.52,51.04,67.91,10.72,670.1,2.67,1910.3,342.0,Lathe,Alloy,Evening,Experienced,Line_A,1,0,0,0,1,1,0,0,0,0,0,0,0,0,0,0,No Defect
1015,78.94,124.63,2.88,112.81,64.31,47.24,48.5,5.34,761.5,4.48,1724.3,388.0,Press,Plastic,Night,Intermediate,Line_B,0,0,1,1,0,0,1,1,0,0,0,0,1,0,0,0,No Defect
1016,74.04,130.83,2.97,119.93,78.83,53.04,62.29,4.43,654.0,4.47,2148.6,428.0,CNC,Alloy,Morning,Expert,Line_D,0,0,0,1,0,1,1,1,1,1,0,0,0,0,0,1,Structural Defect
1017,76.07,112.99,4.75,109.58,68.77,50.03,53.66,8.32,789.4,2.79,2087.8,232.0,Milling,Steel,Evening,Expert,Line_C,0,0,0,0,1,0,1,0,0,1,0,0,0,0,0,1,Surface Defect
1018,74.68,107.89,2.09,82.77,50.69,54.5,29.5,1.58,714.1,2.78,1175.8,299.0,Press,Composite,Morning,Intermediate,Line_C,0,0,0,0,0,0,0,0,0,0,0,0,0,0,0,0,No Defect
1019,74.79,119.86,1.9,123.82,85.0,63.26,53.49,5.67,702.8,4.7,1377.3,507.0,Injection_Molding,Alloy,Night,Expert,Line_B,0,0,0,0,0,0,1,1,1,0,1,1,1,0,0,1,Surface Defect
1020,74.67,114.18,2.77,82.14,61.44,49.88,49.41,3.47,739.4,2.78,484.3,295.0,CNC,Composite,Night,Intermediate,Line_D,0,0,0,0,0,0,0,0,0,0,0,0,1,0,0,0,No Defect
1021,74.83,123.98,3.07,130.0,56.07,57.75,47.11,4.31,867.8,3.23,1813.1,401.0,Injection_Molding,Steel,Night,Experienced,Line_A,0,1,0,1,0,0,1,0,0,0,0,0,1,0,0,0,No Defect
1022,71.71,110.35,1.96,68.41,58.08,48.15,43.56,3.84,721.7,2.53,511.7,429.0,Injection_Molding,Composite,Evening,Intermediate,Line_B,0,0,0,0,0,0,0,0,0,0,0,0,0,0,0,0,No Defect
1023,77.91,100.01,5.36,82.38,63.91,49.53,64.58,10.92,639.7,3.03,1723.9,289.0,CNC,Aluminum,Evening,Intermediate,Line_A,1,0,1,0,1,1,0,0,0,0,0,0,0,0,0,1,Assembly Defect
1024,72.54,102.21,2.07,,56.1,46.8,49.56,4.63,694.5,3.69,617.3,392.0,Lathe,Steel,Morning,Intermediate,Line_B,0,0,0,0,0,0,0,0,0,0,0,0,0,0,0,0,No Defect
1025,73.86,123.09,3.43,98.93,68.17,48.74,49.81,7.09,641.6,4.62,1903.4,475.0,Injection_Molding,Alloy,Evening,Experienced,Line_A,0,0,0,0,0,0,0,1,0,0,0,0,0,0,0,0,No Defect
1026,74.51,107.85,2.09,74.43,68.28,48.73,42.79,5.27,758.0,2.81,1118.5,506.0,CNC,Steel,Morning,Expert,Line_D,0,0,0,0,0,0,0,0,0,0,1,0,0,0,0,0,No Defect
1027,66.51,116.21,2.65,90.41,62.6,48.77,39.14,3.33,787.3,3.14,834.3,438.0,Lathe,Steel,Evening,Expert,Line_A,0,0,0,0,0,0,0,0,0,0,0,0,0,0,0,1,Dimensional Defect
1028,80.83,131.49,1.9,123.29,56.78,58.03,52.52,7.01,769.1,2.51,1253.3,421.0,CNC,Composite,Night,Expert,Line_A,0,0,1,1,0,0,1,0,0,0,0,0,1,0,0,0,No Defect
1029,74.89,106.79,2.49,75.42,45.0,40.85,53.87,3.81,668.7,2.13,1183.0,370.0,CNC,Plastic,Evening,Experienced,Line_B,0,0,0,0,0,0,0,0,0,0,0,0,0,0,0,0,No Defect
1030,72.03,106.49,2.15,70.99,61.19,41.05,40.65,3.94,705.4,2.52,939.0,408.0,Press,Alloy,Evening,Intermediate,Line_B,0,0,0,0,0,0,0,0,0,0,0,0,0,0,0,0,No Defect
1031,80.73,119.38,3.36,130.0,63.36,49.76,31.64,5.75,886.2,2.88,1016.4,654.0,Lathe,Composite,Night,Intermediate,Line_B,0,1,1,0,0,0,1,0,0,0,1,0,1,0,1,0,No Defect
1032,73.62,129.35,3.24,86.6,50.63,47.28,56.58,1.25,791.3,2.41,718.0,406.0,Injection_Molding,Plastic,Morning,New,Line_A,0,0,0,1,0,0,0,0,0,0,0,0,0,1,0,0,No Defect
1033,72.1,107.94,2.01,79.0,57.94,49.18,59.21,1.82,685.8,3.28,869.6,,Injection_Molding,Aluminum,Morning,Expert,Line_C,0,0,0,0,0,0,0,0,0,0,0,0,0,0,0,0,No Defect
1034,73.41,128.42,1.81,87.09,71.34,48.11,41.8,5.52,763.7,3.44,542.7,453.0,CNC,Steel,Evening,Experienced,Line_B,0,0,0,1,0,0,0,0,1,0,0,0,0,0,0,0,No Defect
1035,68.67,115.67,3.45,118.89,68.95,46.19,66.85,4.93,665.1,4.09,1888.8,347.0,CNC,Composite,Night,Intermediate,Line_D,0,0,0,0,0,1,1,1,0,0,0,0,1,0,0,0,No Defect
1036,76.66,112.44,2.91,130.0,85.0,45.24,56.96,8.38,739.0,3.42,1677.3,550.0,Press,Alloy,Night,Experienced,Line_B,0,0,1,0,0,0,1,0,1,0,1,0,1,0,0,1,Material Defect
1037,74.71,106.05,3.33,99.02,72.29,62.68,47.99,3.82,845.0,3.21,1137.6,550.0,CNC,Alloy,Night,Experienced,Line_C,0,1,0,0,0,0,0,0,1,0,1,0,1,0,1,1,Material Defect
1038,74.28,113.67,2.11,89.07,77.27,44.86,51.73,4.63,802.0,4.09,951.8,,CNC,Alloy,Morning,Experienced,Line_A,0,0,0,0,0,0,0,1,1,0,0,0,0,0,0,0,No Defect
1039,68.68,115.54,3.1,105.27,75.53,49.03,53.06,7.97,685.5,3.94,1639.4,474.0,Lathe,Aluminum,Evening,Experienced,Line_B,0,0,0,0,0,0,1,1,1,0,0,0,0,0,0,0,No Defect
1040,74.28,112.16,3.02,87.53,47.43,56.3,50.2,2.22,722.6,3.08,1163.5,488.0,Injection_Molding,Aluminum,Night,Experienced,Line_D,0,0,0,0,0,0,0,0,0,0,0,0,1,0,0,0,No Defect
1041,72.21,,5.23,111.0,57.45,50.0,61.08,11.74,707.6,2.94,2166.7,292.0,Lathe,Aluminum,Night,Experienced,Line_D,1,0,0,0,1,0,1,0,0,1,0,0,1,0,0,0,No Defect
1042,80.8,110.66,2.96,107.36,57.5,40.38,37.7,3.77,850.4,2.31,978.9,464.0,CNC,Steel,Morning,Experienced,Line_B,0,1,1,0,0,0,1,0,0,0,0,0,0,0,1,0,No Defect
1043,77.43,127.41,3.38,123.03,85.0,54.02,61.06,2.48,713.3,4.94,1664.5,625.0,CNC,Aluminum,Night,Experienced,Line_B,0,0,1,1,0,1,1,1,1,0,1,0,1,0,0,0,No Defect
1044,73.23,127.28,2.49,97.26,67.66,36.28,,2.27,729.9,3.32,932.2,400.0,Milling,Composite,Evening,Intermediate,Line_D,0,0,0,1,0,0,0,0,0,0,0,0,0,0,0,0,No Defect
1045,72.92,110.92,3.39,84.41,61.28,46.46,49.9,6.02,714.3,3.11,1378.3,398.0,Injection_Molding,Aluminum,Morning,Experienced,Line_D,0,0,0,0,0,0,0,0,0,0,0,0,0,0,0,0,No Defect
1046,79.68,125.28,2.88,87.1,61.28,49.43,37.4,1.52,860.3,1.91,962.9,424.0,Injection_Molding,Aluminum,Evening,Experienced,Line_C,0,1,1,1,0,0,0,0,0,0,0,0,0,0,0,0,No Defect
1047,76.96,122.58,1.89,68.56,57.41,44.49,41.99,5.09,762.8,3.24,691.9,362.0,Press,Plastic,Morning,Intermediate,Line_B,0,0,0,1,0,0,0,0,0,0,0,0,0,0,0,0,No Defect
1048,75.7,110.48,2.27,76.13,52.82,51.12,41.61,4.29,825.0,3.23,582.8,406.0,Lathe,Alloy,Morning,Experienced,Line_A,0,1,0,0,0,0,0,0,0,0,0,0,0,0,0,0,No Defect
1049,66.72,116.87,2.02,81.89,57.59,47.08,44.71,3.83,756.6,2.53,974.6,327.0,CNC,Steel,Evening,Expert,Line_B,0,0,0,0,0,0,0,0,0,0,0,0,0,0,0,1,Surface Defect
1050,68.62,128.27,3.32,101.77,79.01,52.45,67.49,5.55,595.0,4.82,1991.4,658.0,Injection_Molding,Steel,Morning,Intermediate,Line_B,0,0,0,1,0,1,0,1,1,0,1,0,0,0,0,1,Structural Defect
1051,74.73,117.52,2.31,66.69,46.8,51.89,45.11,2.35,747.6,3.07,1034.3,331.0,Lathe,Plastic,Morning,New,Line_B,0,0,0,0,0,0,0,0,0,0,0,0,0,1,0,0,No Defect
1052,72.18,112.18,1.3,78.86,50.38,51.74,36.29,0.84,805.9,2.39,1438.0,357.0,Milling,Plastic,Evening,Experienced,Line_C,0,0,0,0,0,0,0,0,0,0,0,0,0,0,0,0,No Defect
1053,68.33,106.25,1.26,79.48,53.74,61.44,44.94,2.76,734.7,2.37,1221.5,385.0,Milling,Aluminum,Morning,Experienced,Line_D,0,0,0,0,0,0,0,0,0,0,0,0,0,0,0,0,No Defect
1054,71.86,140.0,2.86,119.76,69.19,51.23,63.45,6.27,752.8,2.97,1500.1,426.0,Lathe,Plastic,Morning,Expert,Line_B,0,0,0,1,0,1,1,0,0,0,0,0,0,0,0,1,Dimensional Defect
1055,72.34,122.33,3.69,129.14,83.83,49.67,65.45,4.92,653.2,3.69,1388.9,420.0,CNC,Aluminum,Evening,Intermediate,Line_A,0,0,0,1,0,1,1,0,1,0,0,0,0,0,0,1,Structural Defect
1056,77.21,127.55,,110.62,79.14,39.39,66.89,5.63,566.8,4.23,1322.1,374.0,Milling,Alloy,Morning,Expert,Line_B,0,0,1,1,0,1,1,1,1,0,0,0,0,0,0,0,No Defect
1057,77.04,127.33,3.34,125.05,59.59,54.48,49.7,3.02,797.2,3.07,986.9,606.0,CNC,Steel,Evening,Intermediate,Line_D,0,0,1,1,0,0,1,0,0,0,1,0,0,0,1,1,Assembly Defect
1058,73.56,110.76,2.78,125.11,58.79,57.18,32.02,3.72,802.3,3.48,1717.8,374.0,Milling,Steel,Evening,Expert,Line_D,0,0,0,0,0,0,1,0,0,0,0,0,0,0,0,0,No Defect
1059,74.06,109.9,3.21,97.88,61.97,60.69,51.36,6.42,776.0,2.75,1007.3,453.0,Injection_Molding,Composite,Evening,Expert,Line_A,0,0,0,0,0,0,0,0,0,0,0,0,0,0,0,0,No Defect
1060,74.06,111.43,4.11,94.61,59.49,53.38,45.41,2.89,745.1,3.47,972.3,544.0,Press,Steel,Evening,Experienced,Line_A,0,0,0,0,1,0,0,0,0,0,1,0,0,0,0,0,No Defect
1061,77.3,115.15,3.59,116.14,65.88,53.46,,12.78,782.4,3.49,2240.3,434.0,Milling,Steel,Evening,Intermediate,Line_D,1,0,1,0,0,0,1,0,0,1,0,0,0,0,0,0,No Defect
1062,84.68,115.35,2.73,115.47,67.38,39.79,,2.21,855.8,2.69,1531.8,484.0,Milling,Composite,Morning,Experienced,Line_B,0,1,1,0,0,0,1,0,0,0,0,0,0,0,1,0,No Defect
1063,79.21,127.05,3.37,115.07,56.08,47.21,37.55,2.22,882.2,2.74,1207.2,453.0,Lathe,Alloy,Evening,New,Line_B,0,1,1,1,0,0,1,0,0,0,0,0,0,1,0,0,No Defect
1064,81.16,120.61,4.85,100.46,69.4,54.36,59.76,12.28,641.2,3.55,2476.3,343.0,CNC,Alloy,Morning,Intermediate,Line_D,1,0,1,0,1,0,0,1,0,1,0,0,0,0,0,0,No Defect
1065,70.84,118.35,2.01,69.72,64.76,40.22,51.2,2.55,694.7,2.48,1127.3,357.0,Milling,Alloy,Morning,Intermediate,Line_D,0,0,0,0,0,0,0,0,0,0,0,0,0,0,0,1,Structural Defect
1066,74.06,126.4,4.28,130.0,79.61,46.13,54.78,5.44,797.1,4.56,1936.4,464.0,Lathe,Steel,Evening,Intermediate,Line_A,0,0,0,1,1,0,1,1,1,0,0,0,0,0,0,0,No Defect
1067,71.26,113.16,3.21,78.38,53.78,48.09,56.11,4.47,697.2,2.49,747.8,318.0,CNC,Aluminum,Night,Expert,Line_C,0,0,0,0,0,0,0,0,0,0,0,0,1,0,0,0,No Defect
1068,75.81,126.45,2.34,124.72,63.69,53.09,45.16,6.87,854.1,3.23,984.1,476.0,Milling,Alloy,Evening,Experienced,Line_A,0,1,0,1,0,0,1,0,0,0,0,0,0,0,1,0,No Defect
1069,71.53,127.52,3.38,108.1,56.49,52.41,47.03,4.92,838.5,2.93,958.2,476.0,Milling,Aluminum,Evening,Expert,Line_B,0,1,0,1,0,0,1,0,0,0,0,0,0,0,1,0,No Defect
1070,79.7,112.02,4.04,93.7,55.91,53.89,50.12,4.26,805.0,2.73,1284.2,496.0,Injection_Molding,Alloy,Morning,Intermediate,Line_B,0,0,1,0,1,0,0,0,0,0,0,0,0,0,1,0,No Defect
1071,70.71,115.45,3.66,68.73,49.28,49.22,56.96,3.49,692.6,2.93,406.8,246.0,Lathe,Composite,Night,Experienced,Line_D,0,0,0,0,0,0,0,0,0,0,0,0,1,0,0,1,Structural Defect
1072,67.65,110.48,1.49,61.2,50.43,47.04,35.21,3.31,822.2,2.96,821.7,309.0,CNC,Plastic,Morning,Intermediate,Line_C,0,1,0,0,0,0,0,0,0,0,0,0,0,0,0,0,No Defect
1073,73.13,113.28,1.59,103.12,64.32,44.03,46.51,2.83,784.6,2.8,703.0,381.0,CNC,Steel,Evening,Expert,Line_C,0,0,0,0,0,0,1,0,0,0,0,0,0,0,0,0,No Defect
1074,77.69,112.94,2.0,113.05,68.49,51.15,35.85,5.72,833.2,2.69,1401.3,518.0,CNC,Steel,Evening,New,Line_D,0,1,1,0,0,0,1,0,0,0,1,0,0,1,1,1,Structural Defect
1075,76.44,115.21,3.9,109.87,58.66,57.33,44.18,3.87,804.4,2.88,1285.4,651.0,CNC,Aluminum,Night,Expert,Line_A,0,1,0,0,1,0,1,0,0,0,1,0,1,0,1,0,No Defect
1076,73.1,120.41,3.38,81.89,65.57,40.71,39.0,6.9,776.0,2.73,969.1,314.0,Injection_Molding,Aluminum,Night,Intermediate,Line_C,0,0,0,0,0,0,0,0,0,0,0,0,1,0,0,0,No Defect
1077,73.19,116.01,5.54,89.94,67.85,48.13,60.14,8.79,774.0,2.94,2383.9,322.0,Injection_Molding,Steel,Evening,Intermediate,Line_B,0,0,0,0,1,0,0,0,0,1,0,0,0,0,0,0,No Defect
1078,69.62,124.84,2.11,108.07,85.0,56.89,74.81,6.29,691.3,5.36,1702.1,374.0,Milling,Steel,Night,New,Line_B,0,0,0,0,0,1,1,1,1,0,0,0,1,1,0,1,Structural Defect
1079,,127.7,3.64,116.82,59.17,53.09,50.36,1.2,826.0,2.94,1146.2,443.0,Press,Aluminum,Morning,Experienced,Line_A,0,1,0,1,1,0,1,0,0,0,0,0,0,0,0,0,No Defect
1080,70.99,107.09,3.59,96.86,62.16,46.53,57.62,11.23,686.9,3.71,1824.3,305.0,CNC,Steel,Morning,Experienced,Line_D,1,0,0,0,1,0,0,1,0,1,0,0,0,0,0,1,Surface Defect
1081,77.17,124.6,,108.9,67.9,54.7,41.87,4.73,824.2,2.95,,373.0,Injection_Molding,Steel,Night,Expert,Line_A,0,1,1,0,0,0,1,0,0,0,0,0,1,0,0,0,No Defect
1082,77.45,133.72,3.77,130.0,65.33,43.44,62.46,4.87,639.2,4.52,2214.1,394.0,Milling,Steel,Morning,Experienced,Line_A,0,0,1,1,1,1,1,1,0,1,0,0,0,0,0,0,No Defect
1083,69.47,113.15,1.65,65.81,,50.78,39.29,4.88,734.0,3.69,1075.9,361.0,Lathe,Steel,Morning,Expert,Line_C,0,0,0,0,0,0,0,0,0,0,0,0,0,0,0,0,No Defect
1084,72.22,124.38,2.31,73.65,59.47,47.57,43.67,3.66,727.3,3.3,1166.2,368.0,Milling,Alloy,Evening,Experienced,Line_D,0,0,0,0,0,0,0,0,0,0,0,0,0,0,0,0,No Defect
1085,83.07,115.09,3.02,100.04,70.22,49.36,43.89,0.5,830.4,3.03,1099.5,491.0,CNC,Steel,Morning,Experienced,Line_D,0,1,1,0,0,0,0,0,1,0,0,0,0,0,1,1,Dimensional Defect
1086,68.28,123.19,2.3,89.97,68.01,40.97,54.34,5.61,761.5,2.83,1057.3,468.0,Injection_Molding,Alloy,Evening,Expert,Line_A,0,0,0,0,0,0,0,0,0,0,0,0,0,0,1,0,No Defect
1087,71.75,116.21,3.22,115.67,80.22,39.11,49.49,5.32,685.0,5.01,1963.6,507.0,Press,Aluminum,Morning,New,Line_C,0,0,0,0,0,0,1,1,1,0,1,0,0,1,0,0,No Defect
1088,73.1,131.09,3.11,117.14,74.61,50.43,70.7,5.95,635.7,4.33,1866.2,495.0,Injection_Molding,Composite,Evening,New,Line_C,0,0,0,1,0,1,1,1,1,0,0,0,0,1,0,0,No Defect
1089,75.17,111.19,,97.61,75.98,46.57,62.21,7.32,650.0,,2172.6,366.0,Lathe,Plastic,Morning,Experienced,Line_C,0,0,0,0,0,1,0,0,1,1,0,0,0,0,0,0,No Defect
1090,77.14,136.33,3.25,116.57,82.37,51.55,64.82,5.91,701.0,4.91,1861.7,216.0,CNC,Steel,Morning,Intermediate,Line_A,0,0,1,1,0,1,1,1,1,1,0,0,0,0,0,1,Structural Defect
1091,78.82,122.18,4.45,99.29,50.79,50.12,80.39,12.04,657.9,3.24,2521.8,362.0,CNC,Composite,Evening,Experienced,Line_A,1,0,1,0,1,1,0,0,0,1,0,0,0,0,0,1,Structural Defect
1092,69.61,116.04,2.63,95.4,57.93,49.38,49.08,3.18,841.1,2.4,1064.6,492.0,Milling,Alloy,Night,Experienced,Line_A,0,1,0,0,0,0,0,0,0,0,0,0,1,0,1,0,No Defect
1093,77.45,104.15,3.14,86.17,56.73,48.78,56.23,5.28,753.9,2.59,1134.9,418.0,Lathe,Steel,Evening,Expert,Line_C,0,0,1,0,0,0,0,0,0,0,0,0,0,0,0,0,No Defect
1094,73.68,120.53,1.0,94.15,55.59,43.47,50.71,5.43,809.5,2.82,1009.7,363.0,Press,Alloy,Night,Expert,Line_C,0,0,0,0,0,0,0,0,0,0,0,0,1,0,0,0,No Defect
1095,75.06,129.02,2.92,119.86,62.83,65.77,37.0,4.79,926.4,2.93,858.0,422.0,Press,Alloy,Evening,Experienced,Line_C,0,1,0,1,0,0,1,0,0,0,0,1,0,0,0,1,Structural Defect
1096,82.01,127.13,3.85,107.86,74.18,51.56,54.57,6.06,669.1,3.68,1721.4,435.0,Lathe,Alloy,Morning,Intermediate,Line_A,0,0,1,1,1,0,1,0,1,0,0,0,0,0,0,1,Structural Defect
1097,72.41,117.74,2.56,108.89,62.43,43.65,44.26,0.5,729.9,3.16,688.3,486.0,Press,Composite,Morning,Experienced,Line_B,0,0,0,0,0,0,1,0,0,0,0,0,0,0,0,0,No Defect
1098,73.99,118.72,2.32,99.59,74.16,48.03,45.44,0.62,744.7,3.63,626.0,385.0,Press,Steel,Evening,Intermediate,Line_C,0,0,0,0,0,0,0,0,1,0,0,0,0,0,0,0,No Defect
1099,73.0,132.67,1.75,118.29,84.15,41.4,37.39,6.06,690.3,4.36,1678.7,396.0,CNC,Steel,Morning,New,Line_A,0,0,0,1,0,0,1,1,1,0,0,0,0,1,0,0,No Defect
1100,76.98,120.35,2.73,115.18,74.66,44.49,56.16,6.25,755.6,4.37,1681.6,523.0,Lathe,Steel,Night,Experienced,Line_D,0,0,1,0,0,0,1,1,1,0,1,0,1,0,0,0,No Defect
1101,78.18,111.33,1.57,82.9,50.33,58.79,43.31,4.51,751.9,3.05,953.0,400.0,Milling,Composite,Morning,Intermediate,Line_A,0,0,1,0,0,0,0,0,0,0,0,0,0,0,0,0,No Defect
1102,71.78,107.97,1.58,100.59,74.05,48.28,42.85,5.06,739.3,3.26,489.6,300.0,CNC,Steel,Morning,Expert,Line_A,0,0,0,0,0,0,0,0,1,0,0,0,0,0,0,0,No Defect
1103,75.78,123.58,2.82,82.3,53.38,49.03,56.16,2.82,678.3,2.88,666.1,368.0,Press,Aluminum,Night,Expert,Line_C,0,0,0,0,0,0,0,0,0,0,0,0,1,0,0,0,No Defect
1104,70.43,,2.78,83.72,59.76,47.72,51.39,2.97,702.6,3.68,603.2,352.0,Press,Steel,Morning,Intermediate,Line_D,0,0,0,0,0,0,0,0,0,0,0,0,0,0,0,0,No Defect
1105,74.0,111.68,3.15,94.88,60.14,47.49,45.98,6.55,705.5,3.62,786.5,369.0,Lathe,Composite,Evening,Expert,Line_A,0,0,0,0,0,0,0,0,0,0,0,0,0,0,0,0,No Defect
1106,75.04,125.99,1.58,82.08,61.24,51.79,46.46,4.35,778.2,4.17,,335.0,Press,Steel,Morning,Intermediate,Line_D,0,0,0,1,0,0,0,1,0,0,0,0,0,0,0,0,No Defect
1107,76.49,114.91,4.15,99.4,70.88,54.58,62.66,10.68,680.9,3.17,2053.3,278.0,CNC,Steel,Morning,Experienced,Line_B,1,0,0,0,1,1,0,0,1,1,0,0,0,0,0,0,No Defect
1108,70.59,114.24,5.1,93.69,51.97,51.49,73.22,11.31,721.3,2.99,2108.5,201.0,CNC,Composite,Morning,Intermediate,Line_D,1,0,0,0,1,1,0,0,0,1,0,0,0,0,0,0,No Defect
1109,72.96,127.45,3.04,111.18,,48.26,46.01,3.99,828.9,3.39,1380.8,354.0,Injection_Molding,Composite,Morning,Intermediate,Line_C,0,1,0,1,0,0,1,0,0,0,0,0,0,0,0,1,Dimensional Defect
1110,73.7,110.7,5.07,99.14,70.23,63.3,66.27,12.02,694.0,3.42,2020.0,266.0,CNC,Steel,Morning,Experienced,Line_C,1,0,0,0,1,1,0,0,1,1,0,1,0,0,0,1,Assembly Defect
1111,68.17,114.94,2.22,,61.66,44.79,41.56,5.03,742.1,3.4,1561.9,330.0,CNC,Steel,Morning,Intermediate,Line_D,0,0,0,0,0,0,0,0,0,0,0,0,0,0,0,0,No Defect
1112,67.75,118.91,2.36,75.16,54.9,50.43,,3.55,647.8,3.49,574.7,352.0,Milling,Steel,Evening,Experienced,Line_A,0,0,0,0,0,0,0,0,0,0,0,0,0,0,0,1,Assembly Defect
1113,76.89,122.02,2.81,110.41,80.11,53.38,62.37,6.83,705.6,4.91,1972.6,362.0,CNC,Steel,Night,Intermediate,Line_A,0,0,1,0,0,1,1,1,1,1,0,0,1,0,0,1,Surface Defect
1114,77.7,123.19,4.94,84.52,54.52,58.15,60.43,9.79,667.2,2.95,1786.1,401.0,Lathe,Aluminum,Night,Expert,Line_C,1,0,1,0,1,1,0,0,0,0,0,0,1,0,0,0,No Defect
1115,69.9,110.64,2.68,84.06,50.36,46.94,56.69,1.55,715.9,3.27,1580.6,233.0,CNC,Aluminum,Morning,Expert,Line_B,0,0,0,0,0,0,0,0,0,0,0,0,0,0,0,0,No Defect
1116,70.66,118.4,2.94,117.43,65.98,48.43,54.41,4.66,755.5,2.87,867.5,519.0,Lathe,Steel,Morning,Experienced,Line_D,0,0,0,0,0,0,1,0,0,0,1,0,0,0,0,0,No Defect
1117,67.58,116.0,2.31,88.86,55.06,35.0,33.37,4.41,738.8,3.18,1066.9,248.0,Milling,Alloy,Evening,Experienced,Line_D,0,0,0,0,0,0,0,0,0,0,0,0,0,0,0,0,No Defect
1118,76.73,120.21,3.68,110.2,60.24,51.58,44.76,4.81,829.8,3.3,1278.2,415.0,Press,Composite,Morning,New,Line_D,0,1,1,0,0,0,1,0,0,0,0,0,0,1,0,0,No Defect
1119,78.1,137.73,3.41,118.71,75.1,52.75,40.37,6.11,724.0,4.0,2076.8,523.0,CNC,Aluminum,Morning,Experienced,Line_A,0,0,1,1,0,0,1,1,1,1,1,0,0,0,0,1,Dimensional Defect
1120,70.35,124.1,1.65,86.55,51.82,44.56,58.36,5.78,682.5,2.4,1110.8,431.0,Press,Aluminum,Night,New,Line_D,0,0,0,0,0,0,0,0,0,0,0,0,1,1,0,1,Dimensional Defect
1121,76.31,127.94,2.17,109.7,75.21,54.22,68.93,4.68,674.3,3.88,1905.9,497.0,Injection_Molding,Aluminum,Night,Expert,Line_B,0,0,0,1,0,1,1,1,1,0,0,0,1,0,0,0,No Defect
1122,74.05,140.0,3.12,122.12,79.68,48.94,60.44,4.61,722.1,4.1,1601.6,432.0,CNC,Composite,Night,Experienced,Line_A,0,0,0,1,0,0,1,1,1,0,0,0,1,0,0,0,No Defect
1123,73.25,119.36,2.82,128.76,85.0,,66.37,4.39,710.1,3.73,2162.5,478.0,Injection_Molding,Steel,Night,Experienced,Line_D,0,0,0,0,0,1,1,1,1,1,0,0,1,0,0,0,No Defect
1124,67.23,112.64,2.14,79.02,51.59,49.47,65.39,12.18,661.2,2.95,1755.3,387.0,CNC,Composite,Morning,New,Line_C,1,0,0,0,0,1,0,0,0,0,0,0,0,1,0,0,No Defect
1125,75.95,116.24,3.02,116.93,56.54,41.44,37.45,3.56,758.6,2.96,,539.0,Milling,Composite,Night,Intermediate,Line_D,0,0,0,0,0,0,1,0,0,0,1,0,1,0,1,0,No Defect
1126,77.51,135.33,3.19,110.27,67.47,44.73,78.32,3.89,645.3,4.08,1321.1,464.0,Milling,Plastic,Morning,Experienced,Line_A,0,0,1,1,0,1,1,1,1,0,0,0,0,0,0,1,Dimensional Defect
1127,76.32,111.99,2.6,105.14,82.54,51.76,39.18,3.05,812.5,2.61,1635.7,415.0,Injection_Molding,Steel,Morning,Experienced,Line_D,0,0,0,0,0,0,1,0,1,0,0,0,0,0,0,0,No Defect
1128,76.93,115.24,2.58,111.43,60.34,62.38,38.04,4.14,848.5,3.1,1267.0,550.0,Injection_Molding,Composite,Evening,Experienced,Line_B,0,1,0,0,0,0,1,0,0,0,1,0,0,0,1,0,No Defect
1129,71.92,123.25,1.24,85.73,56.77,56.65,38.84,4.81,821.1,2.79,1220.2,346.0,CNC,Composite,Morning,Experienced,Line_D,0,1,0,1,0,0,0,0,0,0,0,0,0,0,0,0,No Defect
1130,71.34,127.45,2.48,119.86,83.58,52.26,49.26,2.73,684.2,4.43,2527.0,471.0,CNC,Composite,Night,Intermediate,Line_B,0,0,0,1,0,0,1,1,1,1,0,0,1,0,0,1,Surface Defect
1131,75.75,108.3,5.51,91.57,64.76,59.06,58.59,9.11,718.1,3.18,1995.7,264.0,CNC,Alloy,Morning,Intermediate,Line_C,1,0,0,0,1,0,0,0,0,0,0,0,0,0,0,0,No Defect
1132,67.45,115.05,2.18,108.36,81.34,53.15,66.34,7.16,594.1,4.27,2131.6,399.0,Milling,Steel,Morning,New,Line_C,0,0,0,0,0,1,1,1,1,1,0,0,0,1,0,0,No Defect
1133,74.45,138.82,3.64,130.0,70.97,50.4,57.07,4.86,735.5,4.83,1406.3,335.0,Press,Aluminum,Morning,Intermediate,Line_C,0,0,0,1,0,0,1,1,1,0,0,0,0,0,0,1,Surface Defect
1134,78.25,119.44,3.3,127.83,71.22,44.23,43.3,4.15,816.3,3.26,1131.7,524.0,CNC,Alloy,Evening,Expert,Line_C,0,0,1,0,0,0,1,0,1,0,1,0,0,0,1,1,Material Defect
1135,73.68,114.69,3.66,121.99,71.56,41.13,49.32,7.14,661.9,3.95,1632.1,560.0,Lathe,Alloy,Evening,New,Line_C,0,0,0,0,0,0,1,1,1,0,1,0,0,1,0,1,Surface Defect
1136,70.97,111.97,2.35,84.1,67.71,54.32,52.22,1.89,649.4,2.43,840.5,353.0,Milling,Alloy,Evening,Intermediate,Line_B,0,0,0,0,0,0,0,0,0,0,0,0,0,0,0,1,Surface Defect
1137,68.12,113.99,2.89,77.97,49.72,48.94,65.67,3.42,715.7,3.57,1081.4,317.0,Milling,Plastic,Morning,Experienced,Line_A,0,0,0,0,0,1,0,0,0,0,0,0,0,0,0,0,No Defect
1138,70.41,114.87,2.35,93.82,58.02,50.97,50.57,7.15,796.3,2.63,,387.0,Lathe,Plastic,Evening,Intermediate,Line_D,1,0,0,0,0,0,0,0,0,0,0,0,0,0,0,0,No Defect
1139,72.49,119.71,2.3,92.93,66.42,40.03,44.57,4.61,791.3,2.74,1013.2,359.0,CNC,Alloy,Evening,Expert,Line_A,0,1,0,0,0,0,0,0,0,0,0,0,0,0,0,0,No Defect
1140,73.17,118.99,2.39,113.61,57.47,50.96,57.46,6.7,745.9,3.33,1182.5,386.0,Press,Composite,Morning,Intermediate,Line_A,0,0,0,0,0,0,1,0,0,0,0,0,0,0,0,0,No Defect
1141,68.13,118.52,1.7,66.31,45.0,54.36,,6.5,691.3,3.08,1025.0,347.0,Lathe,Plastic,Evening,Expert,Line_A,0,0,0,0,0,0,0,0,0,0,0,0,0,0,0,0,No Defect
1142,78.66,134.21,3.19,115.82,68.55,50.82,45.78,3.17,875.9,2.66,1345.2,603.0,Injection_Molding,Steel,Evening,Intermediate,Line_B,0,1,1,1,0,0,1,0,0,0,1,0,0,0,1,0,No Defect
1143,70.71,115.68,3.37,109.77,59.33,38.53,43.01,5.94,758.9,3.46,945.2,589.0,Milling,Aluminum,Evening,Experienced,Line_A,0,0,0,0,0,0,1,1,0,0,1,0,0,0,0,0,No Defect
1144,71.91,114.59,3.23,75.04,45.0,53.69,38.94,1.93,777.1,2.57,833.9,344.0,Injection_Molding,Plastic,Evening,Expert,Line_B,0,0,0,0,0,0,0,0,0,0,0,0,0,0,0,0,No Defect
1145,80.94,116.51,2.58,123.17,58.89,65.89,38.51,6.08,795.6,2.87,1605.9,489.0,CNC,Alloy,Morning,Experienced,Line_A,0,0,1,0,0,0,1,0,0,0,1,1,0,0,1,0,No Defect
1146,75.61,140.0,,125.12,75.36,45.52,62.95,3.91,722.7,4.45,2346.6,472.0,Injection_Molding,Aluminum,Morning,Experienced,Line_A,0,0,0,1,0,1,1,1,1,1,1,0,0,0,0,0,No Defect
1147,77.74,121.04,3.27,104.99,74.42,48.05,69.36,7.71,689.7,4.66,1606.8,516.0,CNC,Steel,Evening,Experienced,Line_D,0,0,1,0,0,1,0,1,1,0,1,0,0,0,0,0,No Defect
1148,75.98,110.04,6.0,99.03,56.25,51.91,57.18,9.75,700.9,3.94,2044.6,395.0,Lathe,Aluminum,Morning,Expert,Line_B,1,0,0,0,1,0,0,1,0,1,0,0,0,0,0,1,Material Defect
1149,73.58,101.75,2.24,71.81,61.29,49.18,47.45,3.51,705.0,3.34,921.1,353.0,Injection_Molding,Steel,Evening,Intermediate,Line_D,0,0,0,0,0,0,0,0,0,0,0,0,0,0,0,0,No Defect
1150,70.63,111.46,2.75,99.96,71.95,37.95,44.93,3.72,694.6,3.18,843.4,324.0,CNC,Aluminum,Evening,Expert,Line_D,0,0,0,0,0,0,0,0,1,0,0,0,0,0,0,0,No Defect
1151,78.61,96.76,4.78,107.75,71.2,48.62,61.65,9.03,618.4,4.15,1718.0,353.0,Milling,Steel,Evening,Intermediate,Line_A,1,0,1,0,1,1,1,1,1,0,0,0,0,0,0,1,Structural Defect
1152,72.44,125.07,3.31,123.56,71.79,45.37,61.92,7.5,616.7,4.36,1937.9,618.0,Lathe,Aluminum,Morning,Expert,Line_C,0,0,0,1,0,0,1,1,1,1,1,0,0,0,0,0,No Defect
1153,75.23,123.35,3.38,87.58,64.88,39.94,59.02,2.75,721.1,3.5,869.6,566.0,Milling,Steel,Morning,Intermediate,Line_C,0,0,0,1,0,0,0,0,0,0,1,0,0,0,0,0,No Defect
1154,72.83,128.38,2.79,118.44,73.58,57.78,62.02,7.01,678.2,3.22,1728.4,544.0,Lathe,Aluminum,Night,Experienced,Line_A,0,0,0,1,0,1,1,0,1,0,1,0,1,0,0,0,No Defect
1155,83.4,122.37,2.56,125.33,72.41,59.36,34.93,5.01,920.0,2.64,1247.7,526.0,CNC,Alloy,Night,Intermediate,Line_C,0,1,1,0,0,0,1,0,1,0,1,0,1,0,1,0,No Defect
1156,73.72,130.56,2.89,114.79,82.59,51.81,79.91,2.38,646.0,4.37,1829.7,391.0,Lathe,Steel,Morning,Intermediate,Line_D,0,0,0,1,0,1,1,1,1,0,0,0,0,0,0,1,Structural Defect
1157,67.9,111.26,1.22,80.12,63.57,42.76,49.18,8.25,701.7,3.61,424.4,477.0,CNC,Steel,Night,Experienced,Line_D,0,0,0,0,0,0,0,0,0,0,1,0,1,0,0,1,Surface Defect
1158,74.26,108.27,2.6,81.93,62.2,44.34,49.05,1.61,752.0,3.36,1120.8,324.0,Injection_Molding,Composite,Evening,New,Line_D,0,0,0,0,0,0,0,0,0,0,0,0,0,1,0,0,No Defect
1159,79.39,120.09,2.82,130.0,81.38,49.76,60.13,7.84,653.7,4.53,1659.3,346.0,CNC,Composite,Morning,Expert,Line_C,0,0,1,0,0,0,1,1,1,0,0,0,0,0,0,1,Material Defect
1160,75.06,111.76,1.8,79.06,57.07,53.73,47.79,3.57,681.3,2.79,1251.4,288.0,CNC,Alloy,Morning,Intermediate,Line_B,0,0,0,0,0,0,0,0,0,0,0,0,0,0,0,0,No Defect
1161,76.65,113.39,3.28,120.61,72.72,44.84,44.87,9.46,727.4,3.43,1771.3,300.0,Milling,Steel,Evening,Experienced,Line_C,1,0,0,0,0,0,1,0,1,0,0,0,0,0,0,0,No Defect
1162,77.93,133.63,2.3,93.46,76.81,40.73,59.78,6.66,693.9,4.31,1537.3,276.0,Milling,Plastic,Morning,Intermediate,Line_A,0,0,1,1,0,0,0,1,1,0,0,0,0,0,0,0,No Defect
1163,70.96,115.31,1.76,87.42,56.42,49.14,35.66,3.85,739.9,2.42,1188.5,320.0,Milling,Aluminum,Evening,Expert,Line_B,0,0,0,0,0,0,0,0,0,0,0,0,0,0,0,0,No Defect
1164,79.71,132.87,2.02,120.69,64.63,48.86,41.56,4.63,906.7,3.84,1455.8,442.0,Injection_Molding,Steel,Night,Expert,Line_C,0,1,1,1,0,0,1,1,0,0,0,0,1,0,0,1,Dimensional Defect
1165,76.03,126.66,3.27,123.73,69.37,62.58,66.81,10.06,672.0,3.76,2019.3,496.0,Press,Aluminum,Evening,Expert,Line_A,1,0,0,1,0,1,1,1,0,1,1,0,0,0,0,0,No Defect
1166,76.72,119.49,1.84,126.85,50.92,50.7,42.7,3.75,919.4,2.57,1102.6,330.0,Press,Plastic,Evening,Experienced,Line_A,0,1,0,0,0,0,1,0,0,0,0,0,0,0,0,0,No Defect
1167,75.98,117.89,3.08,113.04,84.43,49.49,62.07,5.86,710.7,5.06,1468.2,425.0,Injection_Molding,Steel,Night,Intermediate,Line_B,0,0,0,0,0,1,1,1,1,0,0,0,1,0,0,1,Material Defect
1168,74.64,112.94,5.4,116.04,68.99,48.18,67.43,12.5,555.9,4.15,2095.0,320.0,Milling,Steel,Evening,Expert,Line_B,1,0,0,0,1,1,1,1,0,1,0,0,0,0,0,0,No Defect
1169,68.95,129.17,3.01,124.37,73.37,41.44,59.37,6.09,718.6,3.55,1654.8,392.0,Injection_Molding,Steel,Morning,Intermediate,Line_A,0,0,0,1,0,0,1,0,1,0,0,0,0,0,0,0,No Defect
1170,72.93,124.48,2.48,71.79,55.92,47.04,46.13,3.28,893.5,3.16,927.9,429.0,Injection_Molding,Plastic,Morning,Experienced,Line_A,0,1,0,0,0,0,0,0,0,0,0,0,0,0,0,0,No Defect
1171,70.97,110.1,2.05,79.33,65.55,54.78,44.67,4.09,791.4,2.39,838.7,371.0,Lathe,Steel,Night,Experienced,Line_C,0,0,0,0,0,0,0,0,0,0,0,0,1,0,0,1,Structural Defect
1172,72.87,115.1,2.3,74.09,56.83,43.01,58.39,0.5,671.8,,807.8,197.0,CNC,Aluminum,Evening,Expert,Line_D,0,0,0,0,0,0,0,0,0,0,0,0,0,0,0,0,No Defect
1173,73.4,119.42,3.37,,62.74,48.92,39.73,3.0,832.9,3.35,1348.4,394.0,Press,Alloy,Morning,New,Line_B,0,1,0,0,0,0,0,0,0,0,0,0,0,1,0,0,No Defect
1174,71.11,104.92,,76.1,65.77,42.71,39.91,2.72,707.5,2.64,943.2,451.0,Lathe,Aluminum,Morning,New,Line_D,0,0,0,0,0,0,0,0,0,0,0,0,0,1,0,1,Assembly Defect
1175,74.75,121.18,1.94,76.93,60.82,45.39,50.38,2.91,731.1,3.59,645.5,408.0,Milling,Steel,Morning,Intermediate,Line_D,0,0,0,0,0,0,0,0,0,0,0,0,0,0,0,0,No Defect
1176,77.0,116.59,3.57,97.96,62.57,43.84,40.29,1.2,769.9,3.06,1097.2,446.0,Lathe,Steel,Evening,Experienced,Line_B,0,0,0,0,0,0,0,0,0,0,0,0,0,0,0,0,No Defect
1177,70.64,117.41,2.42,118.22,77.5,53.12,45.46,5.04,793.0,2.73,868.7,415.0,Milling,Steel,Morning,Intermediate,Line_B,0,1,0,0,0,0,1,0,1,0,0,0,0,0,0,1,Dimensional Defect
1178,79.12,117.15,2.0,105.5,56.81,41.61,57.2,,,2.81,594.3,235.0,Press,Aluminum,Morning,Expert,Line_A,0,0,1,0,0,0,1,0,0,0,0,0,0,0,0,0,No Defect
1179,74.89,117.05,4.17,98.54,51.82,51.09,70.61,10.09,699.2,2.33,1990.9,387.0,Injection_Molding,Aluminum,Morning,New,Line_C,1,0,0,0,1,1,0,0,0,0,0,0,0,1,0,0,No Defect
1180,71.63,140.0,2.59,94.74,85.0,45.98,59.22,5.67,655.5,3.95,2011.7,316.0,CNC,Steel,Morning,Expert,Line_C,0,0,0,1,0,0,0,1,1,1,0,0,0,0,0,1,Material Defect
1181,75.84,127.65,2.63,118.68,70.22,56.11,44.87,4.66,750.9,3.09,1459.8,416.0,CNC,Steel,Morning,Experienced,Line_B,0,0,0,1,0,0,1,0,1,0,0,0,0,0,0,0,No Defect
1182,78.27,132.47,3.23,123.65,73.97,60.4,60.79,5.34,783.3,4.72,1337.7,564.0,CNC,Steel,Morning,Expert,Line_D,0,0,1,1,0,0,1,1,1,0,1,0,0,0,1,1,Structural Defect
1183,71.43,127.7,3.38,88.85,57.62,43.46,35.64,5.6,815.8,2.97,650.4,355.0,CNC,Composite,Morning,Expert,Line_D,0,0,0,1,0,0,0,0,0,0,0,0,0,0,0,0,No Defect
1184,79.61,121.99,5.2,105.46,45.0,68.09,63.21,9.42,686.8,3.13,1956.5,250.0,Press,Plastic,Night,Experienced,Line_D,1,0,1,0,1,1,1,0,0,0,0,1,1,0,0,1,Dimensional Defect
1185,71.5,113.14,2.8,61.9,45.0,43.3,50.92,3.82,667.6,2.79,1131.2,399.0,Injection_Molding,Plastic,Morning,New,Line_C,0,0,0,0,0,0,0,0,0,0,0,0,0,1,0,0,No Defect
1186,76.37,107.95,4.71,96.67,61.94,55.97,66.56,11.06,640.6,3.34,2196.0,330.0,Press,Steel,Evening,Experienced,Line_D,1,0,0,0,1,1,0,0,0,1,0,0,0,0,0,0,No Defect
1187,77.72,114.77,3.9,108.04,54.2,52.0,40.74,4.89,851.4,3.04,1477.0,362.0,Lathe,Aluminum,Morning,New,Line_C,0,1,1,0,1,0,1,0,0,0,0,0,0,1,0,0,No Defect
1188,71.61,119.65,4.45,80.27,58.45,56.25,46.74,13.27,776.6,3.14,2072.4,334.0,Milling,Alloy,Morning,Expert,Line_B,1,0,0,0,1,0,0,0,0,1,0,0,0,0,0,0,No Defect
1189,73.57,136.68,1.7,113.2,85.0,51.27,56.43,4.71,746.7,4.38,1455.0,519.0,CNC,Steel,Morning,Intermediate,Line_C,0,0,0,1,0,0,1,1,1,0,1,0,0,0,0,0,No Defect
1190,70.7,112.39,3.72,106.84,64.0,56.22,42.03,5.14,821.7,2.93,1371.5,405.0,Lathe,Aluminum,Morning,Intermediate,Line_A,0,1,0,0,1,0,1,0,0,0,0,0,0,0,0,1,Assembly Defect
1191,78.22,111.42,5.49,99.9,67.23,49.03,59.86,11.7,635.3,3.56,2271.8,373.0,Milling,Steel,Evening,Expert,Line_B,1,0,1,0,1,0,0,0,0,1,0,0,0,0,0,0,No Defect
1192,74.6,115.05,3.19,119.79,62.92,,41.59,3.35,810.6,3.3,1208.5,368.0,CNC,Alloy,Evening,Experienced,Line_C,0,0,0,0,0,0,1,0,0,0,0,0,0,0,0,0,No Defect
1193,67.25,128.6,2.9,114.39,61.44,,54.65,8.5,712.5,3.35,333.9,515.0,Lathe,Steel,Night,Experienced,Line_B,0,0,0,1,0,0,1,0,0,0,1,0,1,0,0,1,Assembly Defect
1194,77.37,119.01,3.51,108.03,65.29,63.48,58.88,10.06,684.4,2.37,2367.8,282.0,Milling,Aluminum,Morning,Expert,Line_A,1,0,1,0,1,1,1,0,0,1,0,1,0,0,0,1,Structural Defect
1195,74.55,111.23,2.57,86.0,67.04,43.46,44.14,3.27,693.9,3.72,966.8,435.0,Lathe,Steel,Morning,Experienced,Line_B,0,0,0,0,0,0,0,1,1,0,0,0,0,0,0,0,No Defect
1196,69.65,114.2,2.15,89.06,61.37,41.01,50.08,2.31,670.0,3.12,862.8,381.0,Lathe,Steel,Morning,Expert,Line_C,0,0,0,0,0,0,0,0,0,0,0,0,0,0,0,0,No Defect
1197,68.65,118.72,2.7,72.89,59.3,52.54,49.23,3.87,652.0,3.61,789.7,352.0,Milling,Alloy,Evening,Experienced,Line_B,0,0,0,0,0,0,0,0,0,0,0,0,0,0,0,0,No Defect
1198,78.91,115.26,3.45,93.23,63.87,46.27,45.42,4.81,778.5,2.74,1140.8,381.0,Injection_Molding,Aluminum,Morning,Experienced,Line_C,0,0,1,0,1,0,0,0,0,0,0,0,0,0,0,0,No Defect
1199,83.24,114.25,3.57,104.03,64.47,63.22,55.97,2.67,790.4,2.75,1439.7,353.0,Injection_Molding,Steel,Morning,Expert,Line_D,0,0,1,0,0,0,0,0,0,0,0,1,0,0,0,0,No Defect
1200,81.51,,3.97,111.9,62.77,48.37,46.9,,753.0,2.49,1358.5,477.0,Press,Alloy,Morning,Expert,Line_B,0,0,1,0,1,0,1,0,0,0,0,0,0,0,0,0,No Defect
1201,79.18,123.0,3.5,130.0,60.04,53.72,36.65,3.9,804.5,3.03,1305.0,455.0,Press,Alloy,Morning,Experienced,Line_B,0,0,1,0,0,0,1,0,0,0,0,0,0,0,0,0,No Defect
1202,72.91,131.04,1.0,127.74,67.63,60.49,,7.77,810.9,3.27,1370.3,454.0,CNC,Alloy,Night,Expert,Line_B,1,1,0,1,0,0,1,0,0,0,0,0,1,0,0,0,No Defect
1203,71.48,110.99,1.73,93.74,61.39,53.2,43.76,3.64,724.2,2.47,914.6,306.0,CNC,Alloy,Evening,New,Line_D,0,0,0,0,0,0,0,0,0,0,0,0,0,1,0,0,No Defect
1204,68.16,117.74,3.23,100.08,77.05,51.07,45.08,0.5,815.6,2.83,740.3,327.0,CNC,Steel,Morning,Intermediate,Line_A,0,0,0,0,0,0,0,0,1,0,0,0,0,0,0,0,No Defect
1205,78.49,123.41,1.22,93.65,60.59,38.66,,1.74,788.5,3.24,1364.4,305.0,Milling,Steel,Morning,Experienced,Line_D,0,0,1,0,0,0,0,0,0,0,0,0,0,0,0,0,No Defect
1206,74.88,99.49,3.89,108.0,55.12,47.24,66.11,11.12,731.7,2.96,2836.1,283.0,Lathe,Steel,Evening,Intermediate,Line_C,1,0,0,0,1,1,1,0,0,1,0,0,0,0,0,1,Assembly Defect
1207,70.94,135.92,2.5,129.91,79.54,,52.5,7.69,722.2,4.86,1829.9,535.0,Press,Steel,Evening,New,Line_C,0,0,0,1,0,0,1,1,1,0,1,0,0,1,0,0,No Defect
1208,73.21,107.2,1.68,61.23,58.3,53.22,62.69,4.08,675.1,3.45,878.6,375.0,Milling,Alloy,Evening,Intermediate,Line_B,0,0,0,0,0,1,0,0,0,0,0,0,0,0,0,0,No Defect
1209,76.36,127.55,2.6,130.0,,53.41,57.96,6.3,785.3,2.71,1679.9,306.0,Press,Aluminum,Evening,Experienced,Line_A,0,0,1,1,0,0,1,0,0,0,0,0,0,0,0,0,No Defect
1210,81.31,106.04,2.35,130.0,56.83,44.84,,0.5,843.9,,1478.4,672.0,Injection_Molding,Aluminum,Morning,Experienced,Line_C,0,1,1,0,0,0,1,0,0,0,1,0,0,0,1,1,Structural Defect
1211,76.32,130.43,3.72,104.63,73.11,38.56,62.41,2.88,636.0,4.19,1730.1,453.0,Milling,Alloy,Morning,Expert,Line_D,0,0,0,1,1,1,0,1,1,0,0,0,0,0,0,0,No Defect
1212,73.08,125.22,3.52,125.65,49.15,46.08,67.56,5.47,615.3,3.66,1885.4,426.0,Lathe,Plastic,Night,Intermediate,Line_D,0,0,0,1,0,1,1,0,0,1,0,0,1,0,0,0,No Defect
1213,70.51,104.15,1.38,75.69,53.11,55.6,65.11,3.87,728.0,2.65,661.6,374.0,Injection_Molding,Aluminum,Night,Experienced,Line_A,0,0,0,0,0,1,0,0,0,0,0,0,1,0,0,0,No Defect
1214,73.2,125.6,2.25,121.18,73.75,45.78,63.15,5.84,633.8,4.46,2124.4,539.0,Milling,Steel,Evening,Intermediate,Line_A,0,0,0,1,0,1,1,1,1,1,1,0,0,0,0,1,Structural Defect
1215,71.97,122.18,2.76,125.78,54.65,49.97,35.68,4.84,762.1,4.93,1696.1,476.0,Milling,Plastic,Evening,Experienced,Line_B,0,0,0,0,0,0,1,1,0,0,0,0,0,0,0,0,No Defect
1216,68.78,119.29,2.21,68.82,49.62,53.14,44.26,4.88,769.4,3.26,1238.7,398.0,Lathe,Plastic,Night,Intermediate,Line_C,0,0,0,0,0,0,0,0,0,0,0,0,1,0,0,0,No Defect
1217,64.23,117.22,3.14,119.93,80.37,51.12,68.71,5.17,693.1,4.06,1711.6,479.0,Milling,Steel,Morning,Expert,Line_C,0,0,0,0,0,1,1,1,1,0,0,0,0,0,0,0,No Defect
1218,71.52,113.66,3.13,92.06,59.03,54.1,37.0,0.5,823.2,3.47,457.0,513.0,Milling,Composite,Night,Experienced,Line_D,0,1,0,0,0,0,0,0,0,0,1,0,1,0,1,0,No Defect
1219,76.05,131.22,2.27,114.07,59.5,52.62,62.4,5.56,661.1,4.17,2043.8,541.0,Press,Plastic,Night,Experienced,Line_D,0,0,0,1,0,1,1,1,0,1,1,0,1,0,0,0,No Defect
1220,66.43,128.46,3.28,111.54,79.89,48.15,62.94,3.23,714.4,4.91,1719.6,428.0,Injection_Molding,Steel,Evening,Intermediate,Line_C,0,0,0,1,0,1,1,1,1,0,0,0,0,0,0,1,Structural Defect
1221,75.53,124.71,4.15,100.14,78.74,47.96,63.72,4.5,699.3,3.71,2416.0,587.0,Lathe,Alloy,Morning,New,Line_B,0,0,0,0,1,1,0,1,1,1,1,0,0,1,0,0,No Defect
1222,67.1,134.35,3.42,122.49,82.49,57.05,61.09,5.27,663.7,3.54,1837.9,508.0,Press,Steel,Morning,Expert,Line_C,0,0,0,1,0,0,1,0,1,0,1,0,0,0,0,0,No Defect
1223,67.07,112.19,4.68,89.99,60.14,58.1,62.97,9.98,629.6,3.24,1773.0,521.0,CNC,Steel,Night,Intermediate,Line_A,1,0,0,0,1,1,0,0,0,0,1,0,1,0,0,0,No Defect
1224,70.09,131.74,2.45,130.0,70.84,47.7,76.42,7.67,648.8,4.89,1995.1,354.0,Injection_Molding,Aluminum,Morning,Experienced,Line_C,0,0,0,1,0,1,1,1,1,0,0,0,0,0,0,0,No Defect
1225,79.46,125.35,3.31,103.87,49.69,51.69,,2.99,798.6,2.46,504.1,510.0,Lathe,Plastic,Night,New,Line_B,0,0,1,1,0,0,0,0,0,0,1,0,1,1,1,0,No Defect
1226,76.94,132.69,3.18,130.0,59.64,50.8,65.99,6.08,682.0,3.31,1559.0,355.0,CNC,Plastic,Morning,Expert,Line_A,0,0,0,1,0,1,1,0,0,0,0,0,0,0,0,0,No Defect
1227,79.6,113.37,4.24,95.41,66.54,57.23,61.9,10.0,671.7,3.36,2388.7,354.0,CNC,Aluminum,Morning,Intermediate,Line_C,1,0,1,0,1,0,0,0,0,1,0,0,0,0,0,1,Surface Defect
1228,80.23,117.53,2.36,116.76,58.84,58.63,25.29,2.25,865.5,3.5,,380.0,CNC,Steel,Morning,Intermediate,Line_B,0,1,1,0,0,0,1,0,0,0,0,0,0,0,0,1,Structural Defect
1229,68.43,115.2,2.51,82.57,64.16,52.77,40.01,6.21,759.0,3.29,1129.3,460.0,CNC,Alloy,Morning,Intermediate,Line_C,0,0,0,0,0,0,0,0,0,0,0,0,0,0,0,0,No Defect
1230,78.83,107.74,4.57,97.72,70.28,64.96,60.32,10.91,731.9,3.38,1983.2,310.0,CNC,Steel,Evening,Experienced,Line_A,1,0,1,0,1,0,0,0,1,1,0,1,0,0,0,1,Structural Defect
1231,72.83,134.13,2.33,95.58,59.63,50.42,62.94,6.12,758.2,4.36,1762.9,673.0,Press,Aluminum,Morning,Experienced,Line_A,0,0,0,1,0,1,0,1,0,0,1,0,0,0,0,0,No Defect
1232,,108.43,3.29,107.09,45.0,41.91,44.29,3.58,842.0,2.91,988.8,445.0,Injection_Molding,Composite,Morning,Experienced,Line_B,0,1,0,0,0,0,1,0,0,0,0,0,0,0,0,0,No Defect
1233,74.42,118.16,2.95,,69.77,60.54,42.86,4.73,812.0,2.69,,427.0,CNC,Alloy,Morning,New,Line_D,0,0,0,0,0,0,0,0,0,0,0,0,0,1,0,0,No Defect
1234,75.99,122.19,1.34,106.11,54.69,45.58,35.47,4.44,880.8,4.03,664.3,279.0,Press,Composite,Morning,Intermediate,Line_B,0,1,1,1,0,0,1,1,0,0,0,0,0,0,0,1,Dimensional Defect
1235,74.53,115.29,2.08,79.55,45.0,37.57,53.33,4.38,672.2,3.09,690.5,335.0,Injection_Molding,Plastic,Morning,Experienced,Line_C,0,0,0,0,0,0,0,0,0,0,0,0,0,0,0,0,No Defect
1236,78.95,116.32,2.69,119.18,47.65,50.62,32.76,6.58,811.4,3.4,1226.2,581.0,Milling,Composite,Evening,Intermediate,Line_D,0,0,1,0,0,0,1,0,0,0,1,0,0,0,1,0,No Defect
1237,76.15,135.55,3.15,128.53,75.11,54.3,55.45,4.86,717.5,4.65,1730.0,349.0,Press,Aluminum,Morning,New,Line_C,0,0,1,1,0,0,1,1,1,0,0,0,0,1,0,0,No Defect
1238,74.1,,2.89,107.24,56.08,60.4,49.27,4.43,774.5,2.91,730.4,436.0,Press,Aluminum,Evening,Experienced,Line_C,0,0,0,0,0,0,1,0,0,0,0,0,0,0,0,0,No Defect
1239,67.27,,4.37,92.82,64.29,54.4,65.46,9.31,630.7,2.78,2188.9,479.0,Milling,Composite,Morning,Experienced,Line_C,1,0,0,0,1,1,0,0,0,1,0,0,0,0,0,1,Surface Defect
1240,69.91,116.44,5.14,91.17,66.04,59.2,84.27,9.74,740.2,3.57,1956.1,278.0,CNC,Steel,Night,Intermediate,Line_D,1,0,0,0,1,1,0,0,0,1,0,0,1,0,0,0,No Defect
1241,71.45,124.66,4.07,92.42,63.01,68.84,54.15,12.66,745.5,2.87,2011.7,305.0,CNC,Alloy,Evening,Expert,Line_D,1,0,0,0,1,0,0,0,0,1,0,1,0,0,0,0,No Defect
1242,71.65,112.38,4.65,83.41,64.09,50.55,61.53,9.71,682.5,2.62,2522.3,232.0,CNC,Alloy,Night,Intermediate,Line_D,1,0,0,0,1,0,0,0,0,1,0,0,1,0,0,1,Assembly Defect
1243,68.0,119.61,4.77,122.26,66.68,61.35,71.4,11.54,698.7,2.88,2084.0,473.0,Press,Aluminum,Morning,Expert,Line_A,1,0,0,0,1,1,1,0,0,1,0,0,0,0,0,0,No Defect
1244,78.64,116.42,3.13,126.28,73.49,47.26,30.93,4.42,814.1,2.23,949.2,384.0,Milling,Alloy,Evening,Experienced,Line_C,0,0,1,0,0,0,1,0,1,0,0,0,0,0,0,0,No Defect
1245,69.01,119.96,1.08,98.04,66.82,54.29,49.03,3.79,695.1,3.18,1367.7,297.0,CNC,Steel,Evening,Experienced,Line_A,0,0,0,0,0,0,0,0,0,0,0,0,0,0,0,0,No Defect
1246,75.44,119.8,3.38,116.65,57.88,54.51,,2.28,831.0,2.84,1110.9,481.0,CNC,Aluminum,Evening,Experienced,Line_A,0,1,0,0,0,0,1,0,0,0,0,0,0,0,1,0,No Defect
1247,80.45,118.29,1.89,67.09,56.9,60.42,61.4,6.28,662.6,3.27,956.9,370.0,CNC,Plastic,Night,Intermediate,Line_A,0,0,1,0,0,0,0,0,0,0,0,0,1,0,0,0,No Defect
1248,71.05,120.34,2.5,79.79,58.73,49.83,42.5,3.91,804.9,3.99,1409.2,372.0,CNC,Composite,Night,Intermediate,Line_B,0,0,0,0,0,0,0,1,0,0,0,0,1,0,0,0,No Defect
1249,77.93,124.92,2.72,102.95,64.09,63.26,47.38,6.21,821.6,3.22,1376.2,598.0,CNC,Alloy,Night,Experienced,Line_A,0,1,1,1,0,0,1,0,0,0,1,1,1,0,1,1,Surface Defect
1250,74.66,104.72,2.64,103.62,61.01,49.56,47.85,0.5,761.5,,883.4,429.0,Lathe,Steel,Evening,Experienced,Line_C,0,0,0,0,0,0,0,0,0,0,0,0,0,0,0,0,No Defect
1251,72.99,128.6,4.17,112.57,63.58,62.44,58.53,11.17,675.7,,2031.6,411.0,CNC,Aluminum,Evening,Experienced,Line_B,1,0,0,1,1,0,1,0,0,1,0,0,0,0,0,1,Structural Defect
1252,81.41,126.3,2.26,114.56,75.34,43.8,57.82,5.79,752.8,4.63,1572.9,521.0,Milling,Alloy,Morning,Expert,Line_A,0,0,1,1,0,0,1,1,1,0,1,0,0,0,0,0,No Defect
1253,75.55,130.09,1.99,84.52,66.33,50.35,63.13,6.99,748.0,3.47,1407.3,480.0,CNC,Aluminum,Evening,Experienced,Line_A,0,0,0,1,0,1,0,0,0,0,1,0,0,0,0,0,No Defect
1254,78.61,130.73,2.24,106.42,62.5,51.01,39.44,2.85,873.3,3.1,1403.4,541.0,Milling,Alloy,Evening,Intermediate,Line_D,0,1,1,1,0,0,1,0,0,0,1,0,0,0,1,0,No Defect
1255,77.26,125.71,3.27,110.54,76.13,49.07,58.5,4.37,720.3,4.52,1898.1,638.0,Milling,Steel,Morning,Expert,Line_D,0,0,1,1,0,0,1,1,1,1,1,0,0,0,0,1,Dimensional Defect
1256,75.88,107.5,4.31,106.64,68.23,42.4,61.06,13.21,750.1,2.68,2033.3,334.0,Injection_Molding,Steel,Morning,New,Line_D,1,0,0,0,1,0,1,0,0,1,0,0,0,1,0,1,Surface Defect
1257,78.54,132.69,2.4,107.83,53.59,60.58,38.14,5.87,755.7,3.73,974.8,357.0,Milling,Aluminum,Evening,Intermediate,Line_B,0,0,1,1,0,0,1,1,0,0,0,0,0,0,0,1,Material Defect
1258,69.14,110.63,1.68,78.85,60.59,47.86,48.02,3.48,689.7,2.5,873.6,351.0,Milling,Alloy,Evening,Experienced,Line_A,0,0,0,0,0,0,0,0,0,0,0,0,0,0,0,0,No Defect
1259,79.59,134.86,3.66,120.66,75.92,54.22,47.54,3.5,644.2,4.41,1933.3,428.0,Press,Composite,Night,Intermediate,Line_D,0,0,1,1,0,0,1,1,1,0,0,0,1,0,0,0,No Defect
1260,72.14,120.38,2.62,,63.25,49.32,55.04,5.64,736.0,3.18,920.2,422.0,Milling,Steel,Evening,Expert,Line_B,0,0,0,0,0,0,0,0,0,0,0,0,0,0,0,0,No Defect
1261,76.88,130.34,3.09,119.18,60.07,35.0,43.95,3.23,790.9,2.6,1187.7,333.0,CNC,Alloy,Evening,Intermediate,Line_B,0,1,1,1,0,0,1,0,0,0,0,0,0,0,0,0,No Defect
1262,80.58,124.8,3.42,97.0,67.92,60.29,50.14,5.71,747.2,2.56,1254.0,547.0,Injection_Molding,Alloy,Morning,Intermediate,Line_C,0,0,1,0,0,0,0,0,0,0,1,0,0,0,0,0,No Defect
1263,71.1,120.59,3.0,,67.11,43.25,50.05,1.91,804.3,2.19,1085.2,396.0,Lathe,Aluminum,Morning,New,Line_C,0,0,0,0,0,0,0,0,0,0,0,0,0,1,0,0,No Defect
1264,72.77,124.81,1.89,101.5,68.36,35.0,49.02,4.32,766.0,3.8,559.2,224.0,Press,Steel,Evening,Experienced,Line_C,0,0,0,0,0,0,0,1,0,0,0,0,0,0,0,0,No Defect
1265,71.02,112.38,4.89,95.91,61.5,56.61,60.0,11.74,657.6,2.87,2051.2,390.0,Lathe,Steel,Night,Expert,Line_C,1,0,0,0,1,1,0,0,0,1,0,0,1,0,0,0,No Defect
1266,72.88,129.96,3.39,130.0,72.81,54.05,68.52,5.6,696.5,4.36,2064.4,362.0,Press,Aluminum,Evening,New,Line_B,0,0,0,1,0,1,1,1,1,1,0,0,0,1,0,1,Dimensional Defect
1267,81.82,118.54,3.33,105.74,66.45,52.3,41.96,1.86,892.5,2.44,1206.0,455.0,Press,Composite,Morning,Experienced,Line_B,0,1,1,0,0,0,1,0,0,0,0,0,0,0,0,1,Structural Defect
1268,69.63,118.13,2.15,85.52,72.13,43.9,39.58,4.2,826.3,3.45,907.9,297.0,Milling,Steel,Evening,Experienced,Line_B,0,1,0,0,0,0,0,0,1,0,0,0,0,0,0,0,No Defect
1269,74.06,114.44,2.71,69.58,53.01,38.38,54.43,2.86,756.3,4.04,1522.1,516.0,Lathe,Composite,Morning,Experienced,Line_A,0,0,0,0,0,0,0,1,0,0,1,0,0,0,0,0,No Defect
1270,,111.44,3.85,116.88,71.58,53.98,36.48,3.31,856.5,2.65,1432.4,541.0,CNC,Steel,Evening,Intermediate,Line_C,0,1,0,0,1,0,1,0,1,0,1,0,0,0,1,0,No Defect
1271,76.3,118.8,3.71,112.31,62.71,46.28,36.06,4.51,806.5,3.17,1325.5,456.0,CNC,Alloy,Evening,Experienced,Line_D,0,0,0,0,1,0,1,0,0,0,0,0,0,0,0,0,No Defect
1272,74.76,108.69,4.72,91.07,58.29,55.24,67.26,8.7,691.8,4.28,2014.2,415.0,Lathe,Steel,Evening,Experienced,Line_D,0,0,0,0,1,1,0,1,0,1,0,0,0,0,0,1,Material Defect
1273,74.54,110.53,3.21,104.91,53.63,46.83,37.1,4.96,890.7,2.78,1346.6,417.0,Press,Aluminum,Morning,New,Line_D,0,1,0,0,0,0,0,0,0,0,0,0,0,1,0,0,No Defect
1274,68.83,130.86,2.62,110.92,62.99,51.37,72.32,5.46,669.8,4.8,1705.5,432.0,Press,Aluminum,Evening,Intermediate,Line_C,0,0,0,1,0,1,1,1,0,0,0,0,0,0,0,0,No Defect
1275,73.87,113.58,1.28,80.13,65.23,48.29,58.07,3.68,761.4,3.04,966.8,348.0,Lathe,Aluminum,Night,New,Line_D,0,0,0,0,0,0,0,0,0,0,0,0,1,1,0,0,No Defect
1276,79.34,100.97,5.3,75.61,59.39,56.9,70.7,11.7,742.0,3.03,1992.2,299.0,Injection_Molding,Aluminum,Morning,Experienced,Line_D,1,0,1,0,1,1,0,0,0,0,0,0,0,0,0,0,No Defect
1277,82.61,127.5,3.07,118.94,57.08,42.33,45.55,6.7,871.6,2.58,1783.1,488.0,Milling,Aluminum,Morning,Experienced,Line_A,0,1,1,1,0,0,1,0,0,0,1,0,0,0,1,1,Dimensional Defect
1278,70.57,102.21,6.0,95.16,64.57,70.0,75.11,9.02,725.2,2.71,1908.3,386.0,Injection_Molding,Alloy,Evening,Intermediate,Line_A,1,0,0,0,1,1,0,0,0,0,0,1,0,0,0,0,No Defect
1279,76.48,117.11,4.81,86.33,51.34,59.67,70.81,8.62,624.1,3.26,1817.2,395.0,Injection_Molding,Plastic,Morning,Experienced,Line_B,1,0,0,0,1,1,0,0,0,0,0,0,0,0,0,1,Assembly Defect
1280,74.18,110.85,5.46,91.29,66.87,45.65,85.95,11.99,689.6,3.31,2466.3,337.0,Lathe,Aluminum,Evening,New,Line_B,1,0,0,0,1,1,0,0,0,1,0,0,0,1,0,0,No Defect
1281,80.63,112.97,3.85,101.51,55.35,42.0,40.12,1.35,801.5,3.63,1026.4,559.0,CNC,Steel,Morning,Experienced,Line_D,0,1,1,0,1,0,0,0,0,0,1,0,0,0,1,0,No Defect
1282,77.07,135.68,3.11,130.0,70.77,48.99,76.49,7.35,592.4,3.95,1576.6,360.0,Press,Composite,Morning,Intermediate,Line_C,1,0,1,1,0,1,1,1,1,0,0,0,0,0,0,1,Assembly Defect
1283,75.47,104.62,2.19,76.06,52.4,47.87,49.13,0.79,757.3,2.69,850.4,442.0,Lathe,Aluminum,Evening,Experienced,Line_A,0,0,0,0,0,0,0,0,0,0,0,0,0,0,0,0,No Defect
1284,73.74,128.0,3.86,94.43,55.03,47.91,77.14,9.8,632.9,3.76,1990.2,251.0,Milling,Alloy,Morning,Intermediate,Line_A,1,0,0,1,1,1,0,1,0,0,0,0,0,0,0,0,No Defect
1285,71.99,114.56,2.29,84.85,56.06,39.84,38.87,6.0,732.4,3.42,1198.4,292.0,Injection_Molding,Steel,Morning,Expert,Line_A,0,0,0,0,0,0,0,0,0,0,0,0,0,0,0,0,No Defect
1286,75.11,126.23,2.48,112.27,62.41,,63.59,5.42,,4.65,1891.7,460.0,Injection_Molding,Plastic,Evening,Intermediate,Line_A,0,0,0,1,0,1,1,1,0,0,0,0,0,0,0,0,No Defect
1287,76.81,124.49,3.19,102.66,56.21,49.66,39.8,3.74,815.6,3.23,1137.6,420.0,CNC,Alloy,Morning,Intermediate,Line_D,0,0,0,0,0,0,0,0,0,0,0,0,0,0,0,0,No Defect
1288,76.09,131.74,3.48,118.39,57.85,49.1,40.41,3.1,823.8,3.14,1174.4,544.0,CNC,Alloy,Evening,Expert,Line_A,0,1,0,1,0,0,1,0,0,0,1,0,0,0,1,0,No Defect
1289,73.58,126.57,2.82,107.81,80.54,54.95,52.46,10.0,704.0,4.6,1670.2,328.0,CNC,Steel,Evening,Intermediate,Line_A,1,0,0,1,0,0,1,1,1,0,0,0,0,0,0,0,No Defect
1290,71.77,117.58,4.15,115.49,66.71,66.69,37.33,2.74,783.0,2.42,1784.5,409.0,Lathe,Composite,Morning,Expert,Line_D,0,0,0,0,1,0,1,0,0,0,0,1,0,0,0,1,Dimensional Defect
1291,75.31,130.18,2.0,,63.2,38.21,51.07,,711.3,2.55,1010.8,406.0,Press,Alloy,Evening,Intermediate,Line_D,0,0,0,1,0,0,0,0,0,0,0,0,0,0,0,0,No Defect
1292,82.66,128.1,2.97,115.08,48.33,59.09,45.99,4.14,887.4,2.3,1818.5,442.0,Milling,Plastic,Morning,Intermediate,Line_C,0,1,1,1,0,0,1,0,0,0,0,0,0,0,0,1,Structural Defect
1293,71.92,111.9,2.7,91.29,69.86,44.33,40.27,1.27,749.2,3.04,642.7,485.0,Press,Steel,Morning,Intermediate,Line_B,0,0,0,0,0,0,0,0,0,0,0,0,0,0,0,0,No Defect
1294,76.69,119.73,3.39,116.0,63.18,37.96,56.92,4.37,746.8,4.86,1686.0,408.0,Lathe,Alloy,Night,Intermediate,Line_A,0,0,0,0,0,0,1,1,0,0,0,0,1,0,0,0,No Defect
1295,79.27,111.69,2.78,68.95,66.35,55.49,44.59,4.81,783.6,3.28,749.2,344.0,Lathe,Steel,Morning,Expert,Line_A,0,0,1,0,0,0,0,0,0,0,0,0,0,0,0,0,No Defect
1296,74.12,116.64,2.15,82.21,67.65,54.62,47.64,4.9,761.8,2.86,726.0,460.0,Lathe,Steel,Morning,Experienced,Line_A,0,0,0,0,0,0,0,0,0,0,0,0,0,0,0,0,No Defect
1297,76.22,129.37,2.72,112.38,72.09,44.28,57.59,4.81,698.6,4.24,1984.3,,CNC,Aluminum,Morning,Intermediate,Line_D,0,0,0,1,0,0,1,1,1,0,0,0,0,0,0,0,No Defect
1298,74.64,124.48,1.74,79.42,61.69,44.95,51.83,3.07,696.0,2.89,699.4,421.0,Lathe,Alloy,Morning,Experienced,Line_D,0,0,0,0,0,0,0,0,0,0,0,0,0,0,0,0,No Defect
1299,71.42,105.47,2.38,78.2,59.14,40.51,42.92,2.79,689.9,3.17,828.9,334.0,Milling,Alloy,Evening,Experienced,Line_D,0,0,0,0,0,0,0,0,0,0,0,0,0,0,0,0,No Defect
1300,66.26,108.91,2.77,75.25,70.33,59.08,45.55,2.74,,,721.5,399.0,Milling,Steel,Evening,Intermediate,Line_A,0,0,0,0,0,0,0,0,1,0,0,0,0,0,0,0,No Defect
1301,74.74,118.41,1.24,94.81,62.16,51.37,33.4,4.43,769.6,2.73,608.4,351.0,Press,Aluminum,Evening,Intermediate,Line_A,0,0,0,0,0,0,0,0,0,0,0,0,0,0,0,0,No Defect
1302,76.97,116.62,1.91,102.16,,49.61,34.05,2.12,814.7,1.88,1271.6,583.0,Milling,Steel,Morning,Experienced,Line_B,0,0,0,0,0,0,0,0,0,0,1,0,0,0,1,0,No Defect
1303,73.58,132.87,2.82,124.58,76.26,,62.43,5.42,690.6,3.86,1738.5,336.0,Injection_Molding,Composite,Night,Expert,Line_C,0,0,0,1,0,1,1,1,1,0,0,0,1,0,0,1,Dimensional Defect
1304,70.51,107.64,4.26,101.28,77.18,54.48,59.96,12.18,722.3,3.41,1823.2,383.0,CNC,Steel,Night,Intermediate,Line_C,1,0,0,0,1,0,1,0,1,0,0,0,1,0,0,1,Surface Defect
1305,73.09,124.18,2.34,67.66,64.02,53.07,40.31,6.2,699.4,2.75,1210.6,323.0,CNC,Aluminum,Morning,New,Line_A,0,0,0,0,0,0,0,0,0,0,0,0,0,1,0,0,No Defect
1306,65.7,121.41,1.91,77.89,68.03,51.56,57.23,7.02,718.8,3.47,965.5,468.0,CNC,Steel,Night,Expert,Line_D,0,0,0,0,0,0,0,0,0,0,0,0,1,0,0,0,No Defect
1307,78.45,112.08,2.68,118.29,64.09,46.33,27.09,7.46,914.4,3.05,718.4,440.0,Lathe,Steel,Evening,Experienced,Line_D,0,1,1,0,0,0,1,0,0,0,0,0,0,0,0,0,No Defect
1308,69.31,106.44,2.4,78.3,55.08,47.1,49.32,0.5,736.4,2.83,809.4,363.0,CNC,Steel,Evening,New,Line_A,0,0,0,0,0,0,0,0,0,0,0,0,0,1,0,0,No Defect
1309,82.16,127.16,3.48,114.14,80.4,36.31,66.22,5.09,720.0,4.42,2164.8,573.0,Lathe,Steel,Evening,Experienced,Line_C,0,0,1,1,1,1,1,1,1,1,1,0,0,0,0,1,Dimensional Defect
1310,78.5,125.68,2.52,103.15,72.53,54.67,,7.4,798.4,4.18,1699.3,427.0,Milling,Composite,Morning,Intermediate,Line_A,0,0,1,1,0,0,0,1,1,0,0,0,0,0,0,0,No Defect
1311,70.89,122.43,3.02,96.84,63.11,48.33,53.62,1.45,,3.25,708.8,426.0,Lathe,Plastic,Night,Intermediate,Line_A,0,0,0,0,0,0,0,0,0,0,0,0,1,0,0,0,No Defect
1312,73.51,108.26,3.09,88.54,55.09,54.29,50.91,1.59,773.4,3.86,1224.9,415.0,CNC,Aluminum,Night,Experienced,Line_B,0,0,0,0,0,0,0,1,0,0,0,0,1,0,0,0,No Defect
1313,77.55,122.38,4.1,99.75,45.0,55.1,47.73,3.3,779.3,2.98,1423.5,401.0,CNC,Plastic,Morning,New,Line_D,0,0,1,0,1,0,0,0,0,0,0,0,0,1,0,0,No Defect
1314,71.57,114.89,1.75,83.03,57.41,50.18,44.15,3.5,684.0,3.26,1439.9,317.0,Injection_Molding,Steel,Morning,Expert,Line_A,0,0,0,0,0,0,0,0,0,0,0,0,0,0,0,0,No Defect
1315,69.67,124.63,3.79,121.07,80.56,53.14,50.92,6.4,,4.08,1829.5,436.0,Lathe,Alloy,Night,Experienced,Line_D,0,0,0,0,1,0,1,1,1,0,0,0,1,0,0,1,Material Defect
1316,72.08,125.3,2.77,122.49,80.06,41.57,58.47,5.15,711.9,4.46,1934.8,413.0,Lathe,Steel,Morning,New,Line_D,0,0,0,1,0,0,1,1,1,1,0,0,0,1,0,1,Surface Defect
1317,79.8,123.0,4.08,130.0,81.04,50.77,51.55,4.12,691.6,3.64,1865.7,518.0,Milling,Alloy,Night,Experienced,Line_D,0,0,1,1,1,0,1,1,1,0,1,0,1,0,0,1,Dimensional Defect
1318,77.76,119.14,1.87,75.74,51.75,43.86,55.6,1.51,777.1,3.13,558.7,466.0,Injection_Molding,Plastic,Morning,Experienced,Line_C,0,0,1,0,0,0,0,0,0,0,0,0,0,0,0,0,No Defect
1319,70.59,133.77,3.44,101.21,68.79,42.54,60.07,3.0,791.4,2.22,1233.7,391.0,Press,Steel,Evening,Intermediate,Line_C,0,0,0,1,0,0,0,0,0,0,0,0,0,0,0,0,No Defect
1320,77.22,99.51,5.32,88.05,63.67,57.91,55.8,9.57,665.0,3.22,2016.1,397.0,CNC,Composite,Evening,Intermediate,Line_B,1,0,1,0,1,0,0,0,0,1,0,0,0,0,0,1,Structural Defect
1321,81.62,123.16,2.93,123.1,53.02,58.69,32.75,4.44,831.9,2.79,1316.1,365.0,Milling,Aluminum,Morning,Intermediate,Line_D,0,1,1,1,0,0,1,0,0,0,0,0,0,0,0,0,No Defect
1322,79.45,115.03,3.32,105.03,,62.66,65.87,10.25,740.3,3.12,2052.0,,CNC,Aluminum,Morning,Intermediate,Line_D,1,0,1,0,0,1,1,0,0,1,0,0,0,0,0,0,No Defect
1323,73.01,102.96,1.68,88.8,64.24,55.82,53.12,0.75,720.0,3.37,1560.3,382.0,Injection_Molding,Alloy,Morning,Intermediate,Line_B,0,0,0,0,0,0,0,0,0,0,0,0,0,0,0,0,No Defect
1324,70.33,128.71,2.68,107.89,82.7,47.8,67.29,8.48,704.7,4.7,2360.4,561.0,Injection_Molding,Composite,Evening,Experienced,Line_D,0,0,0,1,0,1,1,1,1,1,1,0,0,0,0,0,No Defect
1325,69.73,113.67,2.89,83.33,66.82,40.17,43.47,2.4,812.7,3.95,989.0,482.0,CNC,Steel,Morning,Expert,Line_A,0,1,0,0,0,0,0,1,0,0,0,0,0,0,1,0,No Defect
1326,76.53,116.2,1.75,79.26,52.43,39.41,45.82,3.3,636.2,3.11,998.7,298.0,CNC,Composite,Night,Intermediate,Line_A,0,0,0,0,0,0,0,0,0,0,0,0,1,0,0,0,No Defect
1327,74.23,107.87,4.74,78.13,62.58,63.02,61.39,7.54,659.0,,2622.0,230.0,Injection_Molding,Plastic,Evening,Intermediate,Line_B,0,0,0,0,1,0,0,0,0,1,0,1,0,0,0,0,No Defect
1328,77.45,125.54,3.91,117.6,57.74,48.81,47.4,4.43,817.6,3.13,1102.3,617.0,CNC,Aluminum,Morning,Intermediate,Line_C,0,0,1,1,1,0,1,0,0,0,1,0,0,0,1,0,No Defect
1329,79.2,120.31,2.49,92.27,65.98,57.33,54.27,4.09,,3.11,1733.0,441.0,Lathe,Alloy,Evening,Expert,Line_A,0,0,1,0,0,0,0,0,0,0,0,0,0,0,0,0,No Defect
1330,74.75,138.47,2.16,128.96,68.1,56.4,59.38,5.28,674.0,4.55,1539.1,441.0,CNC,Composite,Evening,Experienced,Line_A,0,0,0,1,0,0,1,1,0,0,0,0,0,0,0,0,No Defect
1331,72.33,119.63,2.92,78.18,71.13,46.55,57.49,,701.7,3.12,137.9,494.0,Lathe,Steel,Evening,New,Line_B,0,0,0,0,0,0,0,0,1,0,1,0,0,1,0,0,No Defect
1332,78.28,125.18,3.11,123.36,74.5,51.74,68.71,5.69,729.3,4.56,1584.6,390.0,Lathe,Steel,Morning,Intermediate,Line_B,0,0,1,1,0,1,1,1,1,0,0,0,0,0,0,0,No Defect
1333,69.15,110.4,2.49,83.56,57.63,45.98,53.92,1.47,794.8,3.38,1561.6,444.0,Lathe,Alloy,Morning,Experienced,Line_D,0,0,0,0,0,0,0,0,0,0,0,0,0,0,0,1,Structural Defect
1334,72.42,114.63,1.73,81.52,49.14,47.88,55.08,1.88,753.8,2.98,579.4,494.0,Press,Plastic,Morning,Intermediate,Line_C,0,0,0,0,0,0,0,0,0,0,0,0,0,0,0,1,Dimensional Defect
1335,67.69,132.09,3.07,112.1,82.17,58.67,48.83,4.36,698.8,3.97,2278.3,326.0,CNC,Composite,Evening,Expert,Line_B,0,0,0,1,0,0,1,1,1,1,0,0,0,0,0,0,No Defect
1336,78.81,114.8,1.23,82.7,65.37,45.01,46.32,7.82,721.5,3.72,541.6,368.0,Injection_Molding,Steel,Morning,Experienced,Line_B,0,0,1,0,0,0,0,1,0,0,0,0,0,0,0,0,No Defect
1337,75.21,111.63,5.13,89.86,57.11,53.01,56.14,9.13,755.8,3.3,2575.9,362.0,CNC,Aluminum,Evening,New,Line_A,1,0,0,0,1,0,0,0,0,1,0,0,0,1,0,1,Material Defect
1338,70.13,131.58,1.85,92.46,64.06,56.8,54.56,6.82,749.6,3.46,1153.4,336.0,Press,Composite,Night,Experienced,Line_D,0,0,0,1,0,0,0,0,0,0,0,0,1,0,0,1,Material Defect
1339,75.73,118.36,4.41,103.74,57.28,64.72,61.29,12.61,655.9,3.65,2542.7,380.0,Press,Steel,Evening,Expert,Line_A,1,0,0,0,1,1,0,0,0,1,0,1,0,0,0,1,Dimensional Defect
1340,75.54,107.03,5.02,88.9,61.97,44.77,74.62,12.45,676.0,2.94,1933.9,404.0,CNC,Steel,Evening,Experienced,Line_A,1,0,1,0,1,1,0,0,0,0,0,0,0,0,0,1,Structural Defect
1341,,136.74,,105.45,81.08,52.11,66.72,7.37,673.9,4.16,2044.0,497.0,Injection_Molding,Alloy,Night,New,Line_A,0,0,0,1,0,1,1,1,1,1,0,0,1,1,0,1,Structural Defect
1342,72.29,109.71,3.14,96.09,57.08,35.0,50.2,6.15,755.5,3.57,999.9,528.0,CNC,Composite,Morning,Intermediate,Line_A,0,0,0,0,0,0,0,1,0,0,1,0,0,0,0,0,No Defect
1343,72.27,114.05,2.79,88.27,71.67,50.4,44.62,3.18,774.0,3.57,1220.3,295.0,CNC,Steel,Morning,New,Line_D,0,0,0,0,0,0,0,0,1,0,0,0,0,1,0,0,No Defect
1344,71.34,102.16,2.55,87.39,61.52,38.6,44.91,6.78,701.3,2.6,1090.8,401.0,Press,Alloy,Evening,Expert,Line_D,0,0,0,0,0,0,0,0,0,0,0,0,0,0,0,0,No Defect
1345,72.81,127.06,2.21,129.69,78.26,58.06,58.24,10.32,775.1,4.78,1466.1,389.0,Lathe,Steel,Morning,Experienced,Line_B,1,0,0,1,0,1,1,1,1,0,0,0,0,0,0,0,No Defect
1346,73.21,130.79,2.14,115.86,67.3,40.7,57.61,6.74,761.8,4.52,1891.3,422.0,CNC,Composite,Night,Intermediate,Line_B,0,0,0,1,0,0,1,1,0,0,0,0,1,0,0,0,No Defect
1347,76.01,119.9,3.88,113.84,51.51,42.22,35.67,5.4,819.2,3.0,1127.4,412.0,CNC,Aluminum,Evening,Expert,Line_B,0,0,0,0,1,0,1,0,0,0,0,0,0,0,0,0,No Defect
1348,73.93,114.22,2.59,77.83,48.52,51.81,42.68,3.16,,3.24,819.6,350.0,CNC,Composite,Morning,Expert,Line_D,0,0,0,0,0,0,0,0,0,0,0,0,0,0,0,0,No Defect
1349,72.64,122.99,2.44,130.0,84.01,46.52,67.28,7.28,682.0,4.32,2054.4,401.0,Milling,Steel,Morning,Experienced,Line_D,0,0,0,0,0,1,1,1,1,1,0,0,0,0,0,0,No Defect
1350,73.44,122.25,2.72,85.9,70.36,38.4,42.56,0.5,769.7,3.41,1391.8,506.0,Press,Steel,Night,Intermediate,Line_A,0,0,0,0,0,0,0,0,1,0,1,0,1,0,0,0,No Defect
1351,73.7,115.37,1.92,78.82,49.19,47.84,36.64,4.36,824.3,3.47,924.8,308.0,Injection_Molding,Aluminum,Morning,Experienced,Line_B,0,1,0,0,0,0,0,0,0,0,0,0,0,0,0,0,No Defect
1352,70.88,125.35,4.01,108.93,68.81,56.34,40.74,6.0,845.3,2.62,1549.6,574.0,Lathe,Aluminum,Night,Expert,Line_A,0,1,0,1,1,0,1,0,0,0,1,0,1,0,1,0,No Defect
1353,75.82,109.73,1.0,81.73,58.97,49.01,50.25,4.12,721.7,3.34,1012.3,460.0,Milling,Alloy,Morning,New,Line_C,0,0,0,0,0,0,0,0,0,0,0,0,0,1,0,0,No Defect
1354,69.1,111.6,3.24,85.96,57.89,39.63,46.01,0.77,849.2,2.69,685.3,260.0,Milling,Aluminum,Evening,Experienced,Line_D,0,1,0,0,0,0,0,0,0,0,0,0,0,0,0,0,No Defect
1355,77.84,113.77,5.51,102.17,63.36,60.27,47.4,10.3,759.5,3.64,1890.9,283.0,Press,Alloy,Night,Expert,Line_D,1,0,1,0,1,0,0,0,0,0,0,0,1,0,0,1,Structural Defect
1356,75.53,107.92,3.43,81.79,50.54,46.4,47.15,2.11,746.4,2.92,1001.0,274.0,CNC,Plastic,Evening,Intermediate,Line_A,0,0,0,0,1,0,0,0,0,0,0,0,0,0,0,0,No Defect
1357,71.28,111.61,2.91,89.53,51.55,42.54,,4.35,803.7,2.56,1132.0,468.0,Milling,Plastic,Evening,Intermediate,Line_A,0,0,0,0,0,0,0,0,0,0,0,0,0,0,0,0,No Defect
1358,72.88,124.67,1.91,95.5,57.65,53.46,54.02,3.67,746.5,2.88,859.3,359.0,Press,Composite,Morning,Expert,Line_C,0,0,0,0,0,0,0,0,0,0,0,0,0,0,0,0,No Defect
1359,75.41,115.98,4.4,109.55,70.28,55.36,57.93,12.35,734.9,4.28,2100.0,369.0,Press,Steel,Evening,Experienced,Line_D,1,0,0,0,1,0,1,1,1,1,0,0,0,0,0,0,No Defect
1360,70.33,124.34,,118.39,70.99,51.99,56.18,4.48,717.5,4.45,1726.5,454.0,Lathe,Steel,Morning,Experienced,Line_A,0,0,0,0,0,0,1,1,1,0,0,0,0,0,0,1,Structural Defect
1361,72.18,121.87,2.48,81.01,51.99,47.41,46.22,3.61,777.2,2.48,1091.5,454.0,CNC,Plastic,Evening,Expert,Line_B,0,0,0,0,0,0,0,0,0,0,0,0,0,0,0,0,No Defect
1362,73.22,114.93,2.34,72.39,62.51,49.82,35.21,0.79,698.5,2.96,1127.2,370.0,Lathe,Aluminum,Morning,Expert,Line_B,0,0,0,0,0,0,0,0,0,0,0,0,0,0,0,1,Assembly Defect
1363,76.62,124.39,5.24,80.34,51.84,47.51,74.8,10.25,700.0,3.59,2190.4,283.0,Press,Plastic,Night,Expert,Line_A,1,0,0,0,1,1,0,0,0,1,0,0,1,0,0,1,Structural Defect
1364,71.82,119.98,3.7,108.91,59.44,63.03,37.35,3.69,796.2,,1394.3,398.0,CNC,Plastic,Morning,Intermediate,Line_D,0,0,0,0,1,0,1,0,0,0,0,1,0,0,0,0,No Defect
1365,82.58,125.22,1.55,94.25,45.81,53.15,43.99,2.52,811.9,3.33,1427.4,413.0,Press,Plastic,Evening,New,Line_D,0,0,1,1,0,0,0,0,0,0,0,0,0,1,0,0,No Defect
1366,80.58,120.33,3.93,113.77,67.43,60.89,46.14,2.83,804.2,3.0,1419.7,546.0,Milling,Aluminum,Night,Expert,Line_B,0,0,1,0,1,0,1,0,0,0,1,0,1,0,1,0,No Defect
1367,74.16,140.0,3.62,116.44,74.2,55.32,69.0,5.4,645.1,3.94,1590.2,385.0,Press,Aluminum,Night,Experienced,Line_B,0,0,0,1,0,1,1,1,1,0,0,0,1,0,0,1,Assembly Defect
1368,74.75,118.84,3.87,126.72,70.69,48.35,40.2,4.55,921.8,3.67,1799.8,626.0,Injection_Molding,Steel,Morning,Intermediate,Line_A,0,1,0,0,1,0,1,0,1,0,1,0,0,0,1,0,No Defect
1369,74.55,111.68,2.37,71.7,71.97,54.35,45.36,3.45,794.6,3.42,1181.6,472.0,Injection_Molding,Alloy,Evening,Experienced,Line_A,0,0,0,0,0,0,0,0,1,0,0,0,0,0,1,0,No Defect
1370,74.33,126.85,2.96,130.0,76.8,51.87,51.19,5.88,697.5,4.29,1850.5,479.0,Injection_Molding,Steel,Morning,Experienced,Line_B,0,0,0,1,0,0,1,1,1,1,0,0,0,0,0,0,No Defect
1371,72.27,111.15,2.71,91.37,73.95,41.43,36.88,3.99,733.4,3.26,1157.0,536.0,CNC,Alloy,Morning,Experienced,Line_A,0,0,0,0,0,0,0,0,1,0,1,0,0,0,0,0,No Defect
1372,71.03,114.39,2.58,86.41,54.1,,60.63,4.43,685.7,2.91,1057.4,352.0,CNC,Alloy,Evening,Expert,Line_A,0,0,0,0,0,0,0,0,0,0,0,0,0,0,0,0,No Defect
1373,66.68,118.75,4.5,100.48,67.18,55.1,70.33,11.1,649.2,2.88,1752.9,272.0,Lathe,Alloy,Night,Experienced,Line_B,1,0,0,0,1,1,0,0,0,0,0,0,1,0,0,0,No Defect
1374,67.85,129.49,2.66,93.72,65.86,49.98,52.09,1.25,711.0,,974.0,447.0,CNC,Aluminum,Morning,Intermediate,Line_B,0,0,0,1,0,0,0,0,0,0,0,0,0,0,0,0,No Defect
1375,72.77,127.03,1.69,89.73,48.32,48.12,45.06,2.48,737.6,3.11,1217.2,230.0,CNC,Alloy,Morning,Experienced,Line_D,0,0,0,1,0,0,0,0,0,0,0,0,0,0,0,0,No Defect
1376,66.62,127.01,2.58,81.46,53.25,47.4,52.98,2.41,737.7,3.47,1521.1,415.0,Press,Plastic,Morning,Experienced,Line_B,0,0,0,1,0,0,0,0,0,0,0,0,0,0,0,0,No Defect
1377,75.31,117.92,2.55,112.9,78.22,51.64,52.07,5.96,723.8,4.87,1609.9,448.0,Milling,Steel,Evening,Expert,Line_B,0,0,0,0,0,0,1,1,1,0,0,0,0,0,0,0,No Defect
1378,68.64,112.63,3.1,86.68,63.07,56.51,55.21,4.01,705.3,4.09,912.6,542.0,Milling,Aluminum,Night,Expert,Line_C,0,0,0,0,0,0,0,1,0,0,1,0,1,0,0,0,No Defect
1379,73.8,126.38,3.28,100.67,68.73,42.41,57.29,3.97,674.1,3.08,658.1,416.0,Injection_Molding,Steel,Morning,Intermediate,Line_A,0,0,0,1,0,0,0,0,0,0,0,0,0,0,0,0,No Defect
1380,73.91,121.43,3.61,104.14,60.03,51.16,45.92,2.43,835.8,,1511.3,566.0,Lathe,Alloy,Morning,Experienced,Line_D,0,1,0,0,0,0,0,0,0,0,1,0,0,0,1,0,No Defect
1381,75.58,114.9,3.76,112.48,61.32,57.16,54.54,11.07,714.8,3.52,2006.8,267.0,Lathe,Alloy,Evening,Experienced,Line_C,1,0,0,0,1,0,1,0,0,1,0,0,0,0,0,0,No Defect
1382,73.46,114.3,2.71,80.21,58.51,49.87,58.4,6.72,722.9,2.57,1016.1,425.0,Milling,Aluminum,Morning,Expert,Line_B,0,0,0,0,0,1,0,0,0,0,0,0,0,0,0,0,No Defect
1383,76.42,110.89,3.96,90.25,46.92,57.21,73.76,14.54,678.8,3.3,2205.8,363.0,CNC,Composite,Night,Intermediate,Line_C,1,0,0,0,1,1,0,0,0,1,0,0,1,0,0,0,No Defect
1384,76.57,116.71,1.53,99.17,61.46,54.29,,4.48,768.4,3.19,1065.2,274.0,Injection_Molding,Steel,Night,Experienced,Line_B,0,0,0,0,0,0,0,0,0,0,0,0,1,0,0,0,No Defect
1385,81.53,,3.05,112.68,67.96,46.1,37.06,4.62,829.8,3.31,1295.0,365.0,Press,Composite,Evening,Experienced,Line_D,0,1,1,0,0,0,1,0,0,0,0,0,0,0,0,0,No Defect
1386,71.68,108.28,2.02,97.05,50.2,45.73,38.92,4.86,773.8,2.84,787.8,277.0,Press,Composite,Night,Expert,Line_B,0,0,0,0,0,0,0,0,0,0,0,0,1,0,0,0,No Defect
1387,67.32,115.16,1.52,93.1,64.24,42.71,34.07,3.85,786.6,3.18,1174.9,329.0,Injection_Molding,Alloy,Night,New,Line_B,0,0,0,0,0,0,0,0,0,0,0,0,1,1,0,0,No Defect
1388,69.98,103.35,,89.12,61.21,50.23,46.97,0.5,691.6,3.37,934.1,397.0,Lathe,Alloy,Evening,Expert,Line_A,0,0,0,0,0,0,0,0,0,0,0,0,0,0,0,0,No Defect
1389,72.19,,3.14,98.31,73.37,42.62,49.56,2.6,776.4,3.42,843.6,281.0,CNC,Alloy,Night,Expert,Line_A,0,0,0,0,0,0,0,0,1,0,0,0,1,0,0,0,No Defect
1390,77.81,123.03,3.27,109.45,57.9,54.56,58.95,11.11,704.0,3.32,2175.6,342.0,Milling,Aluminum,Evening,Experienced,Line_A,1,0,1,0,0,0,1,0,0,1,0,0,0,0,0,0,No Defect
1391,80.84,132.42,1.6,116.95,64.24,40.05,72.98,4.17,651.4,3.59,1770.2,476.0,Press,Plastic,Evening,Experienced,Line_B,0,0,1,1,0,1,1,0,0,0,0,0,0,0,0,0,No Defect
1392,82.6,124.36,3.52,123.07,61.03,43.74,35.86,2.52,896.1,3.06,1248.8,544.0,Injection_Molding,Steel,Evening,New,Line_B,0,1,1,0,0,0,1,0,0,0,1,0,0,1,1,0,No Defect
1393,75.27,119.41,4.07,121.62,62.05,47.43,56.73,8.54,743.0,4.25,2088.8,421.0,Lathe,Plastic,Night,Intermediate,Line_B,0,0,0,0,1,0,1,1,0,1,0,0,1,0,0,0,No Defect
1394,76.78,113.29,2.96,110.78,49.4,46.28,35.28,4.1,863.0,2.64,1411.7,521.0,CNC,Composite,Evening,Expert,Line_C,0,1,0,0,0,0,1,0,0,0,1,0,0,0,1,0,No Defect
1395,77.25,122.24,3.9,117.02,,58.19,32.75,0.67,726.5,2.82,1099.3,466.0,Press,Composite,Morning,Experienced,Line_A,0,0,1,0,1,0,1,0,0,0,0,0,0,0,0,0,No Defect
1396,75.5,132.12,3.76,124.44,70.37,49.38,53.6,6.13,697.9,3.83,1894.9,332.0,CNC,Steel,Evening,Experienced,Line_D,0,0,0,1,1,0,1,1,1,0,0,0,0,0,0,0,No Defect
1397,76.03,128.16,2.47,105.21,56.19,54.34,44.2,3.01,901.9,3.11,590.7,383.0,Milling,Plastic,Evening,Experienced,Line_A,0,1,0,1,0,0,1,0,0,0,0,0,0,0,0,0,No Defect
1398,82.8,138.09,3.14,128.63,82.91,54.82,69.84,3.71,690.9,3.65,1903.3,437.0,Lathe,Steel,Evening,Intermediate,Line_D,0,0,1,1,0,1,1,0,1,0,0,0,0,0,0,0,No Defect
1399,77.41,119.95,2.56,104.55,65.09,42.6,42.11,7.36,807.5,3.23,696.7,518.0,Milling,Steel,Evening,Intermediate,Line_C,0,0,1,0,0,0,0,0,0,0,1,0,0,0,1,0,No Defect
1400,75.06,118.45,3.18,111.84,71.09,55.29,53.62,7.17,656.3,4.45,1387.4,519.0,Lathe,Alloy,Evening,Experienced,Line_D,0,0,0,0,0,0,1,1,1,0,1,0,0,0,0,0,No Defect
1401,73.96,114.12,2.31,107.13,53.77,,42.23,6.11,829.6,2.49,1801.5,326.0,Milling,Aluminum,Evening,Intermediate,Line_A,0,1,0,0,0,0,1,0,0,0,0,0,0,0,0,0,No Defect
1402,,116.04,1.67,85.17,61.68,51.09,53.0,4.76,774.4,2.48,511.3,283.0,Milling,Aluminum,Evening,Experienced,Line_B,0,0,0,0,0,0,0,0,0,0,0,0,0,0,0,0,No Defect
1403,75.63,122.3,2.19,85.16,50.65,38.72,54.91,4.38,705.9,2.71,928.7,330.0,Milling,Alloy,Night,Experienced,Line_B,0,0,0,0,0,0,0,0,0,0,0,0,1,0,0,0,No Defect
1404,,113.27,2.54,82.22,56.24,48.77,54.41,3.48,765.0,3.26,591.9,295.0,Press,Alloy,Morning,Experienced,Line_D,0,0,0,0,0,0,0,0,0,0,0,0,0,0,0,0,No Defect
1405,75.68,113.52,3.12,82.39,57.02,52.53,54.98,8.12,685.4,3.13,2688.8,303.0,CNC,Alloy,Evening,Experienced,Line_A,0,0,0,0,0,0,0,0,0,1,0,0,0,0,0,0,No Defect
1406,72.49,116.74,4.23,117.53,58.35,60.46,45.06,12.04,630.0,3.85,2010.2,377.0,Press,Composite,Morning,Expert,Line_A,1,0,0,0,1,0,1,1,0,1,0,0,0,0,0,1,Material Defect
1407,83.9,127.66,2.04,122.98,62.47,46.27,34.68,4.78,869.0,3.2,1124.2,510.0,Milling,Steel,Morning,Experienced,Line_B,0,1,1,1,0,0,1,0,0,0,1,0,0,0,1,0,No Defect
1408,80.13,134.55,2.61,117.3,59.19,63.34,45.84,4.56,857.8,2.79,1273.6,378.0,CNC,Steel,Morning,New,Line_A,0,1,1,1,0,0,1,0,0,0,0,1,0,1,0,1,Dimensional Defect
1409,69.9,118.96,2.43,87.8,55.75,51.33,35.44,6.45,755.0,3.64,1214.7,321.0,Injection_Molding,Composite,Night,Experienced,Line_C,0,0,0,0,0,0,0,1,0,0,0,0,1,0,0,0,No Defect
1410,72.11,130.73,3.39,119.45,85.0,58.8,72.49,5.61,723.4,4.14,1854.4,533.0,Milling,Steel,Morning,Experienced,Line_A,0,0,0,1,0,1,1,1,1,1,1,0,0,0,0,0,No Defect
1411,76.79,128.34,2.89,112.87,67.25,53.21,32.2,5.21,810.6,3.22,1441.5,417.0,Press,Steel,Night,New,Line_A,0,1,0,1,0,0,1,0,0,0,0,0,1,1,0,1,Dimensional Defect
1412,73.86,114.68,1.73,105.92,68.24,56.73,51.09,4.97,805.5,3.06,868.9,462.0,Milling,Steel,Evening,New,Line_C,0,0,0,0,0,0,1,0,0,0,0,0,0,1,0,0,No Defect
1413,80.85,124.86,3.0,103.52,65.88,52.08,46.1,4.3,719.3,2.83,1093.1,509.0,Injection_Molding,Aluminum,Night,Experienced,Line_A,0,0,1,0,0,0,0,0,0,0,1,0,1,0,0,0,No Defect
1414,69.05,140.0,2.54,108.58,75.9,49.07,69.38,8.06,680.4,5.45,1292.4,473.0,Milling,Steel,Night,Experienced,Line_A,1,0,0,1,0,1,1,1,1,0,0,0,1,0,0,0,No Defect
1415,71.32,112.54,1.44,82.86,47.52,52.66,56.65,4.0,744.3,2.68,841.6,275.0,Injection_Molding,Aluminum,Morning,Experienced,Line_A,0,0,0,0,0,0,0,0,0,0,0,0,0,0,0,0,No Defect
1416,84.31,126.97,3.96,113.67,60.79,57.59,49.72,5.68,764.0,3.21,1535.6,554.0,Injection_Molding,Steel,Morning,Experienced,Line_D,0,0,1,1,1,0,1,0,0,0,1,0,0,0,0,1,Assembly Defect
1417,74.17,122.49,3.5,121.09,,46.0,56.66,6.7,758.8,4.19,1614.5,511.0,Press,Plastic,Morning,Experienced,Line_B,0,0,0,1,0,0,1,1,0,0,1,0,0,0,1,0,No Defect
1418,74.89,120.75,1.81,90.93,52.89,44.25,35.71,4.23,670.7,3.65,1009.7,206.0,Injection_Molding,Plastic,Evening,Experienced,Line_D,0,0,0,0,0,0,0,0,0,0,0,0,0,0,0,0,No Defect
1419,82.18,,3.54,111.64,50.7,,37.26,3.01,897.4,3.3,1307.9,467.0,Press,Steel,Evening,Experienced,Line_A,0,1,1,0,0,0,1,0,0,0,0,0,0,0,0,0,No Defect
1420,74.25,111.56,2.45,93.7,69.91,46.32,50.03,5.38,785.4,3.35,965.1,425.0,CNC,Steel,Evening,Experienced,Line_B,0,0,0,0,0,0,0,0,0,0,0,0,0,0,0,0,No Defect
1421,70.27,104.86,1.62,64.07,60.17,46.62,58.62,5.79,653.3,2.6,380.2,370.0,Injection_Molding,Composite,Night,New,Line_B,0,0,0,0,0,0,0,0,0,0,0,0,1,1,0,0,No Defect
1422,80.9,129.24,3.55,123.51,74.52,39.69,49.73,5.75,691.2,5.08,1257.2,550.0,Injection_Molding,Steel,Evening,Intermediate,Line_A,0,0,1,1,0,0,1,1,1,0,1,0,0,0,0,1,Material Defect
1423,68.33,122.51,2.73,85.44,67.74,38.29,55.31,3.18,751.2,3.02,895.0,475.0,Milling,Alloy,Morning,Expert,Line_A,0,0,0,0,0,0,0,0,0,0,0,0,0,0,0,1,Dimensional Defect
1424,77.26,134.76,3.69,125.2,72.2,67.94,68.9,5.45,642.2,3.94,1925.5,517.0,Press,Composite,Morning,Expert,Line_A,0,0,1,1,0,1,1,1,1,0,1,1,0,0,0,1,Surface Defect
1425,77.33,136.96,3.78,130.0,84.86,52.55,72.84,3.67,639.9,5.02,1942.0,422.0,Press,Steel,Night,Intermediate,Line_C,0,0,1,1,1,1,1,1,1,1,0,0,1,0,0,1,Surface Defect
1426,78.38,121.72,3.39,103.81,49.01,61.68,46.21,4.94,856.2,2.18,1085.9,453.0,Lathe,Aluminum,Evening,Expert,Line_C,0,1,1,0,0,0,0,0,0,0,0,0,0,0,0,0,No Defect
1427,74.85,128.89,2.3,94.17,65.59,49.27,45.82,4.09,686.3,2.81,1019.5,268.0,Milling,Steel,Night,Experienced,Line_A,0,0,0,1,0,0,0,0,0,0,0,0,1,0,0,0,No Defect
1428,79.01,116.64,5.06,92.21,64.8,57.42,58.06,9.27,656.2,3.31,2310.2,340.0,Injection_Molding,Steel,Night,New,Line_D,1,0,1,0,1,0,0,0,0,1,0,0,1,1,0,0,No Defect
1429,74.36,114.29,4.52,109.93,69.11,68.95,60.78,12.55,737.0,3.31,1706.6,363.0,Lathe,Steel,Night,Expert,Line_C,1,0,0,0,1,0,1,0,0,0,0,1,1,0,0,1,Material Defect
1430,79.2,124.16,3.36,109.32,81.03,47.15,67.84,,649.6,3.7,1592.5,306.0,Lathe,Alloy,Evening,Expert,Line_C,0,0,1,0,0,1,1,1,1,0,0,0,0,0,0,0,No Defect
1431,71.56,109.14,4.42,80.31,59.58,70.0,67.48,9.86,592.1,3.03,2491.9,342.0,CNC,Plastic,Evening,Experienced,Line_C,1,0,0,0,1,1,0,0,0,1,0,1,0,0,0,1,Surface Defect
1432,65.01,125.62,2.87,82.64,,44.28,43.94,5.65,724.9,3.15,831.1,381.0,CNC,Composite,Morning,Experienced,Line_D,0,0,0,1,0,0,0,0,0,0,0,0,0,0,0,0,No Defect
1433,79.28,110.24,3.86,107.1,75.39,49.74,58.15,10.99,728.8,2.7,2256.1,415.0,CNC,Steel,Morning,New,Line_C,1,0,1,0,1,0,1,0,1,1,0,0,0,1,0,1,Structural Defect
1434,73.79,123.2,2.7,124.34,60.23,57.64,47.29,9.11,751.7,4.42,2028.1,494.0,Press,Plastic,Morning,Experienced,Line_D,1,0,0,1,0,0,1,1,0,1,0,0,0,0,1,1,Material Defect
1435,74.14,120.89,2.05,94.69,68.51,51.35,,3.26,787.6,2.95,1171.7,297.0,Press,Aluminum,Evening,Expert,Line_C,0,0,0,0,0,0,0,0,0,0,0,0,0,0,0,0,No Defect
1436,82.54,117.6,3.42,109.22,65.09,47.67,49.08,4.84,815.1,3.07,1109.5,468.0,Milling,Alloy,Evening,Experienced,Line_B,0,0,1,0,1,0,1,0,0,0,0,0,0,0,0,1,Material Defect
1437,74.5,123.09,2.68,130.0,82.39,38.05,59.18,7.15,695.7,4.15,2199.7,285.0,Milling,Steel,Night,Expert,Line_B,1,0,0,0,0,0,1,1,1,1,0,0,1,0,0,0,No Defect
1438,73.59,114.9,5.29,,67.3,61.56,74.38,10.68,681.4,3.89,2017.1,344.0,Press,Steel,Evening,Experienced,Line_A,1,0,0,0,1,1,0,1,0,1,0,0,0,0,0,0,No Defect
1439,69.61,124.71,3.78,98.67,,59.51,74.18,10.76,669.8,3.67,2579.5,414.0,Milling,Aluminum,Night,Expert,Line_B,1,0,0,0,1,1,0,0,0,1,0,0,1,0,0,1,Dimensional Defect
1440,74.32,121.34,2.88,108.8,66.87,41.97,56.83,4.97,753.8,3.86,901.6,353.0,Injection_Molding,Steel,Evening,Experienced,Line_A,0,0,0,0,0,0,1,1,0,0,0,0,0,0,0,0,No Defect
1441,74.75,111.34,2.78,86.74,70.46,56.1,63.76,10.79,664.8,2.98,2720.6,466.0,Injection_Molding,Aluminum,Evening,Intermediate,Line_B,1,0,0,0,0,1,0,0,1,1,0,0,0,0,0,0,No Defect
1442,73.18,117.31,1.7,78.6,60.59,48.73,47.3,3.67,730.3,3.26,661.3,455.0,Injection_Molding,Steel,Morning,New,Line_A,0,0,0,0,0,0,0,0,0,0,0,0,0,1,0,0,No Defect
1443,71.53,131.68,3.45,130.0,73.18,47.61,48.94,7.41,734.0,3.59,1736.5,547.0,Injection_Molding,Steel,Morning,New,Line_C,0,0,0,1,0,0,1,0,1,0,1,0,0,1,0,0,No Defect
1444,78.4,133.75,2.86,106.59,70.99,45.69,65.15,7.08,669.6,3.68,2058.9,524.0,CNC,Aluminum,Morning,Experienced,Line_A,1,0,1,1,0,1,1,0,1,1,1,0,0,0,0,0,No Defect
1445,66.44,112.69,3.31,94.03,57.33,35.0,42.82,4.43,879.6,3.11,1309.4,402.0,Lathe,Composite,Evening,Experienced,Line_A,0,1,0,0,0,0,0,0,0,0,0,0,0,0,0,0,No Defect
1446,,127.14,2.43,111.18,73.96,55.0,54.12,3.16,761.4,4.68,1982.5,492.0,Injection_Molding,Alloy,Night,Expert,Line_D,0,0,0,1,0,0,1,1,1,0,0,0,1,0,0,1,Material Defect
1447,76.8,118.7,3.84,104.92,66.2,56.31,56.94,13.32,833.6,2.75,1870.2,335.0,CNC,Composite,Evening,Expert,Line_C,1,1,0,0,1,0,0,0,0,0,0,0,0,0,0,0,No Defect
1448,67.01,107.44,1.97,73.58,51.63,46.18,66.91,2.64,681.4,2.96,512.1,275.0,CNC,Aluminum,Morning,Intermediate,Line_C,0,0,0,0,0,1,0,0,0,0,0,0,0,0,0,0,No Defect
1449,74.48,105.88,1.62,85.36,65.53,47.14,47.84,3.0,716.4,2.74,1351.8,393.0,Milling,Alloy,Night,Experienced,Line_B,0,0,0,0,0,0,0,0,0,0,0,0,1,0,0,0,No Defect
1450,74.74,110.77,5.25,106.21,69.86,61.05,71.27,10.53,675.9,3.77,2348.8,359.0,CNC,Steel,Night,Expert,Line_A,1,0,0,0,1,1,1,1,0,1,0,0,1,0,0,1,Surface Defect
1451,77.15,140.0,2.6,130.0,66.21,44.04,54.0,4.38,655.4,5.46,1955.9,481.0,Press,Steel,Evening,Intermediate,Line_D,0,0,1,1,0,0,1,1,0,1,0,0,0,0,0,1,Dimensional Defect
1452,80.08,115.03,2.99,115.21,62.86,53.02,24.26,2.53,863.7,3.47,1276.7,491.0,Injection_Molding,Steel,Night,Expert,Line_C,0,1,1,0,0,0,1,0,0,0,0,0,1,0,1,0,No Defect
1453,72.03,111.03,2.03,87.82,59.42,45.36,45.18,4.23,747.2,2.78,1108.2,330.0,Milling,Steel,Evening,New,Line_B,0,0,0,0,0,0,0,0,0,0,0,0,0,1,0,0,No Defect
1454,74.47,116.44,4.63,79.13,57.98,61.24,58.55,10.19,663.4,3.19,2387.3,297.0,CNC,Alloy,Morning,Expert,Line_C,1,0,0,0,1,0,0,0,0,1,0,0,0,0,0,0,No Defect
1455,70.09,124.01,3.32,91.27,62.84,47.68,48.43,1.92,749.9,3.07,807.2,404.0,Lathe,Steel,Night,Experienced,Line_D,0,0,0,1,0,0,0,0,0,0,0,0,1,0,0,0,No Defect
1456,72.75,113.0,2.04,76.02,47.82,48.67,46.71,4.18,752.6,3.18,867.2,405.0,Milling,Plastic,Morning,Experienced,Line_C,0,0,0,0,0,0,0,0,0,0,0,0,0,0,0,1,Dimensional Defect
1457,76.06,119.12,3.18,97.22,62.36,38.48,40.02,5.53,919.3,2.73,1133.1,490.0,Injection_Molding,Plastic,Evening,Experienced,Line_B,0,1,0,0,0,0,0,0,0,0,0,0,0,0,1,0,No Defect
1458,74.34,124.69,3.24,130.0,63.97,47.25,48.17,5.71,714.3,3.64,1980.7,314.0,Lathe,Aluminum,Night,Experienced,Line_D,0,0,0,0,0,0,1,0,0,0,0,0,1,0,0,0,No Defect
1459,67.83,108.6,1.16,77.5,65.65,61.63,54.76,5.9,834.3,3.35,717.7,370.0,Milling,Plastic,Night,Intermediate,Line_B,0,1,0,0,0,0,0,0,0,0,0,0,1,0,0,0,No Defect
1460,77.53,135.26,3.92,120.42,61.54,43.75,37.03,5.7,852.7,3.3,967.3,518.0,Lathe,Steel,Evening,Experienced,Line_B,0,1,1,1,1,0,1,0,0,0,1,0,0,0,1,1,Structural Defect
1461,66.49,119.36,4.22,77.04,64.41,44.03,66.31,11.54,716.8,3.04,2295.3,337.0,Lathe,Composite,Morning,Experienced,Line_C,1,0,0,0,1,1,0,0,0,1,0,0,0,0,0,1,Structural Defect
1462,78.52,117.2,3.71,105.38,62.86,57.21,40.26,6.36,860.3,2.2,935.4,467.0,Lathe,Aluminum,Evening,Intermediate,Line_C,0,1,1,0,1,0,1,0,0,0,0,0,0,0,0,0,No Defect
1463,77.28,115.91,4.08,117.8,68.98,44.81,46.35,15.43,742.9,4.06,2084.4,358.0,Press,Alloy,Morning,Expert,Line_A,1,0,1,0,1,0,1,1,1,1,0,0,0,0,0,1,Assembly Defect
1464,72.88,118.25,1.34,89.91,67.87,41.78,38.82,2.66,729.9,4.22,1045.3,431.0,Press,Steel,Evening,Experienced,Line_D,0,0,0,0,0,0,0,1,0,0,0,0,0,0,0,0,No Defect
1465,74.67,,4.5,105.2,48.13,49.68,48.49,12.09,675.2,2.84,1965.7,384.0,CNC,Plastic,Night,New,Line_A,1,0,0,0,1,0,1,0,0,1,0,0,1,1,0,0,No Defect
1466,71.4,114.0,2.85,78.56,68.16,40.9,55.17,4.78,756.1,4.02,1071.8,379.0,Milling,Steel,Morning,Intermediate,Line_A,0,0,0,0,0,0,0,1,0,0,0,0,0,0,0,0,No Defect
1467,77.15,107.52,4.92,77.69,63.99,59.78,67.57,8.85,731.3,3.35,2470.4,243.0,Lathe,Alloy,Evening,Intermediate,Line_C,0,0,1,0,1,1,0,0,0,1,0,0,0,0,0,0,No Defect
1468,78.61,100.04,4.05,90.34,45.0,46.93,56.7,14.02,772.1,3.44,2102.4,406.0,CNC,Plastic,Night,Experienced,Line_C,1,0,1,0,1,0,0,0,0,1,0,0,1,0,0,1,Material Defect
1469,68.94,140.0,2.16,89.71,62.84,58.89,38.18,2.28,765.8,2.77,659.9,473.0,Injection_Molding,Aluminum,Evening,Expert,Line_A,0,0,0,1,0,0,0,0,0,0,0,0,0,0,0,0,No Defect
1470,72.8,119.03,4.5,100.01,69.93,58.68,72.35,10.54,740.3,2.19,2024.0,354.0,Milling,Alloy,Night,Experienced,Line_B,1,0,0,0,1,1,0,0,0,1,0,0,1,0,0,0,No Defect
1471,70.32,113.54,2.35,90.37,66.66,51.86,55.41,3.88,750.8,3.47,1128.8,362.0,Injection_Molding,Alloy,Evening,Intermediate,Line_B,0,0,0,0,0,0,0,0,0,0,0,0,0,0,0,0,No Defect
1472,74.7,130.24,3.63,101.43,59.92,48.27,69.79,6.3,694.5,4.07,1808.3,412.0,Press,Plastic,Morning,Expert,Line_D,0,0,0,1,0,1,0,1,0,0,0,0,0,0,0,0,No Defect
1473,75.61,122.01,1.07,105.05,68.81,58.25,38.67,3.6,822.6,2.96,989.9,411.0,CNC,Steel,Morning,Intermediate,Line_B,0,1,0,1,0,0,1,0,0,0,0,0,0,0,0,0,No Defect
1474,75.88,121.04,2.11,76.95,66.19,49.49,56.65,5.59,719.9,3.08,820.9,381.0,Press,Alloy,Evening,Experienced,Line_B,0,0,0,0,0,0,0,0,0,0,0,0,0,0,0,0,No Defect
1475,72.71,127.7,2.58,130.0,79.78,53.4,64.62,5.74,768.7,4.43,1889.0,493.0,Injection_Molding,Steel,Morning,Intermediate,Line_C,0,0,0,1,0,1,1,1,1,0,0,0,0,0,0,0,No Defect
1476,71.21,116.83,3.78,116.66,63.23,51.56,45.98,3.38,804.9,2.52,992.9,562.0,CNC,Alloy,Morning,Experienced,Line_A,0,0,0,0,1,0,1,0,0,0,1,0,0,0,1,0,No Defect
1477,77.07,100.61,3.32,118.53,59.87,64.81,54.75,11.14,703.4,3.07,2236.3,233.0,CNC,Steel,Evening,Intermediate,Line_D,1,0,1,0,0,0,1,0,0,1,0,1,0,0,0,1,Surface Defect
1478,66.65,116.25,2.21,75.26,52.66,46.93,,2.82,629.4,3.01,815.4,488.0,CNC,Aluminum,Night,New,Line_C,0,0,0,0,0,0,0,0,0,0,0,0,1,1,0,0,No Defect
1479,71.98,134.79,2.92,115.26,57.53,46.99,50.19,3.0,802.7,3.05,867.7,603.0,Milling,Steel,Morning,Intermediate,Line_D,0,0,0,1,0,0,1,0,0,0,1,0,0,0,1,0,No Defect
1480,77.46,107.18,2.46,91.21,53.56,35.0,44.65,4.85,742.1,2.8,824.4,249.0,CNC,Composite,Morning,New,Line_D,0,0,1,0,0,0,0,0,0,0,0,0,0,1,0,0,No Defect
1481,78.04,117.55,4.43,116.86,,52.86,57.52,11.35,786.7,2.77,1848.3,456.0,CNC,Aluminum,Evening,New,Line_A,1,0,1,0,1,0,1,0,0,0,0,0,0,1,1,0,No Defect
1482,81.9,121.56,2.89,111.32,63.03,,44.09,4.63,777.1,2.39,1372.6,348.0,Milling,Aluminum,Morning,Experienced,Line_A,0,0,1,0,0,0,1,0,0,0,0,0,0,0,0,0,No Defect
1483,74.85,135.64,2.33,100.14,62.84,42.87,67.42,6.07,671.4,4.7,2004.0,424.0,CNC,Aluminum,Morning,Expert,Line_A,0,0,0,1,0,1,0,1,0,1,0,0,0,0,0,1,Structural Defect
1484,77.02,120.97,3.2,92.71,59.26,45.82,53.99,3.88,694.8,3.24,1227.1,389.0,CNC,Alloy,Evening,Experienced,Line_A,0,0,1,0,0,0,0,0,0,0,0,0,0,0,0,0,No Defect
1485,74.63,109.53,1.09,74.5,57.14,42.94,48.33,5.6,828.2,3.19,1448.4,421.0,CNC,Composite,Night,Intermediate,Line_A,0,1,0,0,0,0,0,0,0,0,0,0,1,0,0,0,No Defect
1486,68.37,110.35,5.93,74.67,45.16,61.68,70.88,11.18,681.4,2.83,2235.0,307.0,CNC,Plastic,Morning,New,Line_C,1,0,0,0,1,1,0,0,0,1,0,0,0,1,0,1,Surface Defect
1487,75.22,115.14,3.21,82.73,52.87,40.92,44.62,3.83,692.0,3.37,940.1,396.0,Press,Alloy,Evening,New,Line_A,0,0,0,0,0,0,0,0,0,0,0,0,0,1,0,0,No Defect
1488,80.69,124.71,3.3,107.36,78.45,47.36,48.78,5.02,845.7,3.58,668.4,545.0,CNC,Steel,Evening,Expert,Line_C,0,1,1,0,0,0,1,0,1,0,1,0,0,0,1,0,No Defect
1489,73.36,129.57,2.33,92.4,70.93,47.85,77.43,7.23,658.1,4.14,2328.1,416.0,Lathe,Plastic,Morning,Experienced,Line_D,1,0,0,1,0,1,0,1,1,1,0,0,0,0,0,0,No Defect
1490,77.26,119.91,3.65,103.53,62.51,68.28,40.2,3.72,748.0,2.42,1282.2,441.0,Press,Alloy,Night,Experienced,Line_C,0,0,1,0,0,0,0,0,0,0,0,1,1,0,0,0,No Defect
1491,72.43,,2.48,97.38,67.24,52.14,45.65,3.46,726.6,3.04,637.0,396.0,Milling,Composite,Morning,New,Line_B,0,0,0,0,0,0,0,0,0,0,0,0,0,1,0,0,No Defect
1492,69.15,100.91,2.35,67.14,51.69,43.49,52.51,8.33,682.3,2.65,992.8,267.0,Injection_Molding,Aluminum,Night,Experienced,Line_D,0,0,0,0,0,0,0,0,0,0,0,0,1,0,0,0,No Defect
1493,75.6,120.16,3.02,83.74,68.51,40.19,53.09,6.3,755.3,3.84,1203.7,466.0,CNC,Steel,Morning,Intermediate,Line_A,0,0,0,0,0,0,0,1,0,0,0,0,0,0,1,0,No Defect
1494,77.24,122.45,3.0,108.79,70.63,53.32,64.81,4.93,676.2,4.11,1929.0,375.0,Milling,Alloy,Night,Experienced,Line_C,0,0,1,0,0,1,1,1,1,0,0,0,1,0,0,0,No Defect
1495,76.8,120.24,5.31,82.67,59.89,57.34,62.36,9.96,683.3,2.87,2251.0,351.0,Injection_Molding,Aluminum,Morning,Intermediate,Line_B,1,0,0,0,1,1,0,0,0,1,0,0,0,0,0,0,No Defect
1496,83.41,113.03,2.23,96.57,54.85,53.26,43.01,3.15,751.4,3.08,845.2,508.0,Injection_Molding,Aluminum,Night,New,Line_C,0,0,1,0,0,0,0,0,0,0,1,0,1,1,0,0,No Defect
1497,71.91,108.21,5.15,110.99,73.82,61.39,57.35,12.47,706.3,3.74,2326.1,426.0,Milling,Steel,Morning,Expert,Line_D,1,0,0,0,1,0,1,1,1,1,0,0,0,0,0,0,No Defect
1498,75.82,116.48,5.08,93.33,45.0,54.63,58.77,11.05,837.4,3.59,1964.5,392.0,Milling,Plastic,Evening,New,Line_D,1,1,0,0,1,1,0,0,0,0,0,0,0,1,0,0,No Defect
1499,79.47,113.1,2.03,96.23,75.44,46.76,37.19,5.76,881.4,3.03,782.0,546.0,CNC,Steel,Morning,Expert,Line_A,0,1,1,0,0,0,0,0,1,0,1,0,0,0,1,1,Assembly Defect
1500,77.62,127.53,1.35,123.89,79.4,52.36,56.61,3.58,722.8,4.33,1843.9,535.0,Press,Composite,Evening,New,Line_B,0,0,1,1,0,0,1,1,1,0,1,0,0,1,0,1,Surface Defect
1501,76.14,112.27,4.28,111.95,74.34,42.88,43.11,14.32,769.0,3.34,2003.1,437.0,Press,Alloy,Evening,Experienced,Line_B,1,0,0,0,1,0,1,0,1,1,0,0,0,0,0,1,Structural Defect
1502,75.69,130.42,3.86,97.69,58.82,41.46,48.5,,849.3,3.44,956.1,431.0,CNC,Composite,Morning,Intermediate,Line_B,0,1,0,1,1,0,0,0,0,0,0,0,0,0,0,1,Structural Defect
1503,74.52,113.63,3.72,94.34,63.62,66.74,68.48,10.16,692.7,3.67,2070.6,481.0,Injection_Molding,Steel,Evening,Experienced,Line_D,1,0,0,0,1,1,0,1,0,1,1,1,0,0,0,1,Surface Defect
1504,70.51,134.21,2.61,127.43,75.9,51.14,51.74,5.81,758.7,4.37,2194.5,404.0,Injection_Molding,Steel,Morning,Experienced,Line_D,0,0,0,1,0,0,1,1,1,1,0,0,0,0,0,0,No Defect
1505,75.52,122.02,2.28,74.96,58.6,43.55,48.2,3.33,738.1,2.94,1387.0,319.0,Press,Alloy,Evening,Experienced,Line_A,0,0,0,0,0,0,0,0,0,0,0,0,0,0,0,0,No Defect
1506,76.08,125.3,3.1,130.0,76.81,45.75,55.77,6.62,679.1,4.14,1761.4,414.0,Milling,Alloy,Evening,Experienced,Line_B,0,0,0,1,0,0,1,1,1,0,0,0,0,0,0,0,No Defect
1507,73.92,123.0,3.09,89.87,82.94,50.95,51.97,4.83,755.5,3.29,1245.2,425.0,Press,Alloy,Morning,Intermediate,Line_C,0,0,0,0,0,0,0,0,1,0,0,0,0,0,0,0,No Defect
1508,75.71,118.96,3.74,130.0,82.34,40.5,41.67,5.18,795.4,3.77,2013.7,472.0,Milling,Alloy,Morning,Intermediate,Line_B,0,1,0,0,1,0,1,1,1,1,0,0,0,0,1,1,Surface Defect
1509,78.44,124.27,3.28,124.44,70.15,54.72,53.32,6.21,684.9,4.33,1386.0,498.0,Milling,Alloy,Evening,Intermediate,Line_A,0,0,1,0,0,0,1,1,1,0,0,0,0,0,0,0,No Defect
1510,68.94,110.07,2.59,100.59,56.92,43.43,48.86,6.17,708.6,,923.2,295.0,Injection_Molding,Steel,Evening,Expert,Line_A,0,0,0,0,0,0,0,0,0,0,0,0,0,0,0,0,No Defect
1511,76.8,120.53,4.02,75.98,46.52,49.84,66.04,10.28,720.9,3.2,2185.2,382.0,Press,Steel,Morning,Intermediate,Line_C,1,0,1,0,1,1,0,0,0,1,0,0,0,0,0,0,No Defect
1512,82.5,121.19,2.92,115.76,61.99,56.74,37.64,4.72,850.5,2.63,787.8,363.0,Lathe,Composite,Evening,Experienced,Line_B,0,1,1,0,0,0,1,0,0,0,0,0,0,0,0,1,Material Defect
1513,74.63,123.48,1.84,91.85,57.88,56.57,49.15,3.91,821.8,2.9,1175.6,484.0,Milling,Steel,Night,Expert,Line_B,0,1,0,0,0,0,0,0,0,0,0,0,1,0,1,0,No Defect
1514,78.44,118.99,3.45,104.12,58.68,47.23,32.97,8.29,855.1,2.75,1285.4,559.0,Injection_Molding,Composite,Morning,Expert,Line_A,1,1,1,0,0,0,0,0,0,0,1,0,0,0,1,1,Assembly Defect
1515,72.32,118.92,1.6,81.76,63.57,51.2,43.43,4.89,787.9,2.79,1052.4,381.0,CNC,Alloy,Evening,Expert,Line_A,0,0,0,0,0,0,0,0,0,0,0,0,0,0,0,0,No Defect
1516,73.2,114.67,2.95,93.56,55.38,36.5,46.38,1.7,715.6,3.56,965.7,410.0,Milling,Composite,Morning,New,Line_B,0,0,0,0,0,0,0,0,0,0,0,0,0,1,0,0,No Defect
1517,75.06,122.58,5.16,111.81,45.25,57.99,63.35,11.21,751.0,2.5,2382.8,291.0,Press,Steel,Morning,Experienced,Line_A,1,0,0,0,1,1,1,0,0,1,0,0,0,0,0,1,Structural Defect
1518,82.11,126.72,3.64,118.87,62.74,61.72,,4.23,845.4,2.44,,458.0,Lathe,Plastic,Morning,Experienced,Line_B,0,1,1,1,0,0,1,0,0,0,0,0,0,0,0,1,Dimensional Defect
1519,69.95,122.67,1.98,95.07,56.92,40.65,59.63,3.59,728.0,3.64,1303.4,558.0,Lathe,Steel,Night,Expert,Line_B,0,0,0,0,0,1,0,0,0,0,1,0,1,0,0,1,Surface Defect
1520,67.9,124.26,3.06,89.15,65.39,47.48,40.02,3.48,742.9,3.13,1087.0,352.0,Injection_Molding,Steel,Morning,Intermediate,Line_B,0,0,0,0,0,0,0,0,0,0,0,0,0,0,0,0,No Defect
1521,70.24,120.8,2.47,92.13,63.37,52.87,50.41,1.27,744.6,3.7,1039.1,411.0,CNC,Aluminum,Morning,Experienced,Line_A,0,0,0,0,0,0,0,0,0,0,0,0,0,0,0,1,Assembly Defect
1522,74.92,124.05,3.76,121.04,84.19,49.62,63.93,6.62,719.4,3.9,1816.6,405.0,CNC,Steel,Morning,Experienced,Line_A,0,0,0,0,1,1,1,1,1,0,0,0,0,0,0,1,Dimensional Defect
1523,70.8,126.83,2.34,98.27,53.98,39.21,,3.87,735.7,2.32,1062.3,219.0,Press,Alloy,Morning,Intermediate,Line_A,0,0,0,1,0,0,0,0,0,0,0,0,0,0,0,0,No Defect
1524,74.74,130.37,3.44,130.0,72.01,51.32,33.91,5.44,834.7,2.57,833.6,387.0,Press,Steel,Morning,Intermediate,Line_B,0,1,0,1,0,0,1,0,1,0,0,0,0,0,0,0,No Defect
1525,73.3,112.89,3.02,81.37,56.59,51.16,57.57,,704.1,2.66,454.9,441.0,CNC,Steel,Night,Experienced,Line_A,0,0,0,0,0,0,0,0,0,0,0,0,1,0,0,0,No Defect
1526,78.8,126.48,3.25,119.68,68.36,41.19,53.59,3.94,717.9,3.65,2292.1,469.0,CNC,Aluminum,Night,Experienced,Line_B,0,0,1,1,0,0,1,0,0,1,0,0,1,0,0,0,No Defect
1527,73.85,111.56,2.2,88.71,56.15,45.21,52.7,5.28,751.1,3.27,903.0,446.0,Lathe,Steel,Night,Expert,Line_D,0,0,0,0,0,0,0,0,0,0,0,0,1,0,0,0,No Defect
1528,80.26,117.1,2.29,83.06,55.24,40.32,48.48,3.74,,2.52,898.8,314.0,CNC,Aluminum,Night,Experienced,Line_B,0,0,1,0,0,0,0,0,0,0,0,0,1,0,0,0,No Defect
1529,78.7,120.61,2.2,92.87,74.44,42.67,54.79,0.94,795.1,3.19,693.7,430.0,CNC,Steel,Evening,Expert,Line_A,0,0,1,0,0,0,0,0,1,0,0,0,0,0,0,0,No Defect
1530,76.28,126.19,3.55,109.7,84.34,45.46,54.43,4.78,700.0,3.94,1349.1,411.0,CNC,Alloy,Morning,Expert,Line_C,0,0,0,1,0,0,1,1,1,0,0,0,0,0,0,0,No Defect
1531,73.04,125.77,1.84,93.47,61.86,43.22,43.57,5.36,703.8,3.41,762.7,446.0,CNC,Steel,Morning,Experienced,Line_C,0,0,0,1,0,0,0,0,0,0,0,0,0,0,0,0,No Defect
1532,69.44,121.66,2.83,91.62,64.98,42.0,39.48,7.43,710.3,2.92,532.1,386.0,Press,Steel,Evening,Experienced,Line_A,0,0,0,0,0,0,0,0,0,0,0,0,0,0,0,0,No Defect
1533,74.46,113.58,1.99,80.57,54.03,44.12,48.53,4.2,768.1,3.65,959.2,395.0,CNC,Plastic,Evening,Intermediate,Line_D,0,0,0,0,0,0,0,0,0,0,0,0,0,0,0,0,No Defect
1534,80.56,118.18,2.2,110.76,57.48,60.64,43.3,6.4,787.0,2.54,1450.4,396.0,Milling,Steel,Morning,Intermediate,Line_D,0,0,1,0,0,0,1,0,0,0,0,0,0,0,0,0,No Defect
1535,71.8,,1.5,85.47,52.15,56.82,57.05,3.17,782.3,2.5,744.2,326.0,Press,Plastic,Evening,Experienced,Line_C,0,0,0,0,0,0,0,0,0,0,0,0,0,0,0,0,No Defect
1536,76.66,118.65,4.03,97.24,72.31,47.9,53.56,1.48,840.4,4.49,1908.6,390.0,Lathe,Composite,Morning,Experienced,Line_C,0,1,0,0,1,0,0,1,1,0,0,0,0,0,0,1,Material Defect
1537,79.7,133.48,1.73,,62.73,45.86,38.71,5.95,808.1,2.44,1271.7,424.0,Press,Alloy,Night,Experienced,Line_B,0,1,1,1,0,0,0,0,0,0,0,0,1,0,0,0,No Defect
1538,70.83,134.36,2.82,119.37,82.69,46.01,67.04,4.54,702.0,4.02,1957.1,379.0,Press,Steel,Morning,New,Line_A,0,0,0,1,0,1,1,1,1,0,0,0,0,1,0,1,Assembly Defect
1539,74.42,117.32,3.95,103.39,66.97,50.47,63.38,11.79,657.4,3.95,2390.9,336.0,Press,Steel,Morning,Experienced,Line_A,1,0,0,0,1,1,1,1,0,1,0,0,0,0,0,1,Material Defect
1540,82.46,121.07,3.27,108.62,56.41,36.64,51.72,3.78,889.1,2.54,872.7,387.0,Lathe,Composite,Morning,Experienced,Line_B,0,1,1,0,0,0,1,0,0,0,0,0,0,0,0,0,No Defect
1541,71.89,124.2,1.0,89.36,64.0,53.67,32.14,3.25,794.4,3.69,636.8,465.0,Injection_Molding,Steel,Morning,Experienced,Line_A,0,1,0,0,0,0,0,0,0,0,0,0,0,0,0,0,No Defect
1542,75.54,120.39,5.28,81.59,72.69,37.57,63.76,10.8,724.3,2.89,1906.5,356.0,Press,Steel,Evening,Expert,Line_A,1,0,0,0,1,1,0,0,1,1,0,0,0,0,0,1,Structural Defect
1543,69.78,113.99,2.06,78.22,60.53,48.13,46.22,1.97,791.9,3.25,780.9,284.0,CNC,Steel,Night,Expert,Line_A,0,0,0,0,0,0,0,0,0,0,0,0,1,0,0,0,No Defect
1544,76.75,108.52,3.65,107.93,49.28,51.52,34.48,3.25,695.6,2.91,1080.6,465.0,Lathe,Composite,Night,Experienced,Line_B,0,0,0,0,0,0,1,0,0,0,0,0,1,0,0,0,No Defect
1545,69.76,114.86,3.91,,68.46,51.1,83.02,10.8,583.7,3.58,2170.1,446.0,CNC,Steel,Morning,Expert,Line_C,1,0,0,0,1,1,0,0,0,1,0,0,0,0,0,1,Dimensional Defect
1546,81.77,121.59,3.05,120.81,69.89,44.88,63.28,5.88,707.1,5.07,1297.4,573.0,Milling,Plastic,Morning,Experienced,Line_D,0,0,1,0,0,1,1,1,0,0,1,0,0,0,0,0,No Defect
1547,75.59,107.54,1.75,74.27,54.82,46.51,48.15,7.27,657.3,3.47,1080.7,433.0,Injection_Molding,Steel,Morning,Experienced,Line_C,0,0,0,0,0,0,0,0,0,0,0,0,0,0,0,1,Surface Defect
1548,71.62,117.27,2.06,92.0,59.03,47.64,44.13,2.96,756.9,2.85,713.2,292.0,Milling,Aluminum,Morning,Expert,Line_B,0,0,0,0,0,0,0,0,0,0,0,0,0,0,0,0,No Defect
1549,79.82,133.4,4.51,88.75,55.7,61.43,55.75,11.97,729.0,3.72,2517.4,461.0,Press,Plastic,Evening,Expert,Line_A,1,0,1,1,1,0,0,1,0,1,0,0,0,0,0,1,Material Defect
1550,78.45,118.62,3.7,,58.98,65.6,61.12,12.42,711.7,2.87,1872.0,240.0,Milling,Composite,Night,Intermediate,Line_D,1,0,1,0,1,0,1,0,0,0,0,1,1,0,0,0,No Defect
1551,69.44,113.85,2.74,93.5,68.7,,51.94,4.95,744.0,3.12,500.4,365.0,CNC,Steel,Night,Expert,Line_C,0,0,0,0,0,0,0,0,0,0,0,0,1,0,0,0,No Defect
1552,77.98,121.99,2.93,114.0,63.2,51.29,39.62,3.7,810.2,2.86,1236.9,492.0,Milling,Steel,Evening,Experienced,Line_C,0,0,1,0,0,0,1,0,0,0,0,0,0,0,1,0,No Defect
1553,74.88,114.78,2.13,88.23,62.54,50.03,48.62,5.45,722.3,3.52,695.5,388.0,CNC,Composite,Evening,Intermediate,Line_A,0,0,0,0,0,0,0,1,0,0,0,0,0,0,0,0,No Defect
1554,72.11,119.29,2.21,82.78,68.39,43.55,59.68,5.26,743.3,3.32,567.0,476.0,CNC,Composite,Night,Experienced,Line_B,0,0,0,0,0,0,0,0,0,0,0,0,1,0,0,0,No Defect
1555,73.18,122.94,4.45,99.86,53.03,51.8,44.95,4.09,823.3,2.8,1417.9,473.0,Lathe,Alloy,Evening,Experienced,Line_B,0,1,0,0,1,0,0,0,0,0,0,0,0,0,1,0,No Defect
1556,77.48,112.12,3.7,86.71,60.84,35.0,64.85,6.04,605.6,3.39,778.3,414.0,Lathe,Alloy,Morning,Intermediate,Line_A,0,0,1,0,0,1,0,0,0,0,0,0,0,0,0,0,No Defect
1557,77.85,91.04,4.85,90.73,54.53,70.0,68.65,7.33,731.7,4.18,2032.4,386.0,CNC,Plastic,Night,Expert,Line_A,0,0,1,0,1,1,0,1,0,1,0,1,1,0,0,1,Dimensional Defect
1558,78.2,104.0,2.62,79.78,50.94,55.97,35.38,5.03,793.1,2.98,1116.5,416.0,CNC,Plastic,Morning,Experienced,Line_C,0,0,1,0,0,0,0,0,0,0,0,0,0,0,0,0,No Defect
1559,71.47,113.53,,93.56,62.57,47.51,41.9,0.8,773.7,2.7,834.5,380.0,Injection_Molding,Aluminum,Evening,New,Line_A,0,0,0,0,0,0,0,0,0,0,0,0,0,1,0,0,No Defect
1560,73.63,,3.93,103.67,46.38,60.65,57.21,12.0,700.7,3.16,2084.3,432.0,Lathe,Plastic,Morning,Expert,Line_B,1,0,0,0,1,0,0,0,0,1,0,0,0,0,0,1,Material Defect
1561,74.23,132.27,,108.84,75.3,59.48,58.23,7.33,783.1,4.17,1502.6,417.0,Lathe,Alloy,Night,Experienced,Line_C,0,0,0,1,0,0,1,1,1,0,0,0,1,0,0,1,Assembly Defect
1562,70.57,129.31,1.89,109.53,68.37,35.0,41.1,3.05,810.8,3.58,1081.8,318.0,Milling,Steel,Morning,Experienced,Line_C,0,0,0,1,0,0,1,0,0,0,0,0,0,0,0,0,No Defect
1563,66.79,114.78,2.49,75.52,58.32,56.94,43.95,4.3,788.3,3.29,1122.5,313.0,CNC,Aluminum,Evening,New,Line_A,0,0,0,0,0,0,0,0,0,0,0,0,0,1,0,0,No Defect
1564,76.86,126.85,2.99,118.95,50.76,53.97,34.02,5.14,854.4,2.36,1155.3,429.0,Press,Aluminum,Evening,Intermediate,Line_C,0,1,0,1,0,0,1,0,0,0,0,0,0,0,0,0,No Defect
1565,74.06,121.63,1.02,84.53,62.75,46.54,,3.0,784.4,3.58,584.2,430.0,Milling,Alloy,Night,Experienced,Line_D,0,0,0,0,0,0,0,0,0,0,0,0,1,0,0,1,Dimensional Defect
1566,76.5,113.67,3.35,114.24,61.18,52.62,52.28,5.12,694.2,2.49,1746.3,594.0,Press,Alloy,Morning,Experienced,Line_D,0,0,0,0,0,0,1,0,0,0,1,0,0,0,0,0,No Defect
1567,75.67,116.05,2.08,95.41,57.86,49.05,57.83,6.13,716.1,2.83,1031.5,514.0,Injection_Molding,Alloy,Evening,Experienced,Line_B,0,0,0,0,0,0,0,0,0,0,1,0,0,0,0,0,No Defect
1568,72.39,125.65,2.74,95.08,60.84,43.1,55.88,5.52,803.7,2.82,926.4,441.0,Milling,Plastic,Evening,Expert,Line_A,0,0,0,1,0,0,0,0,0,0,0,0,0,0,0,0,No Defect
1569,72.99,125.76,2.67,112.36,83.18,68.83,59.27,4.14,784.6,4.16,1601.3,504.0,Injection_Molding,Alloy,Night,Expert,Line_B,0,0,0,1,0,0,1,1,1,0,1,1,1,0,1,1,Assembly Defect
1570,76.36,119.67,3.57,107.15,63.83,50.85,60.06,4.93,718.8,4.87,1499.4,470.0,Lathe,Composite,Night,Intermediate,Line_B,0,0,1,0,0,0,1,1,0,0,0,0,1,0,0,1,Assembly Defect
1571,79.63,113.53,5.77,107.67,55.03,52.93,64.69,10.16,689.4,2.75,1813.9,451.0,Press,Aluminum,Morning,Experienced,Line_D,1,0,1,0,1,1,1,0,0,0,0,0,0,0,0,0,No Defect
1572,72.88,115.58,2.52,103.72,56.25,47.82,46.74,6.56,762.1,3.57,800.5,276.0,Milling,Steel,Morning,Intermediate,Line_B,0,0,0,0,0,0,1,0,0,0,0,0,0,0,0,0,No Defect
1573,75.01,120.79,1.99,90.52,50.71,53.2,49.64,4.64,704.9,,,393.0,CNC,Aluminum,Morning,Intermediate,Line_D,0,0,0,0,0,0,0,0,0,0,0,0,0,0,0,0,No Defect
1574,78.22,121.49,1.62,84.41,61.48,40.54,43.63,0.5,669.8,3.24,961.5,413.0,Injection_Molding,Steel,Evening,Intermediate,Line_D,0,0,1,0,0,0,0,0,0,0,0,0,0,0,0,0,No Defect
1575,75.8,120.34,2.83,105.69,68.11,41.38,57.99,2.39,725.8,3.13,546.2,,CNC,Steel,Morning,Intermediate,Line_B,0,0,0,0,0,0,1,0,0,0,0,0,0,0,0,0,No Defect
1576,74.51,116.23,2.21,81.37,63.1,45.4,34.14,2.62,786.3,3.28,905.7,295.0,Lathe,Composite,Morning,Experienced,Line_B,0,0,0,0,0,0,0,0,0,0,0,0,0,0,0,0,No Defect
1577,68.42,113.52,2.42,77.34,69.59,55.7,54.52,3.55,741.4,3.08,972.8,416.0,Milling,Alloy,Night,Expert,Line_A,0,0,0,0,0,0,0,0,0,0,0,0,1,0,0,0,No Defect
1578,72.65,132.11,2.1,117.5,77.25,44.22,57.27,6.14,710.7,4.12,1785.7,493.0,Lathe,Composite,Evening,Expert,Line_C,0,0,0,1,0,0,1,1,1,0,0,0,0,0,0,0,No Defect
1579,76.67,130.12,2.97,119.75,82.64,46.61,72.87,6.32,763.1,3.79,1764.2,333.0,Lathe,Steel,Morning,Experienced,Line_C,0,0,0,1,0,1,1,1,1,0,0,0,0,0,0,0,No Defect
1580,72.04,113.33,1.25,69.88,54.4,52.04,44.5,5.03,677.3,3.24,1572.2,333.0,CNC,Aluminum,Night,Experienced,Line_B,0,0,0,0,0,0,0,0,0,0,0,0,1,0,0,0,No Defect
1581,75.25,123.54,4.68,87.35,60.3,44.83,57.29,10.47,672.4,4.02,2086.3,329.0,Injection_Molding,Composite,Evening,Intermediate,Line_A,1,0,0,0,1,0,0,1,0,1,0,0,0,0,0,1,Dimensional Defect
1582,70.07,111.45,2.78,90.88,64.83,58.63,44.87,4.17,771.0,3.59,1375.6,477.0,Lathe,Steel,Night,New,Line_A,0,0,0,0,0,0,0,0,0,0,0,0,1,1,0,0,No Defect
1583,69.84,133.32,2.12,104.63,73.84,43.71,49.85,4.32,757.8,4.54,1827.5,404.0,Milling,Steel,Night,Intermediate,Line_A,0,0,0,1,0,0,0,1,1,0,0,0,1,0,0,1,Material Defect
1584,77.59,130.25,2.58,130.0,64.69,52.4,53.48,6.17,721.2,4.05,1314.9,505.0,Lathe,Composite,Morning,New,Line_D,0,0,1,1,0,0,1,1,0,0,1,0,0,1,0,0,No Defect
1585,77.52,122.97,2.07,74.63,63.1,,48.68,6.7,646.5,3.44,347.2,273.0,CNC,Alloy,Morning,Expert,Line_C,0,0,1,0,0,0,0,0,0,0,0,0,0,0,0,0,No Defect
1586,78.76,125.59,2.92,118.52,68.39,57.28,46.66,4.35,717.0,3.63,1454.0,328.0,Injection_Molding,Aluminum,Night,Experienced,Line_D,0,0,1,1,0,0,1,0,0,0,0,0,1,0,0,1,Assembly Defect
1587,73.86,112.85,3.91,99.73,46.05,53.79,51.55,9.91,694.5,3.19,2021.0,320.0,CNC,Composite,Morning,New,Line_B,1,0,0,0,1,0,0,0,0,1,0,0,0,1,0,1,Surface Defect
1588,70.27,124.91,2.89,118.3,68.87,51.15,49.72,3.69,725.3,4.64,2056.3,392.0,CNC,Plastic,Night,Expert,Line_B,0,0,0,0,0,0,1,1,0,1,0,0,1,0,0,0,No Defect
1589,75.57,126.2,1.59,79.88,67.79,46.18,51.86,5.42,743.5,3.52,1163.4,361.0,Press,Alloy,Morning,Expert,Line_D,0,0,0,1,0,0,0,0,1,0,0,0,0,0,0,0,No Defect
1590,70.2,121.6,2.29,103.13,85.0,39.82,57.45,6.82,665.2,3.61,1556.6,285.0,Milling,Aluminum,Night,Expert,Line_B,0,0,0,0,0,0,0,0,1,0,0,0,1,0,0,0,No Defect
1591,64.71,121.08,1.58,101.8,64.14,39.59,56.33,,674.3,3.16,622.2,383.0,Press,Steel,Evening,New,Line_B,0,0,0,0,0,0,0,0,0,0,0,0,0,1,0,0,No Defect
1592,76.52,114.7,2.65,106.04,58.37,43.57,49.08,5.69,774.6,3.72,1452.0,422.0,Milling,Steel,Morning,Intermediate,Line_D,0,0,0,0,0,0,1,1,0,0,0,0,0,0,0,1,Assembly Defect
1593,70.78,122.44,2.09,84.38,55.63,39.55,47.43,3.33,788.8,2.78,1077.7,359.0,Lathe,Steel,Morning,Expert,Line_B,0,0,0,0,0,0,0,0,0,0,0,0,0,0,0,0,No Defect
1594,73.14,130.03,2.33,125.0,79.46,58.13,50.13,6.08,668.6,4.41,1333.9,375.0,Milling,Steel,Morning,Intermediate,Line_D,0,0,0,1,0,0,1,1,1,0,0,0,0,0,0,0,No Defect
1595,69.59,113.22,2.07,95.89,57.5,51.38,59.09,3.69,659.3,2.99,1018.9,396.0,Injection_Molding,Aluminum,Morning,New,Line_A,0,0,0,0,0,0,0,0,0,0,0,0,0,1,0,0,No Defect
1596,76.3,106.23,4.99,78.02,46.91,55.35,46.71,9.11,680.1,3.13,2446.7,345.0,CNC,Plastic,Night,Experienced,Line_A,1,0,0,0,1,0,0,0,0,1,0,0,1,0,0,0,No Defect
1597,76.47,113.1,2.77,86.26,66.1,52.8,39.84,4.43,720.0,3.67,918.1,371.0,CNC,Steel,Night,Intermediate,Line_B,0,0,1,0,0,0,0,0,0,0,0,0,1,0,0,0,No Defect
1598,71.87,138.8,2.47,130.0,69.54,50.98,55.11,3.74,733.1,3.97,1751.6,498.0,CNC,Composite,Night,Expert,Line_D,0,0,0,1,0,0,1,1,1,0,0,0,1,0,0,0,No Defect
1599,75.39,126.38,2.4,116.06,72.06,47.0,60.43,6.09,671.0,4.58,1714.4,422.0,Milling,Aluminum,Evening,Experienced,Line_A,0,0,0,1,0,0,1,1,1,0,0,0,0,0,0,0,No Defect
1600,65.91,126.58,2.13,87.74,61.58,52.53,,4.95,732.5,,981.1,399.0,Milling,Alloy,Night,Expert,Line_A,0,0,0,1,0,0,0,0,0,0,0,0,1,0,0,0,No Defect
1601,74.6,126.66,2.91,119.72,71.43,53.38,59.0,8.63,713.9,4.01,2055.6,473.0,Injection_Molding,Composite,Morning,Experienced,Line_A,0,0,0,1,0,0,1,1,1,1,0,0,0,0,0,1,Structural Defect
1602,70.4,117.72,2.33,81.52,48.86,43.45,46.43,3.38,720.2,3.21,501.9,,Injection_Molding,Composite,Night,Intermediate,Line_A,0,0,0,0,0,0,0,0,0,0,0,0,1,0,0,0,No Defect
1603,73.96,123.8,3.17,103.2,68.44,46.98,52.21,4.85,723.1,3.57,1605.8,362.0,Milling,Composite,Evening,Intermediate,Line_C,0,0,0,1,0,0,0,0,0,0,0,0,0,0,0,0,No Defect
1604,71.41,107.17,3.86,90.96,71.05,56.32,41.83,3.59,739.2,3.32,170.5,362.0,Injection_Molding,Composite,Night,Intermediate,Line_A,0,0,0,0,1,0,0,0,1,0,0,0,1,0,0,1,Surface Defect
1605,71.58,126.54,2.09,96.82,52.04,38.44,39.13,5.32,789.3,2.53,614.1,350.0,Press,Alloy,Evening,New,Line_D,0,0,0,1,0,0,0,0,0,0,0,0,0,1,0,0,No Defect
1606,72.29,101.96,2.08,77.46,63.8,44.58,55.12,5.16,774.6,3.47,412.8,374.0,Injection_Molding,Steel,Morning,Intermediate,Line_A,0,0,0,0,0,0,0,0,0,0,0,0,0,0,0,1,Surface Defect
1607,76.62,121.54,2.4,130.0,78.86,52.85,69.05,1.35,708.7,3.45,2132.6,490.0,Injection_Molding,Alloy,Evening,Intermediate,Line_B,0,0,0,0,0,1,1,0,1,1,0,0,0,0,0,0,No Defect
1608,73.19,132.88,3.75,112.87,74.49,46.26,62.34,3.0,708.5,4.05,1903.0,480.0,Press,Steel,Morning,Expert,Line_C,0,0,0,1,1,1,1,1,1,0,0,0,0,0,0,0,No Defect
1609,73.15,126.87,4.23,123.29,47.66,41.73,38.37,3.49,848.5,3.39,1485.8,504.0,Lathe,Plastic,Morning,Experienced,Line_C,0,1,0,1,1,0,1,0,0,0,1,0,0,0,1,1,Dimensional Defect
1610,74.11,111.78,4.25,94.76,58.92,55.65,64.1,11.23,686.6,,2224.3,438.0,Injection_Molding,Composite,Night,Intermediate,Line_D,1,0,0,0,1,1,0,0,0,1,0,0,1,0,0,1,Material Defect
1611,69.13,103.57,3.78,90.05,50.53,48.13,51.35,10.57,706.3,2.88,2551.5,327.0,Milling,Composite,Morning,Experienced,Line_C,1,0,0,0,1,0,0,0,0,1,0,0,0,0,0,1,Structural Defect
1612,76.85,123.75,2.76,111.18,46.67,51.9,36.48,3.41,861.7,2.37,1272.3,542.0,Milling,Plastic,Evening,Expert,Line_D,0,1,0,0,0,0,1,0,0,0,1,0,0,0,1,0,No Defect
1613,76.28,120.74,5.15,107.09,60.3,,64.99,9.65,673.6,4.15,2329.9,357.0,Injection_Molding,Steel,Morning,New,Line_B,1,0,0,0,1,1,1,1,0,1,0,0,0,1,0,0,No Defect
1614,72.79,137.08,3.01,121.48,64.5,50.89,60.0,7.77,667.0,4.1,1149.8,326.0,Milling,Plastic,Morning,Intermediate,Line_C,0,0,0,1,0,1,1,1,0,0,0,0,0,0,0,0,No Defect
1615,82.03,110.2,3.51,111.64,70.81,54.06,53.57,12.34,745.4,3.64,2179.9,359.0,Press,Steel,Morning,Intermediate,Line_A,1,0,1,0,0,0,1,0,1,1,0,0,0,0,0,0,No Defect
1616,69.37,124.07,4.96,101.97,58.54,49.08,70.09,9.19,717.4,3.13,2280.0,388.0,Lathe,Composite,Morning,Experienced,Line_A,1,0,0,0,1,1,0,0,0,1,0,0,0,0,0,1,Assembly Defect
1617,74.31,119.07,5.11,89.93,53.75,51.79,67.76,13.59,599.2,3.0,1955.5,350.0,CNC,Aluminum,Evening,Expert,Line_D,1,0,0,0,1,1,0,0,0,0,0,0,0,0,0,0,No Defect
1618,69.94,117.55,4.04,74.73,57.72,47.21,67.14,,667.0,3.13,609.6,390.0,Lathe,Plastic,Night,Intermediate,Line_A,0,0,0,0,1,1,0,0,0,0,0,0,1,0,0,1,Surface Defect
1619,77.26,135.02,3.53,127.21,65.28,39.64,53.88,4.02,773.2,4.23,1770.5,377.0,Lathe,Plastic,Night,Expert,Line_C,0,0,1,1,0,0,1,1,0,0,0,0,1,0,0,1,Material Defect
1620,81.09,,2.45,73.08,50.5,47.05,45.12,3.28,778.7,3.38,736.4,370.0,Press,Alloy,Evening,Experienced,Line_C,0,0,1,0,0,0,0,0,0,0,0,0,0,0,0,0,No Defect
1621,77.64,107.18,2.12,63.42,50.02,43.41,55.79,2.94,696.9,2.5,799.0,368.0,CNC,Aluminum,Evening,Experienced,Line_A,0,0,1,0,0,0,0,0,0,0,0,0,0,0,0,0,No Defect
1622,83.52,140.0,3.41,130.0,83.65,52.31,50.07,3.94,,4.74,1887.8,409.0,CNC,Composite,Evening,Experienced,Line_C,0,0,1,1,0,0,1,1,1,0,0,0,0,0,0,0,No Defect
1623,72.48,122.93,2.51,76.31,61.85,57.51,49.52,4.86,752.8,3.44,896.1,278.0,Injection_Molding,Aluminum,Evening,Experienced,Line_C,0,0,0,0,0,0,0,0,0,0,0,0,0,0,0,0,No Defect
1624,69.84,115.19,1.65,87.4,55.59,47.95,42.19,3.65,848.4,3.04,710.7,292.0,Injection_Molding,Plastic,Evening,Expert,Line_D,0,1,0,0,0,0,0,0,0,0,0,0,0,0,0,0,No Defect
1625,74.06,94.6,3.48,98.99,63.79,63.82,51.09,11.47,779.0,3.4,1802.4,268.0,CNC,Aluminum,Morning,Expert,Line_B,1,0,0,0,1,0,0,0,0,0,0,1,0,0,0,1,Surface Defect
1626,71.69,110.85,3.62,94.14,69.29,50.56,60.17,11.51,663.9,2.76,2063.7,144.0,CNC,Aluminum,Evening,Experienced,Line_B,1,0,0,0,1,0,0,0,0,1,0,0,0,0,0,1,Dimensional Defect
1627,69.79,,2.34,70.93,58.37,41.31,51.32,3.38,721.1,2.93,1043.4,249.0,CNC,Plastic,Morning,Intermediate,Line_A,0,0,0,0,0,0,0,0,0,0,0,0,0,0,0,0,No Defect
1628,76.32,116.71,5.28,106.85,59.4,51.56,75.06,10.01,731.7,3.48,2034.3,279.0,CNC,Steel,Morning,Experienced,Line_D,1,0,0,0,1,1,1,0,0,1,0,0,0,0,0,1,Surface Defect
1629,71.14,117.77,2.69,75.31,69.49,35.0,44.29,6.22,757.9,2.88,1103.9,379.0,Injection_Molding,Aluminum,Morning,Intermediate,Line_A,0,0,0,0,0,0,0,0,0,0,0,0,0,0,0,0,No Defect
1630,81.22,124.08,2.34,85.1,65.42,48.64,40.25,3.57,882.5,2.08,,391.0,Milling,Alloy,Morning,Experienced,Line_C,0,1,1,0,0,0,0,0,0,0,0,0,0,0,0,1,Dimensional Defect
1631,66.67,112.99,2.08,105.16,68.26,45.81,45.4,3.75,874.2,3.59,947.1,397.0,Milling,Steel,Night,Intermediate,Line_D,0,1,0,0,0,0,1,0,0,0,0,0,1,0,0,0,No Defect
1632,74.53,111.61,3.01,79.23,45.24,43.83,66.08,4.56,663.8,3.52,861.2,363.0,Injection_Molding,Plastic,Morning,Experienced,Line_D,0,0,0,0,0,1,0,0,0,0,0,0,0,0,0,0,No Defect
1633,65.61,130.69,2.24,124.81,81.41,53.73,60.53,5.29,698.5,5.0,1466.2,530.0,Milling,Alloy,Morning,Expert,Line_C,0,0,0,1,0,0,1,1,1,0,1,0,0,0,0,1,Material Defect
1634,73.57,111.08,,110.74,64.85,52.72,38.76,3.6,920.6,4.03,1412.4,448.0,Milling,Steel,Morning,Experienced,Line_C,0,1,0,0,0,0,1,1,0,0,0,0,0,0,0,0,No Defect
1635,,125.38,2.65,125.19,69.96,49.61,53.29,3.67,682.4,4.43,1549.9,422.0,Injection_Molding,Aluminum,Morning,Expert,Line_B,0,0,0,1,0,0,1,1,0,0,0,0,0,0,0,0,No Defect
1636,78.9,114.53,3.43,103.59,57.57,50.17,46.02,3.56,835.9,2.95,1526.5,541.0,Injection_Molding,Plastic,Morning,Experienced,Line_C,0,1,1,0,0,0,0,0,0,0,1,0,0,0,1,0,No Defect
1637,75.71,134.56,2.08,121.37,60.7,39.79,65.74,5.59,743.6,3.84,1550.5,451.0,Milling,Aluminum,Night,Experienced,Line_C,0,0,1,1,0,1,1,1,0,0,0,0,1,0,0,1,Surface Defect
1638,74.26,122.53,3.62,121.66,76.35,53.74,62.54,8.05,,3.66,1726.8,513.0,Lathe,Aluminum,Night,Expert,Line_C,0,0,0,0,0,1,1,0,1,0,1,0,1,0,0,0,No Defect
1639,74.92,119.67,2.0,115.31,60.2,58.54,45.48,6.1,787.8,3.02,1194.7,435.0,CNC,Aluminum,Evening,Intermediate,Line_B,0,0,0,0,0,0,1,0,0,0,0,0,0,0,0,0,No Defect
1640,76.54,114.1,4.67,98.83,54.9,56.31,55.72,8.07,736.1,3.07,2311.9,333.0,Press,Plastic,Evening,Experienced,Line_B,0,0,0,0,1,0,0,0,0,1,0,0,0,0,0,0,No Defect
1641,74.95,125.46,4.36,104.77,65.39,60.38,60.83,12.4,684.0,2.87,1949.1,323.0,Lathe,Aluminum,Evening,New,Line_C,1,0,0,1,1,1,0,0,0,0,0,0,0,1,0,0,No Defect
1642,82.63,134.29,4.38,115.97,67.7,49.76,35.58,4.98,855.8,,1504.4,481.0,Press,Steel,Evening,Experienced,Line_D,0,1,1,1,1,0,1,0,0,0,0,0,0,0,1,0,No Defect
1643,77.28,124.39,2.4,119.56,49.58,50.76,44.04,3.53,841.8,2.05,,513.0,CNC,Plastic,Evening,Experienced,Line_A,0,1,1,0,0,0,1,0,0,0,1,0,0,0,1,1,Surface Defect
1644,70.91,123.22,4.52,100.94,64.08,59.85,63.12,13.2,729.4,3.73,1357.3,410.0,Injection_Molding,Aluminum,Evening,Intermediate,Line_B,1,0,0,0,1,1,0,1,0,0,0,0,0,0,0,1,Dimensional Defect
1645,77.83,125.53,2.69,78.33,67.29,58.38,45.71,4.08,733.9,3.32,1101.2,443.0,Lathe,Alloy,Night,Intermediate,Line_B,0,0,1,1,0,0,0,0,0,0,0,0,1,0,0,1,Material Defect
1646,70.96,105.86,4.58,84.2,48.13,67.56,64.85,8.32,747.2,2.85,2198.6,308.0,Milling,Plastic,Evening,Intermediate,Line_C,0,0,0,0,1,1,0,0,0,1,0,1,0,0,0,1,Structural Defect
1647,73.01,108.98,2.65,72.35,65.57,49.04,51.73,3.62,706.7,3.17,913.0,467.0,Injection_Molding,Composite,Morning,Experienced,Line_D,0,0,0,0,0,0,0,0,0,0,0,0,0,0,0,0,No Defect
1648,70.14,124.65,2.55,81.05,67.4,61.18,46.67,3.86,706.0,,1123.4,375.0,Milling,Alloy,Morning,Experienced,Line_B,0,0,0,0,0,0,0,0,1,0,0,0,0,0,0,0,No Defect
1649,71.27,115.66,1.54,96.16,61.11,45.97,54.35,5.59,720.7,2.74,411.6,262.0,Milling,Aluminum,Evening,Experienced,Line_B,0,0,0,0,0,0,0,0,0,0,0,0,0,0,0,0,No Defect
1650,69.42,111.29,3.7,75.03,64.94,50.54,52.01,8.17,672.0,3.04,1940.2,443.0,CNC,Alloy,Night,Expert,Line_C,0,0,0,0,0,0,0,0,0,0,0,0,1,0,0,0,No Defect
1651,70.93,,2.86,82.58,54.84,49.11,52.09,3.89,667.5,2.83,1066.4,353.0,Injection_Molding,Alloy,Evening,Experienced,Line_A,0,0,0,0,0,0,0,0,0,0,0,0,0,0,0,0,No Defect
1652,76.73,118.84,2.05,111.96,73.24,54.6,43.15,5.92,854.2,3.19,1389.3,424.0,Lathe,Alloy,Evening,Intermediate,Line_A,0,1,0,0,0,0,1,0,1,0,0,0,0,0,0,0,No Defect
1653,70.84,99.5,3.26,87.43,66.86,50.96,41.39,3.89,744.4,3.67,890.0,441.0,Milling,Steel,Morning,Expert,Line_B,0,0,0,0,0,0,0,0,0,0,0,0,0,0,0,1,Dimensional Defect
1654,72.49,114.69,3.06,123.02,61.6,50.19,38.9,5.46,901.9,2.89,1599.6,666.0,Lathe,Alloy,Night,New,Line_A,0,1,0,0,0,0,1,0,0,0,1,0,1,1,1,1,Assembly Defect
1655,75.2,107.85,1.79,93.18,63.58,35.0,61.81,4.19,732.7,3.59,592.8,396.0,Milling,Composite,Evening,New,Line_C,0,0,0,0,0,0,0,0,0,0,0,0,0,1,0,0,No Defect
1656,75.3,130.45,3.37,128.74,82.74,46.93,48.49,4.06,704.0,3.92,2127.4,377.0,CNC,Aluminum,Night,Expert,Line_C,0,0,0,1,0,0,1,1,1,1,0,0,1,0,0,0,No Defect
1657,71.76,127.35,1.87,84.13,57.52,,44.16,,744.8,3.05,636.2,417.0,Lathe,Aluminum,Night,Experienced,Line_D,0,0,0,1,0,0,0,0,0,0,0,0,1,0,0,0,No Defect
1658,67.89,116.45,3.49,61.3,56.22,,53.14,2.91,774.8,4.19,918.7,326.0,CNC,Composite,Morning,Expert,Line_D,0,0,0,0,0,0,0,1,0,0,0,0,0,0,0,0,No Defect
1659,76.01,120.2,3.24,121.41,82.08,52.78,54.25,3.52,697.6,4.42,1701.3,538.0,Lathe,Steel,Night,Expert,Line_B,0,0,0,0,0,0,1,1,1,0,1,0,1,0,0,0,No Defect
1660,69.69,129.58,2.66,120.33,71.33,55.66,65.6,,621.3,3.66,1789.1,577.0,Lathe,Steel,Morning,Expert,Line_A,0,0,0,1,0,1,1,0,1,0,1,0,0,0,0,0,No Defect
1661,75.4,113.93,5.39,104.01,56.45,54.14,53.23,12.32,698.5,3.29,2342.4,394.0,Lathe,Steel,Morning,Experienced,Line_A,1,0,0,0,1,0,0,0,0,1,0,0,0,0,0,0,No Defect
1662,77.11,127.54,2.79,95.09,79.15,51.93,64.46,4.47,,4.56,1773.4,498.0,CNC,Steel,Evening,Expert,Line_A,0,0,1,1,0,1,0,1,1,0,0,0,0,0,0,0,No Defect
1663,68.91,134.98,2.43,97.63,63.32,,37.38,1.22,871.7,2.84,1054.3,357.0,Lathe,Aluminum,Morning,Experienced,Line_C,0,1,0,1,0,0,0,0,0,0,0,0,0,0,0,1,Structural Defect
1664,,120.87,2.86,130.0,73.86,47.93,61.49,6.68,693.0,4.02,1885.1,482.0,CNC,Composite,Night,Intermediate,Line_C,0,0,0,0,0,0,1,1,1,0,0,0,1,0,0,0,No Defect
1665,73.58,118.51,3.19,111.46,66.08,62.13,41.3,4.61,842.1,2.78,1441.0,497.0,CNC,Alloy,Evening,Experienced,Line_D,0,1,0,0,0,0,1,0,0,0,0,0,0,0,1,0,No Defect
1666,71.22,125.87,4.28,118.35,54.67,50.7,,10.9,,2.58,2662.1,335.0,Press,Aluminum,Night,Expert,Line_B,1,0,0,1,1,0,1,0,0,1,0,0,1,0,0,1,Surface Defect
1667,71.96,114.48,1.84,77.51,59.78,40.34,49.55,4.21,763.7,2.53,1130.6,369.0,CNC,Composite,Morning,Experienced,Line_B,0,0,0,0,0,0,0,0,0,0,0,0,0,0,0,0,No Defect
1668,72.2,122.78,2.39,97.6,67.12,38.58,44.09,3.48,800.3,,1025.1,363.0,Milling,Steel,Night,Intermediate,Line_D,0,0,0,0,0,0,0,0,0,0,0,0,1,0,0,1,Material Defect
1669,70.38,112.44,5.07,92.53,67.99,56.38,54.98,10.37,690.2,3.32,2191.9,364.0,Lathe,Alloy,Morning,Intermediate,Line_A,1,0,0,0,1,0,0,0,0,1,0,0,0,0,0,0,No Defect
1670,74.11,107.98,1.78,84.82,60.99,50.02,42.73,4.83,789.8,3.14,1136.2,496.0,Injection_Molding,Alloy,Night,Expert,Line_D,0,0,0,0,0,0,0,0,0,0,0,0,1,0,1,0,No Defect
1671,69.97,112.66,1.59,78.14,63.32,58.58,42.72,6.67,713.2,3.07,1144.5,262.0,Press,Steel,Morning,Intermediate,Line_A,0,0,0,0,0,0,0,0,0,0,0,0,0,0,0,0,No Defect
1672,68.62,110.07,1.49,83.82,62.18,56.51,46.62,4.17,764.6,3.54,,314.0,Milling,Alloy,Morning,Expert,Line_B,0,0,0,0,0,0,0,1,0,0,0,0,0,0,0,0,No Defect
1673,74.61,119.66,1.46,87.5,61.59,48.71,53.69,3.71,809.2,3.38,1028.9,479.0,CNC,Steel,Night,New,Line_C,0,0,0,0,0,0,0,0,0,0,0,0,1,1,1,1,Material Defect
1674,71.32,113.79,2.28,72.32,55.81,48.16,54.53,2.82,676.2,2.92,776.1,366.0,Injection_Molding,Aluminum,Morning,Intermediate,Line_B,0,0,0,0,0,0,0,0,0,0,0,0,0,0,0,0,No Defect
1675,70.64,120.24,1.95,104.1,56.53,54.9,38.12,3.95,759.8,3.34,1649.6,331.0,Milling,Steel,Night,Intermediate,Line_D,0,0,0,0,0,0,0,0,0,0,0,0,1,0,0,0,No Defect
1676,79.8,138.85,2.2,123.3,73.73,60.54,71.27,7.34,596.2,4.57,1708.0,411.0,CNC,Aluminum,Night,Intermediate,Line_D,0,0,1,1,0,1,1,1,1,0,0,0,1,0,0,1,Material Defect
1677,69.25,112.02,2.11,80.65,60.95,64.3,37.66,0.5,814.3,3.28,812.9,360.0,CNC,Alloy,Morning,Experienced,Line_A,0,0,0,0,0,0,0,0,0,0,0,1,0,0,0,0,No Defect
1678,65.61,121.67,5.25,107.81,57.08,50.26,74.64,9.54,641.3,3.06,2382.2,298.0,Press,Alloy,Night,Intermediate,Line_B,1,0,0,0,1,1,1,0,0,1,0,0,1,0,0,0,No Defect
1679,71.38,117.64,2.89,105.1,59.57,50.08,40.87,3.04,876.6,2.89,1003.8,459.0,CNC,Aluminum,Morning,Expert,Line_C,0,1,0,0,0,0,1,0,0,0,0,0,0,0,0,0,No Defect
1680,74.79,121.61,1.47,118.23,56.95,53.01,43.18,3.62,899.4,2.48,1331.3,509.0,Press,Aluminum,Evening,Expert,Line_B,0,1,0,0,0,0,1,0,0,0,1,0,0,0,1,0,No Defect
1681,70.61,127.95,4.26,116.68,81.5,45.53,63.28,8.15,719.1,4.33,1753.5,347.0,Lathe,Steel,Morning,Experienced,Line_D,0,0,0,1,1,1,1,1,1,0,0,0,0,0,0,0,No Defect
1682,76.02,112.61,1.0,86.82,52.51,55.23,51.15,2.46,725.3,2.45,902.0,335.0,Milling,Aluminum,Evening,Expert,Line_D,0,0,0,0,0,0,0,0,0,0,0,0,0,0,0,0,No Defect
1683,72.81,113.71,2.55,92.72,65.28,43.0,42.36,3.3,829.7,,1281.1,369.0,Milling,Alloy,Morning,Experienced,Line_A,0,1,0,0,0,0,0,0,0,0,0,0,0,0,0,0,No Defect
1684,74.4,128.06,2.93,124.64,76.81,50.71,59.91,2.73,765.9,4.15,2111.4,472.0,Injection_Molding,Aluminum,Night,Experienced,Line_D,0,0,0,1,0,0,1,1,1,1,0,0,1,0,0,0,No Defect
1685,74.74,117.15,1.01,86.17,66.72,45.92,39.92,7.84,731.6,3.35,1001.8,528.0,Lathe,Composite,Night,Intermediate,Line_A,0,0,0,0,0,0,0,0,0,0,1,0,1,0,0,0,No Defect
1686,80.34,134.76,,130.0,56.28,46.38,44.23,3.93,844.1,3.06,1769.5,570.0,Press,Steel,Night,New,Line_B,0,1,1,1,0,0,1,0,0,0,1,0,1,1,1,1,Assembly Defect
1687,73.6,111.94,3.96,94.34,51.25,61.31,63.74,13.26,682.7,3.97,2303.9,423.0,CNC,Plastic,Morning,Intermediate,Line_B,1,0,0,0,1,1,0,1,0,1,0,0,0,0,0,0,No Defect
1688,74.95,109.04,1.86,76.25,53.33,35.46,56.54,3.08,651.3,2.99,531.5,312.0,Press,Plastic,Morning,New,Line_D,0,0,0,0,0,0,0,0,0,0,0,0,0,1,0,0,No Defect
1689,70.06,107.65,4.03,97.73,72.88,48.63,56.15,9.4,793.0,2.95,1822.9,295.0,CNC,Alloy,Night,Intermediate,Line_C,1,0,0,0,1,0,0,0,1,0,0,0,1,0,0,0,No Defect
1690,73.55,116.02,1.64,89.83,58.19,50.48,47.36,4.47,713.2,3.05,845.9,334.0,CNC,Steel,Night,Expert,Line_B,0,0,0,0,0,0,0,0,0,0,0,0,1,0,0,0,No Defect
1691,71.11,114.16,2.42,97.58,57.94,50.58,49.28,4.97,740.3,3.38,401.0,391.0,Milling,Composite,Evening,Intermediate,Line_A,0,0,0,0,0,0,0,0,0,0,0,0,0,0,0,0,No Defect
1692,77.24,119.99,4.33,107.07,57.38,50.95,48.97,4.86,790.7,,1580.0,386.0,Lathe,Alloy,Morning,New,Line_D,0,0,1,0,1,0,1,0,0,0,0,0,0,1,0,0,No Defect
1693,74.62,129.4,2.0,130.0,83.75,52.2,70.98,3.8,720.9,4.42,1832.6,538.0,Press,Steel,Evening,Experienced,Line_D,0,0,0,1,0,1,1,1,1,0,1,0,0,0,0,1,Material Defect
1694,60.5,101.73,3.47,103.08,56.87,50.8,47.81,9.1,731.6,2.77,2206.6,277.0,CNC,Steel,Night,Intermediate,Line_C,1,0,0,0,1,0,0,0,0,1,0,0,1,0,0,1,Surface Defect
1695,69.55,102.74,4.42,,68.4,62.32,67.56,10.55,639.2,2.76,2331.4,383.0,CNC,Steel,Night,Intermediate,Line_D,1,0,0,0,1,1,0,0,1,1,0,0,1,0,0,0,No Defect
1696,69.6,111.52,2.06,69.85,56.73,61.05,58.04,6.22,603.5,3.33,993.4,276.0,Lathe,Aluminum,Evening,Experienced,Line_A,0,0,0,0,0,1,0,0,0,0,0,0,0,0,0,0,No Defect
1697,70.9,119.84,2.01,68.22,45.46,46.96,55.64,5.17,625.6,3.34,449.8,413.0,CNC,Plastic,Morning,Experienced,Line_A,0,0,0,0,0,0,0,0,0,0,0,0,0,0,0,0,No Defect
1698,78.06,113.36,4.07,92.04,62.61,55.19,53.92,14.53,654.7,2.44,1582.3,469.0,Press,Aluminum,Morning,Experienced,Line_A,1,0,1,0,1,0,0,0,0,0,0,0,0,0,0,1,Structural Defect
1699,76.93,,3.45,111.62,53.09,49.02,41.25,1.67,848.7,2.41,1209.9,585.0,Milling,Aluminum,Morning,Intermediate,Line_B,0,1,0,0,0,0,1,0,0,0,1,0,0,0,1,0,No Defect
1700,,127.3,5.37,102.98,78.26,55.32,71.73,10.12,623.7,3.35,2310.3,287.0,CNC,Alloy,Morning,Expert,Line_D,1,0,0,1,1,1,0,0,1,1,0,0,0,0,0,0,No Defect
1701,77.26,129.07,4.29,115.05,66.14,50.15,41.57,2.75,832.3,2.57,1353.1,398.0,CNC,Steel,Evening,Expert,Line_B,0,1,1,1,1,0,1,0,0,0,0,0,0,0,0,0,No Defect
1702,75.51,114.02,,60.0,52.7,53.01,48.08,3.94,742.9,3.62,1014.5,376.0,Milling,Composite,Morning,New,Line_C,0,0,0,0,0,0,0,0,0,0,0,0,0,1,0,0,No Defect
1703,73.86,105.58,4.63,102.9,63.75,55.1,63.28,10.66,692.7,2.96,2228.6,340.0,Milling,Alloy,Evening,Experienced,Line_D,1,0,0,0,1,1,0,0,0,1,0,0,0,0,0,1,Surface Defect
1704,71.79,119.86,2.58,82.13,58.91,59.18,43.72,2.04,790.4,2.94,722.5,341.0,CNC,Alloy,Morning,Intermediate,Line_D,0,0,0,0,0,0,0,0,0,0,0,0,0,0,0,0,No Defect
1705,73.1,110.77,4.18,98.35,57.66,46.65,43.57,10.94,805.1,3.85,2032.5,356.0,Lathe,Steel,Evening,Intermediate,Line_C,1,0,0,0,1,0,0,1,0,1,0,0,0,0,0,0,No Defect
1706,76.75,124.29,2.21,116.19,77.68,44.51,55.38,6.0,680.9,3.8,2028.4,416.0,CNC,Steel,Morning,Expert,Line_A,0,0,1,0,0,0,1,1,1,1,0,0,0,0,0,1,Material Defect
1707,71.75,116.78,2.32,80.7,55.19,47.85,48.8,2.09,776.7,3.38,1258.8,408.0,Injection_Molding,Plastic,Evening,New,Line_D,0,0,0,0,0,0,0,0,0,0,0,0,0,1,0,0,No Defect
1708,73.11,123.47,2.13,84.47,60.58,44.11,48.81,3.62,726.5,3.64,380.9,258.0,Press,Steel,Morning,Intermediate,Line_B,0,0,0,1,0,0,0,0,0,0,0,0,0,0,0,0,No Defect
1709,75.73,102.22,5.45,,71.25,57.92,56.24,11.51,727.5,3.98,2155.2,449.0,Milling,Steel,Morning,Expert,Line_B,1,0,0,0,1,0,0,1,1,1,0,0,0,0,0,0,No Defect
1710,72.02,125.05,2.3,102.33,83.09,45.57,53.53,5.38,643.8,4.02,1941.1,451.0,Lathe,Steel,Morning,Intermediate,Line_D,0,0,0,1,0,0,0,1,1,0,0,0,0,0,0,0,No Defect
1711,77.83,122.53,2.69,118.11,61.46,60.25,44.16,5.38,836.2,3.04,838.0,476.0,Lathe,Steel,Morning,Intermediate,Line_B,0,1,1,0,0,0,1,0,0,0,0,0,0,0,1,0,No Defect
1712,67.27,119.66,2.95,89.19,60.39,46.07,39.8,3.28,820.1,3.52,1320.6,419.0,CNC,Alloy,Morning,New,Line_B,0,1,0,0,0,0,0,0,0,0,0,0,0,1,0,0,No Defect
1713,70.98,113.69,2.27,74.48,66.11,57.53,38.57,1.06,721.2,3.06,852.7,322.0,CNC,Aluminum,Morning,Experienced,Line_D,0,0,0,0,0,0,0,0,0,0,0,0,0,0,0,0,No Defect
1714,75.88,114.12,3.24,86.63,64.94,46.42,47.12,,757.7,3.24,1247.6,323.0,Lathe,Steel,Night,Expert,Line_B,0,0,1,0,0,0,0,0,0,0,0,0,1,0,0,0,No Defect
1715,64.43,127.63,1.95,97.84,62.25,40.89,45.62,5.89,756.6,3.11,833.6,552.0,Milling,Steel,Night,Expert,Line_B,0,0,0,1,0,0,0,0,0,0,1,0,1,0,1,1,Material Defect
1716,75.1,102.89,2.18,78.76,50.49,48.42,,4.21,626.0,2.98,1300.1,379.0,Milling,Aluminum,Morning,Experienced,Line_C,0,0,0,0,0,0,0,0,0,0,0,0,0,0,0,0,No Defect
1717,71.32,110.77,3.17,87.52,70.2,48.35,52.83,4.32,787.6,3.2,965.8,455.0,Lathe,Steel,Night,Expert,Line_A,0,0,0,0,0,0,0,0,1,0,0,0,1,0,0,0,No Defect
1718,74.89,129.64,3.57,103.61,60.33,49.97,62.99,7.08,773.0,4.34,1849.9,428.0,Injection_Molding,Plastic,Night,Experienced,Line_B,0,0,0,1,1,1,0,1,0,0,0,0,1,0,0,0,No Defect
1719,80.57,121.59,2.54,105.03,65.68,47.34,39.73,3.93,903.1,2.63,1093.0,456.0,Milling,Composite,Night,Intermediate,Line_A,0,1,1,0,0,0,1,0,0,0,0,0,1,0,0,0,No Defect
1720,81.51,130.74,2.95,110.65,59.45,50.57,34.58,3.81,866.1,2.32,1028.8,345.0,Press,Aluminum,Evening,Intermediate,Line_B,0,1,1,1,0,0,1,0,0,0,0,0,0,0,0,0,No Defect
1721,79.72,130.06,2.54,116.31,57.01,55.56,42.05,5.59,785.5,2.31,1108.9,556.0,Lathe,Aluminum,Night,Intermediate,Line_D,0,0,1,1,0,0,1,0,0,0,1,0,1,0,1,0,No Defect
1722,69.43,127.78,1.0,96.76,61.04,53.83,41.81,4.95,678.9,3.12,895.7,303.0,Injection_Molding,Composite,Morning,Experienced,Line_B,0,0,0,1,0,0,0,0,0,0,0,0,0,0,0,0,No Defect
1723,75.78,136.12,1.45,124.39,72.39,43.11,62.71,5.5,706.7,4.0,1992.9,441.0,CNC,Composite,Evening,Experienced,Line_D,0,0,1,1,0,1,1,1,1,0,0,0,0,0,0,0,No Defect
1724,80.29,,1.89,130.0,80.65,53.78,58.9,8.02,745.1,4.21,2036.5,333.0,Injection_Molding,Aluminum,Night,Intermediate,Line_C,0,0,1,0,0,0,1,1,1,1,0,0,1,0,0,1,Structural Defect
1725,72.42,124.05,3.13,103.46,64.04,47.66,64.98,5.69,662.9,3.48,2035.0,404.0,Injection_Molding,Plastic,Night,Expert,Line_D,0,0,0,0,0,1,0,0,0,1,0,0,1,0,0,0,No Defect
1726,69.11,106.97,3.29,89.52,68.24,55.77,60.54,1.72,745.2,3.36,897.5,347.0,Injection_Molding,Alloy,Night,Expert,Line_D,0,0,0,0,0,0,0,0,0,0,0,0,1,0,0,0,No Defect
1727,63.86,117.87,2.29,70.39,57.91,51.29,59.04,4.18,661.3,2.9,961.7,374.0,Injection_Molding,Alloy,Evening,New,Line_A,0,0,0,0,0,0,0,0,0,0,0,0,0,1,0,0,No Defect
1728,73.02,118.48,2.75,92.8,63.68,56.29,65.58,9.2,740.3,3.23,2130.1,425.0,Injection_Molding,Alloy,Night,Intermediate,Line_B,1,0,0,0,0,1,0,0,0,1,0,0,1,0,0,0,No Defect
1729,75.47,122.68,2.14,121.54,45.69,56.96,47.83,4.35,896.5,2.97,1413.0,447.0,CNC,Plastic,Evening,Expert,Line_C,0,1,0,0,0,0,1,0,0,0,0,0,0,0,0,0,No Defect
1730,73.62,126.43,1.91,119.45,77.49,48.03,67.42,9.12,649.2,4.38,1676.6,498.0,CNC,Steel,Night,Experienced,Line_C,1,0,0,1,0,1,1,1,1,0,0,0,1,0,0,0,No Defect
1731,80.05,125.84,3.19,117.65,60.86,47.58,22.71,2.59,889.5,2.93,1161.5,490.0,CNC,Alloy,Morning,Expert,Line_C,0,1,1,1,0,0,1,0,0,0,0,0,0,0,1,1,Structural Defect
1732,76.8,127.63,3.01,130.0,81.16,49.0,65.65,5.89,,3.97,2077.0,438.0,Lathe,Steel,Evening,Experienced,Line_D,0,0,0,1,0,1,1,1,1,1,0,0,0,0,0,0,No Defect
1733,75.06,122.96,2.79,75.74,63.87,47.32,50.33,4.8,715.9,2.87,966.4,369.0,Press,Alloy,Evening,Experienced,Line_D,0,0,0,0,0,0,0,0,0,0,0,0,0,0,0,0,No Defect
1734,66.75,130.9,2.31,104.8,62.09,44.6,51.03,6.57,844.2,4.23,400.8,380.0,CNC,Alloy,Morning,Experienced,Line_B,0,1,0,1,0,0,0,1,0,0,0,0,0,0,0,0,No Defect
1735,80.71,123.71,2.98,114.64,72.26,46.41,43.13,1.8,848.6,3.22,1684.4,585.0,Lathe,Steel,Night,Experienced,Line_C,0,1,1,1,0,0,1,0,1,0,1,0,1,0,1,0,No Defect
1736,73.16,114.11,3.3,111.1,65.15,46.37,52.52,4.57,868.2,2.02,1285.3,459.0,Milling,Alloy,Evening,Intermediate,Line_D,0,1,0,0,0,0,1,0,0,0,0,0,0,0,0,0,No Defect
1737,71.42,120.27,2.81,75.32,71.16,44.98,38.97,2.74,,3.91,1169.0,249.0,CNC,Steel,Morning,Intermediate,Line_B,0,0,0,0,0,0,0,1,1,0,0,0,0,0,0,0,No Defect
1738,75.38,132.31,2.94,102.62,63.8,49.27,41.21,1.63,851.5,2.47,1562.8,590.0,Press,Plastic,Evening,Expert,Line_C,0,1,0,1,0,0,0,0,0,0,1,0,0,0,1,1,Structural Defect
1739,77.25,115.23,2.51,111.67,45.0,54.09,41.44,1.51,833.0,2.61,1729.2,504.0,Milling,Plastic,Morning,Intermediate,Line_A,0,1,1,0,0,0,1,0,0,0,1,0,0,0,1,0,No Defect
1740,72.22,124.18,2.19,103.39,72.13,50.36,60.03,5.29,689.8,3.0,1173.7,402.0,Lathe,Aluminum,Night,Experienced,Line_C,0,0,0,0,0,0,0,0,1,0,0,0,1,0,0,0,No Defect
1741,72.76,127.08,1.88,126.98,84.02,50.78,71.22,,624.9,5.56,1956.0,430.0,Milling,Steel,Night,New,Line_A,0,0,0,1,0,1,1,1,1,0,0,0,1,1,0,1,Dimensional Defect
1742,81.27,112.47,3.09,107.53,68.67,50.71,53.42,3.98,823.3,,1582.9,494.0,Injection_Molding,Alloy,Morning,Expert,Line_D,0,1,1,0,0,0,1,0,0,0,1,0,0,0,1,1,Dimensional Defect
1743,78.19,119.43,2.58,96.91,58.04,40.2,45.15,1.36,757.2,3.09,1425.5,522.0,Press,Composite,Night,Expert,Line_C,0,0,1,0,0,0,0,0,0,0,1,0,1,0,0,1,Material Defect
1744,87.85,115.83,2.83,106.62,66.04,51.16,39.3,6.58,773.0,2.79,1767.5,462.0,Milling,Steel,Morning,Experienced,Line_A,0,0,1,0,0,0,1,0,0,0,0,0,0,0,1,0,No Defect
1745,71.23,115.44,2.63,93.87,49.0,49.29,38.79,4.46,746.8,2.39,1028.1,362.0,CNC,Plastic,Evening,Expert,Line_D,0,0,0,0,0,0,0,0,0,0,0,0,0,0,0,0,No Defect
1746,70.01,126.03,2.49,117.05,78.1,50.36,55.15,5.66,781.3,4.1,1838.8,368.0,CNC,Alloy,Evening,Intermediate,Line_C,0,0,0,1,0,0,1,1,1,0,0,0,0,0,0,0,No Defect
1747,79.69,125.06,3.02,119.28,67.34,,76.77,6.52,679.8,4.69,2107.6,468.0,Press,Aluminum,Morning,Experienced,Line_B,0,0,1,1,0,1,1,1,0,1,0,0,0,0,0,0,No Defect
1748,74.37,131.13,3.32,117.65,67.06,47.05,63.81,5.87,729.8,3.99,1596.6,341.0,Lathe,Composite,Morning,Experienced,Line_D,0,0,0,1,0,1,1,1,0,0,0,0,0,0,0,0,No Defect
1749,74.18,110.45,5.46,93.28,67.26,58.79,,12.83,747.2,3.17,1963.7,352.0,Press,Alloy,Evening,New,Line_C,1,0,0,0,1,0,0,0,0,0,0,0,0,1,0,0,No Defect
1750,66.07,121.49,2.44,84.6,61.68,42.25,50.62,4.59,655.1,2.22,661.5,468.0,Milling,Steel,Morning,Intermediate,Line_C,0,0,0,0,0,0,0,0,0,0,0,0,0,0,0,0,No Defect
1751,75.52,125.83,2.32,94.31,48.5,40.61,35.97,2.05,810.1,3.07,907.9,346.0,Press,Plastic,Evening,Expert,Line_D,0,0,0,1,0,0,0,0,0,0,0,0,0,0,0,0,No Defect
1752,83.68,118.29,4.09,95.19,45.0,,53.06,11.91,742.0,2.93,2377.9,361.0,Injection_Molding,Composite,Evening,Experienced,Line_C,1,0,1,0,1,0,0,0,0,1,0,0,0,0,0,1,Surface Defect
1753,75.96,108.91,4.79,89.36,64.11,63.17,76.47,13.05,613.1,2.45,2611.8,,Injection_Molding,Alloy,Morning,Experienced,Line_D,1,0,0,0,1,1,0,0,0,1,0,1,0,0,0,1,Assembly Defect
1754,80.08,115.87,3.04,85.51,64.77,47.56,41.28,3.93,709.9,2.89,1409.8,554.0,CNC,Aluminum,Evening,Intermediate,Line_A,0,0,1,0,0,0,0,0,0,0,1,0,0,0,0,1,Structural Defect
1755,69.2,114.45,2.47,70.61,67.92,40.14,46.35,0.67,756.2,2.94,1077.7,301.0,Press,Alloy,Morning,Experienced,Line_B,0,0,0,0,0,0,0,0,1,0,0,0,0,0,0,0,No Defect
1756,78.53,122.53,2.66,96.7,57.09,52.48,36.83,4.75,854.9,1.63,1645.7,423.0,Injection_Molding,Aluminum,Night,Experienced,Line_D,0,1,1,0,0,0,0,0,0,0,0,0,1,0,0,0,No Defect
1757,70.96,109.89,3.67,110.51,61.79,50.07,70.99,11.9,627.3,3.7,2058.2,449.0,CNC,Steel,Morning,Experienced,Line_D,1,0,0,0,0,1,1,1,0,1,0,0,0,0,0,0,No Defect
1758,75.47,102.65,3.82,99.64,56.35,60.73,54.02,11.77,770.8,3.01,2007.2,410.0,CNC,Aluminum,Evening,Intermediate,Line_B,1,0,0,0,1,0,0,0,0,1,0,0,0,0,0,1,Assembly Defect
1759,66.48,104.73,6.0,115.77,64.36,44.95,63.32,10.4,739.0,3.91,2246.2,242.0,Lathe,Steel,Morning,Experienced,Line_A,1,0,0,0,1,1,1,1,0,1,0,0,0,0,0,1,Structural Defect
1760,71.75,116.44,2.21,91.34,49.09,51.75,40.92,4.28,843.8,4.28,617.9,469.0,Milling,Composite,Morning,Experienced,Line_D,0,1,0,0,0,0,0,1,0,0,0,0,0,0,0,0,No Defect
1761,70.73,121.89,3.06,118.38,67.96,56.36,59.7,6.65,668.6,4.39,1689.3,379.0,Lathe,Aluminum,Night,Intermediate,Line_C,0,0,0,0,0,0,1,1,0,0,0,0,1,0,0,0,No Defect
1762,76.25,127.22,3.22,113.22,60.16,54.63,39.38,2.05,796.6,2.94,2008.0,442.0,Injection_Molding,Composite,Evening,Expert,Line_C,0,0,0,1,0,0,1,0,0,1,0,0,0,0,0,0,No Defect
1763,75.08,133.1,2.62,126.76,73.7,51.23,71.44,4.11,623.8,5.61,1915.2,418.0,Lathe,Steel,Morning,Intermediate,Line_D,0,0,0,1,0,1,1,1,1,0,0,0,0,0,0,1,Surface Defect
1764,71.0,122.63,2.0,85.41,64.5,55.38,51.43,4.79,695.2,3.7,1000.4,309.0,Press,Steel,Night,New,Line_D,0,0,0,0,0,0,0,1,0,0,0,0,1,1,0,0,No Defect
1765,67.47,104.41,5.34,,68.4,53.0,58.89,11.5,784.0,3.42,1999.5,362.0,Milling,Composite,Morning,New,Line_C,1,0,0,0,1,0,1,0,0,0,0,0,0,1,0,0,No Defect
1766,70.01,125.97,3.53,117.49,59.7,43.14,65.04,3.68,629.6,4.58,1730.3,524.0,CNC,Plastic,Morning,Experienced,Line_A,0,0,0,1,0,1,1,1,0,0,1,0,0,0,0,1,Structural Defect
1767,73.02,118.14,4.52,118.77,,62.44,46.67,12.71,770.0,3.27,2539.5,340.0,Milling,Steel,Night,Intermediate,Line_C,1,0,0,0,1,0,1,0,0,1,0,1,1,0,0,0,No Defect
1768,77.43,121.56,2.2,89.47,69.28,50.82,62.8,3.54,649.0,3.81,1719.8,532.0,Milling,Plastic,Morning,Experienced,Line_C,0,0,1,0,0,1,0,1,1,0,1,0,0,0,0,1,Surface Defect
1769,72.45,124.7,2.93,119.96,63.2,50.5,65.9,,624.3,3.88,1946.0,432.0,CNC,Plastic,Evening,Experienced,Line_A,0,0,0,0,0,1,1,1,0,0,0,0,0,0,0,0,No Defect
1770,82.62,118.41,3.31,121.35,55.33,59.38,35.89,4.01,827.7,3.43,1500.0,472.0,Press,Composite,Morning,Experienced,Line_D,0,1,1,0,0,0,1,0,0,0,1,0,0,0,1,1,Dimensional Defect
1771,74.6,113.75,5.76,105.09,71.05,48.1,53.7,12.4,650.4,3.44,2277.3,329.0,Lathe,Steel,Night,Expert,Line_D,1,0,0,0,1,0,1,0,1,1,0,0,1,0,0,1,Surface Defect
1772,74.09,119.15,3.84,100.2,57.0,53.71,76.36,12.0,695.0,2.46,2024.9,363.0,Press,Steel,Morning,Intermediate,Line_B,1,0,0,0,1,1,0,0,0,1,0,0,0,0,0,1,Dimensional Defect
1773,71.84,127.87,3.66,,76.32,48.5,58.71,,736.9,3.96,1536.3,433.0,Injection_Molding,Aluminum,Evening,Intermediate,Line_A,0,0,0,1,0,0,0,1,1,0,0,0,0,0,0,0,No Defect
1774,71.8,124.19,3.51,92.44,63.69,45.81,52.23,3.1,730.2,3.68,704.4,450.0,CNC,Aluminum,Evening,Expert,Line_B,0,0,0,0,0,0,0,0,0,0,0,0,0,0,0,0,No Defect
1775,75.84,114.97,2.94,106.12,55.49,47.31,47.48,3.2,813.9,2.89,1544.1,450.0,Milling,Alloy,Morning,Experienced,Line_C,0,0,0,0,0,0,1,0,0,0,0,0,0,0,0,0,No Defect
1776,77.27,115.11,1.83,71.89,53.28,,66.41,5.98,689.2,3.21,766.2,445.0,Milling,Plastic,Evening,Expert,Line_D,0,0,1,0,0,1,0,0,0,0,0,0,0,0,0,0,No Defect
1777,79.87,114.4,2.64,90.63,48.95,53.84,40.88,3.32,842.1,2.89,1339.9,404.0,Injection_Molding,Plastic,Evening,Intermediate,Line_D,0,1,1,0,0,0,0,0,0,0,0,0,0,0,0,0,No Defect
1778,66.99,125.62,5.29,118.59,71.75,51.42,75.67,11.07,694.0,3.62,2218.1,381.0,CNC,Aluminum,Evening,Expert,Line_C,1,0,0,1,1,1,1,0,1,1,0,0,0,0,0,1,Material Defect
1779,73.65,122.14,1.48,92.41,57.84,47.77,50.22,2.37,706.5,3.1,677.0,344.0,Milling,Alloy,Morning,Intermediate,Line_C,0,0,0,0,0,0,0,0,0,0,0,0,0,0,0,1,Material Defect
1780,78.71,126.82,3.63,118.03,61.8,46.07,47.02,5.34,883.7,2.79,1422.6,445.0,CNC,Alloy,Evening,Experienced,Line_A,0,1,1,1,0,0,1,0,0,0,0,0,0,0,0,1,Dimensional Defect
1781,75.22,133.74,2.96,94.39,73.86,47.48,63.69,4.52,707.9,4.08,1799.4,535.0,Lathe,Composite,Evening,Experienced,Line_A,0,0,0,1,0,1,0,1,1,0,1,0,0,0,0,0,No Defect
1782,73.78,119.65,3.58,126.01,56.66,40.44,34.27,3.59,809.8,2.94,1022.8,340.0,CNC,Aluminum,Morning,New,Line_C,0,0,0,0,1,0,1,0,0,0,0,0,0,1,0,0,No Defect
1783,78.3,110.71,2.47,119.07,70.01,44.71,45.21,4.37,831.4,2.77,767.8,,Injection_Molding,Steel,Morning,Expert,Line_A,0,1,1,0,0,0,1,0,1,0,0,0,0,0,0,1,Dimensional Defect
1784,73.74,130.02,2.45,81.58,64.75,57.59,45.85,5.84,777.5,3.31,876.0,276.0,Lathe,Steel,Night,New,Line_B,0,0,0,1,0,0,0,0,0,0,0,0,1,1,0,0,No Defect
1785,74.34,121.92,2.76,101.52,64.64,53.59,45.46,2.87,803.2,3.47,1015.7,423.0,Press,Steel,Morning,Intermediate,Line_D,0,0,0,0,0,0,0,0,0,0,0,0,0,0,0,0,No Defect
1786,74.09,112.66,1.83,82.03,65.5,37.76,41.72,8.71,816.4,2.89,1242.8,290.0,Milling,Steel,Evening,Experienced,Line_B,0,0,0,0,0,0,0,0,0,0,0,0,0,0,0,0,No Defect
1787,68.84,122.45,,66.25,69.54,52.61,50.94,5.5,725.3,2.7,,319.0,Lathe,Plastic,Evening,Experienced,Line_D,0,0,0,1,0,0,0,0,0,0,0,0,0,0,0,0,No Defect
1788,75.47,102.77,2.66,97.7,70.29,35.0,44.73,2.65,755.8,3.26,740.9,507.0,Lathe,Alloy,Evening,Intermediate,Line_B,0,0,0,0,0,0,0,0,1,0,1,0,0,0,0,0,No Defect
1789,78.81,107.6,1.43,66.32,62.46,41.71,45.36,4.56,787.9,2.88,622.1,363.0,Milling,Alloy,Night,Intermediate,Line_C,0,0,1,0,0,0,0,0,0,0,0,0,1,0,0,0,No Defect
1790,78.36,106.42,3.72,117.02,47.77,42.64,33.64,1.91,870.5,2.24,1327.3,596.0,Lathe,Plastic,Morning,New,Line_B,0,1,1,0,1,0,1,0,0,0,1,0,0,1,1,0,No Defect
1791,69.51,,3.39,83.06,74.26,49.75,52.02,2.14,710.2,3.61,916.7,305.0,CNC,Alloy,Evening,Expert,Line_C,0,0,0,0,0,0,0,0,1,0,0,0,0,0,0,0,No Defect
1792,72.54,127.65,2.49,130.0,85.0,46.36,68.27,6.18,659.8,4.91,1578.0,243.0,Injection_Molding,Steel,Morning,Intermediate,Line_A,0,0,0,1,0,1,1,1,1,0,0,0,0,0,0,1,Structural Defect
1793,71.72,133.58,3.68,99.44,68.45,,71.75,6.12,661.8,4.78,,442.0,CNC,Aluminum,Morning,Expert,Line_B,0,0,0,1,0,1,0,1,0,0,0,0,0,0,0,0,No Defect
1794,70.47,120.25,2.87,,67.3,49.2,44.26,6.97,779.5,2.84,441.2,461.0,CNC,Alloy,Morning,New,Line_B,0,0,0,0,0,0,0,0,0,0,0,0,0,1,0,0,No Defect
1795,76.59,117.45,2.51,110.15,69.22,52.18,37.29,5.44,830.8,2.53,911.5,606.0,Milling,Steel,Morning,New,Line_D,0,1,0,0,0,0,1,0,0,0,1,0,0,1,1,0,No Defect
1796,73.63,134.14,2.76,119.62,79.02,54.16,58.25,5.61,740.4,4.14,1395.8,401.0,Press,Composite,Morning,Intermediate,Line_A,0,0,0,1,0,0,1,1,1,0,0,0,0,0,0,0,No Defect
1797,69.98,123.36,1.77,91.28,70.43,46.51,43.34,1.57,835.7,3.49,1176.1,517.0,CNC,Steel,Evening,Intermediate,Line_D,0,1,0,0,0,0,0,0,1,0,1,0,0,0,1,0,No Defect
1798,72.47,117.01,2.57,71.42,45.0,44.2,51.39,0.9,662.4,2.8,717.5,290.0,Press,Plastic,Morning,Expert,Line_C,0,0,0,0,0,0,0,0,0,0,0,0,0,0,0,1,Assembly Defect
1799,78.94,126.19,4.59,119.0,,53.05,45.36,5.08,823.6,2.97,1660.8,406.0,CNC,Steel,Morning,Expert,Line_A,0,1,1,1,1,0,1,0,0,0,0,0,0,0,0,1,Dimensional Defect
1800,77.35,108.15,3.83,117.11,56.78,50.29,47.27,4.62,763.4,3.42,1665.2,454.0,Press,Steel,Evening,Experienced,Line_C,0,0,1,0,1,0,1,0,0,0,0,0,0,0,0,0,No Defect
1801,75.66,,2.64,71.4,59.07,40.13,45.01,4.11,694.4,3.4,363.3,335.0,Lathe,Steel,Evening,Expert,Line_A,0,0,0,0,0,0,0,0,0,0,0,0,0,0,0,0,No Defect
1802,81.0,105.33,3.62,96.22,60.58,50.71,47.59,3.48,718.6,3.13,,390.0,CNC,Alloy,Morning,Expert,Line_A,0,0,1,0,0,0,0,0,0,0,0,0,0,0,0,0,No Defect
1803,76.23,112.31,1.94,84.88,48.51,49.95,45.96,4.95,702.4,3.36,813.1,484.0,Injection_Molding,Plastic,Night,Experienced,Line_A,0,0,0,0,0,0,0,0,0,0,0,0,1,0,0,0,No Defect
1804,75.85,127.72,,112.92,70.91,41.16,58.27,5.89,701.6,3.33,1608.4,528.0,Milling,Steel,Morning,Intermediate,Line_B,0,0,0,1,0,0,1,0,1,0,1,0,0,0,0,0,No Defect
1805,74.39,,2.67,88.28,69.37,42.16,49.8,5.18,708.0,3.48,594.7,569.0,Injection_Molding,Aluminum,Evening,Expert,Line_D,0,0,0,0,0,0,0,0,0,0,1,0,0,0,0,0,No Defect
1806,68.77,119.65,2.35,103.71,66.24,55.68,49.09,5.87,713.2,3.36,634.8,424.0,CNC,Alloy,Evening,New,Line_D,0,0,0,0,0,0,0,0,0,0,0,0,0,1,0,0,No Defect
1807,77.3,120.19,3.0,98.06,62.54,52.77,64.99,11.67,717.3,3.06,2339.2,433.0,Press,Steel,Morning,Experienced,Line_A,1,0,1,0,0,1,0,0,0,1,0,0,0,0,0,0,No Defect
1808,71.19,124.62,2.47,89.24,65.82,49.21,45.22,4.74,787.8,3.51,1291.2,406.0,Press,Alloy,Night,Expert,Line_A,0,0,0,0,0,0,0,0,0,0,0,0,1,0,0,0,No Defect
1809,77.23,120.88,3.01,99.82,67.99,43.93,34.86,0.5,728.5,2.3,,512.0,Lathe,Alloy,Morning,Experienced,Line_D,0,0,1,0,0,0,0,0,0,0,1,0,0,0,0,0,No Defect
1810,72.08,131.72,2.72,115.99,68.26,52.86,69.87,6.26,634.6,4.3,1828.7,484.0,CNC,Steel,Evening,Intermediate,Line_A,0,0,0,1,0,1,1,1,0,0,0,0,0,0,0,0,No Defect
1811,76.19,116.15,3.57,102.6,53.53,60.04,40.85,4.8,792.8,2.35,1372.6,431.0,CNC,Plastic,Night,New,Line_C,0,0,0,0,0,0,1,0,0,0,0,0,1,1,0,0,No Defect
1812,73.95,,2.01,66.19,50.6,49.84,,3.79,681.9,3.49,923.3,289.0,CNC,Alloy,Evening,Experienced,Line_C,0,0,0,0,0,0,0,0,0,0,0,0,0,0,0,0,No Defect
1813,69.4,100.3,3.5,108.15,56.94,43.66,54.83,11.11,680.8,3.35,2117.3,330.0,Milling,Aluminum,Morning,Intermediate,Line_C,1,0,0,0,1,0,1,0,0,1,0,0,0,0,0,1,Surface Defect
1814,71.68,117.03,2.84,91.84,71.39,56.7,66.76,9.23,695.2,3.05,2286.4,307.0,Milling,Steel,Evening,Expert,Line_D,1,0,0,0,0,1,0,0,1,1,0,0,0,0,0,1,Assembly Defect
1815,77.67,,3.3,93.93,54.05,44.1,35.6,5.02,772.1,3.06,802.3,390.0,CNC,Alloy,Evening,Expert,Line_C,0,0,1,0,0,0,0,0,0,0,0,0,0,0,0,0,No Defect
1816,74.36,140.0,2.95,116.63,82.58,52.2,57.24,,612.3,3.73,2098.2,,Press,Alloy,Morning,Intermediate,Line_B,0,0,0,1,0,0,1,1,1,1,0,0,0,0,0,1,Material Defect
1817,75.54,113.03,5.95,82.96,58.87,50.06,65.12,10.69,684.9,2.69,2092.5,280.0,CNC,Alloy,Night,Intermediate,Line_C,1,0,1,0,1,1,0,0,0,1,0,0,1,0,0,0,No Defect
1818,64.14,130.83,2.01,102.46,56.71,,45.93,4.4,792.1,3.67,100.0,352.0,Injection_Molding,Alloy,Morning,Experienced,Line_A,0,0,0,1,0,0,1,0,0,0,0,0,0,0,0,0,No Defect
1819,74.69,113.11,1.23,84.09,63.76,51.28,47.12,3.96,733.6,2.97,1059.7,279.0,Injection_Molding,Steel,Evening,Expert,Line_A,0,0,0,0,0,0,0,0,0,0,0,0,0,0,0,0,No Defect
1820,72.16,128.64,2.52,86.14,59.83,47.95,53.68,2.8,716.3,3.03,,400.0,Milling,Composite,Night,Intermediate,Line_D,0,0,0,1,0,0,0,0,0,0,0,0,1,0,0,0,No Defect
1821,74.15,105.92,5.57,77.9,63.42,50.56,55.19,12.89,773.0,2.7,1926.0,522.0,CNC,Alloy,Morning,New,Line_D,1,0,0,0,1,0,0,0,0,0,1,0,0,1,0,1,Surface Defect
1822,73.85,109.21,2.78,106.95,72.13,50.71,53.33,6.38,744.3,4.78,2206.4,416.0,Milling,Plastic,Night,Expert,Line_B,0,0,0,0,0,0,1,1,1,1,0,0,1,0,0,0,No Defect
1823,71.05,120.53,2.97,110.5,73.7,50.25,65.29,7.11,644.6,3.94,1561.5,495.0,Milling,Aluminum,Evening,Intermediate,Line_C,0,0,0,0,0,1,1,1,1,0,0,0,0,0,0,0,No Defect
1824,75.73,131.96,2.26,115.76,85.0,43.33,58.27,2.73,633.9,4.26,1686.9,381.0,Press,Alloy,Night,Expert,Line_C,0,0,0,1,0,0,1,1,1,0,0,0,1,0,0,1,Dimensional Defect
1825,73.34,,2.12,86.72,55.88,42.75,55.95,4.95,652.6,2.73,1065.7,424.0,Injection_Molding,Composite,Night,New,Line_B,0,0,0,0,0,0,0,0,0,0,0,0,1,1,0,0,No Defect
1826,72.11,127.35,2.84,118.11,85.0,53.8,56.42,4.61,665.9,4.9,2071.6,,CNC,Steel,Morning,Experienced,Line_A,0,0,0,1,0,0,1,1,1,1,0,0,0,0,0,0,No Defect
1827,73.5,130.6,2.65,125.68,71.27,51.77,32.93,6.02,847.5,2.48,1499.3,388.0,CNC,Steel,Morning,Experienced,Line_D,0,1,0,1,0,0,1,0,1,0,0,0,0,0,0,0,No Defect
1828,73.44,116.26,2.14,81.72,62.84,44.83,45.57,2.68,636.0,2.58,633.9,357.0,Press,Plastic,Night,Intermediate,Line_B,0,0,0,0,0,0,0,0,0,0,0,0,1,0,0,0,No Defect
1829,77.73,130.83,1.94,81.95,59.24,48.41,48.59,5.25,727.5,2.69,712.1,272.0,Press,Steel,Evening,Intermediate,Line_B,0,0,1,1,0,0,0,0,0,0,0,0,0,0,0,1,Material Defect
1830,74.51,140.0,2.8,130.0,85.0,61.83,62.55,3.9,717.9,4.42,2014.3,,Press,Steel,Morning,Expert,Line_A,0,0,0,1,0,1,1,1,1,1,0,0,0,0,0,1,Surface Defect
1831,75.73,111.99,5.03,87.53,68.66,46.6,59.97,12.98,682.6,,2395.8,409.0,Milling,Steel,Evening,Expert,Line_A,1,0,0,0,1,0,0,0,0,1,0,0,0,0,0,0,No Defect
1832,76.53,130.12,2.54,103.03,65.61,49.25,67.1,4.81,723.7,4.32,1746.6,312.0,CNC,Plastic,Evening,Experienced,Line_A,0,0,0,1,0,1,0,1,0,0,0,0,0,0,0,0,No Defect
1833,72.21,105.53,2.08,85.54,57.0,38.85,43.15,4.46,800.6,3.63,,324.0,Lathe,Steel,Morning,Expert,Line_D,0,0,0,0,0,0,0,0,0,0,0,0,0,0,0,0,No Defect
1834,71.63,106.91,3.03,98.0,70.96,47.71,42.12,3.71,854.7,3.49,968.7,338.0,Lathe,Alloy,Night,Intermediate,Line_C,0,1,0,0,0,0,0,0,1,0,0,0,1,0,0,0,No Defect
1835,72.23,126.54,5.32,104.32,66.32,59.14,73.48,11.61,667.8,3.58,1913.7,411.0,Injection_Molding,Steel,Morning,Experienced,Line_C,1,0,0,1,1,1,0,0,0,0,0,0,0,0,0,0,No Defect
1836,77.91,118.45,2.67,74.03,59.16,45.29,51.18,5.62,697.4,3.26,1157.4,301.0,Injection_Molding,Aluminum,Evening,New,Line_A,0,0,1,0,0,0,0,0,0,0,0,0,0,1,0,0,No Defect
1837,70.2,113.74,3.67,122.28,72.26,50.94,75.27,2.5,683.6,4.64,1862.7,468.0,Lathe,Aluminum,Morning,New,Line_D,0,0,0,0,0,1,1,1,1,1,0,0,0,1,0,0,No Defect
1838,67.11,109.94,2.69,79.64,64.39,35.0,57.59,,742.6,3.05,454.2,463.0,Lathe,Alloy,Morning,Expert,Line_B,0,0,0,0,0,0,0,0,0,0,0,0,0,0,0,1,Structural Defect
1839,73.45,124.73,2.72,87.93,,55.06,47.22,4.9,712.6,3.79,717.0,305.0,Lathe,Steel,Evening,Expert,Line_D,0,0,0,0,0,0,0,1,0,0,0,0,0,0,0,0,No Defect
1840,76.18,122.04,2.31,108.08,79.99,56.23,62.51,,737.0,3.15,1957.4,490.0,Milling,Alloy,Morning,Intermediate,Line_A,0,0,0,0,0,1,1,0,1,0,0,0,0,0,0,1,Assembly Defect
1841,75.76,106.45,5.62,95.48,60.63,55.84,60.16,10.05,729.0,3.3,2601.6,375.0,Injection_Molding,Steel,Night,Experienced,Line_D,1,0,0,0,1,0,0,0,0,1,0,0,1,0,0,0,No Defect
1842,76.19,128.76,2.4,130.0,60.61,44.1,59.99,3.62,670.2,5.41,1706.4,499.0,Milling,Composite,Evening,New,Line_A,0,0,0,1,0,0,1,1,0,0,0,0,0,1,0,0,No Defect
1843,74.14,119.01,1.89,68.71,57.44,50.72,59.24,3.46,687.2,3.78,1229.9,462.0,CNC,Aluminum,Morning,New,Line_A,0,0,0,0,0,0,0,1,0,0,0,0,0,1,0,0,No Defect
1844,,129.96,3.86,130.0,62.59,46.01,38.53,4.49,881.9,3.25,1308.1,487.0,Press,Steel,Morning,Experienced,Line_C,0,1,0,1,1,0,1,0,0,0,0,0,0,0,1,0,No Defect
1845,70.15,119.83,2.05,96.74,56.99,41.35,45.47,3.01,726.8,2.8,813.6,307.0,Milling,Plastic,Morning,Experienced,Line_C,0,0,0,0,0,0,0,0,0,0,0,0,0,0,0,0,No Defect
1846,72.72,111.1,3.58,119.14,55.16,51.92,46.49,2.35,916.2,2.6,1151.8,489.0,Milling,Composite,Night,Intermediate,Line_A,0,1,0,0,0,0,1,0,0,0,0,0,1,0,1,0,No Defect
1847,68.56,116.45,3.64,102.01,66.91,56.69,62.0,6.43,,4.3,,518.0,Press,Aluminum,Evening,New,Line_C,0,0,0,0,0,1,0,1,0,0,1,0,0,1,0,0,No Defect
1848,70.58,111.75,4.53,109.93,71.87,61.65,60.53,14.11,675.3,3.76,1832.7,445.0,Milling,Steel,Evening,Intermediate,Line_D,1,0,0,0,1,0,1,1,1,0,0,0,0,0,0,1,Material Defect
1849,76.55,90.08,4.05,115.67,67.73,53.98,69.01,11.4,698.1,3.71,2080.9,346.0,Milling,Steel,Night,Experienced,Line_C,1,0,0,0,1,1,1,1,0,1,0,0,1,0,0,1,Structural Defect
1850,70.38,122.45,1.73,115.44,81.8,49.95,57.71,4.28,725.4,4.1,1658.8,441.0,Lathe,Steel,Morning,Intermediate,Line_A,0,0,0,0,0,0,1,1,1,0,0,0,0,0,0,0,No Defect
1851,74.25,113.59,2.5,130.0,85.0,47.37,66.57,8.1,590.2,4.19,1999.5,372.0,Milling,Steel,Morning,New,Line_A,0,0,0,0,0,1,1,1,1,0,0,0,0,1,0,0,No Defect
1852,71.38,123.22,4.27,97.55,47.71,50.26,36.3,5.59,835.3,2.09,982.9,484.0,CNC,Plastic,Evening,Intermediate,Line_B,0,1,0,0,1,0,0,0,0,0,0,0,0,0,1,0,No Defect
1853,69.53,,3.37,99.25,45.3,42.79,67.37,10.98,610.5,2.99,2246.6,402.0,Press,Plastic,Morning,New,Line_B,1,0,0,0,0,1,0,0,0,1,0,0,0,1,0,0,No Defect
1854,77.5,110.57,2.4,79.66,62.45,45.56,40.77,0.64,756.6,3.85,1349.5,381.0,Press,Aluminum,Night,New,Line_C,0,0,1,0,0,0,0,1,0,0,0,0,1,1,0,0,No Defect
1855,76.58,119.62,1.71,76.09,,48.42,53.47,5.67,,3.67,789.1,352.0,CNC,Steel,Night,Experienced,Line_A,0,0,1,0,0,0,0,0,0,0,0,0,1,0,0,0,No Defect
1856,74.75,130.37,1.98,116.33,54.49,39.07,47.46,5.53,902.8,2.53,988.9,474.0,Press,Aluminum,Morning,Intermediate,Line_D,0,1,0,1,0,0,1,0,0,0,1,0,0,0,1,0,No Defect
1857,65.43,115.79,2.44,89.83,66.96,55.04,50.1,4.69,740.5,3.22,1160.0,570.0,CNC,Steel,Night,Experienced,Line_A,0,0,0,0,0,0,0,0,0,0,1,0,1,0,0,0,No Defect
1858,77.91,104.2,4.07,98.68,55.13,64.9,62.4,11.34,687.0,2.96,2196.0,437.0,CNC,Aluminum,Evening,Experienced,Line_A,1,0,1,0,1,1,0,0,0,1,0,1,0,0,0,1,Surface Defect
1859,68.64,117.35,2.37,83.57,66.83,48.1,50.34,2.93,,3.35,1127.8,520.0,CNC,Aluminum,Night,Intermediate,Line_C,0,0,0,0,0,0,0,0,0,0,1,0,1,0,0,0,No Defect
1860,72.37,136.01,3.23,127.76,59.07,59.04,50.46,2.49,729.6,4.33,1899.4,454.0,Milling,Composite,Morning,Expert,Line_C,0,0,0,1,0,0,1,1,0,1,0,0,0,0,0,1,Dimensional Defect
1861,72.41,129.5,3.34,109.61,57.81,48.89,43.59,3.98,870.6,2.37,1262.9,461.0,CNC,Alloy,Morning,Experienced,Line_D,0,1,0,1,0,0,1,0,0,0,0,0,0,0,0,0,No Defect
1862,,122.23,3.87,112.85,45.0,50.35,40.23,7.84,724.1,2.82,987.4,445.0,Lathe,Plastic,Night,New,Line_C,1,0,0,0,1,0,1,0,0,0,0,0,1,1,0,1,Surface Defect
1863,76.11,130.13,2.95,113.31,64.38,48.05,73.8,5.48,584.9,3.93,1920.8,489.0,Injection_Molding,Aluminum,Evening,New,Line_C,0,0,1,1,0,1,1,1,0,0,0,0,0,1,0,1,Dimensional Defect
1864,80.61,129.04,3.79,109.51,56.39,60.86,43.45,3.16,821.8,2.37,1175.4,530.0,CNC,Aluminum,Morning,Experienced,Line_B,0,1,1,1,1,0,1,0,0,0,1,0,0,0,1,0,No Defect
1865,71.98,112.25,3.15,87.22,65.57,42.72,47.67,3.8,754.2,3.32,623.7,469.0,Milling,Steel,Night,Expert,Line_C,0,0,0,0,0,0,0,0,0,0,0,0,1,0,0,0,No Defect
1866,72.92,115.94,2.36,88.61,67.94,48.96,39.71,4.99,753.5,3.81,1074.2,468.0,Milling,Alloy,Evening,Expert,Line_D,0,0,0,0,0,0,0,1,0,0,0,0,0,0,0,0,No Defect
1867,74.77,105.28,5.51,99.46,64.05,45.92,44.79,12.6,781.6,3.18,2172.2,334.0,Injection_Molding,Aluminum,Morning,Expert,Line_B,1,0,0,0,1,0,0,0,0,1,0,0,0,0,0,0,No Defect
1868,78.71,110.72,3.02,89.1,66.34,51.97,47.15,2.39,808.5,3.28,1290.5,434.0,CNC,Steel,Night,Intermediate,Line_B,0,0,1,0,0,0,0,0,0,0,0,0,1,0,0,0,No Defect
1869,74.39,135.82,2.6,87.2,75.53,38.53,53.05,2.87,764.9,4.16,1169.3,444.0,Press,Steel,Evening,Intermediate,Line_A,0,0,0,1,0,0,0,1,1,0,0,0,0,0,0,1,Structural Defect
1870,71.64,115.93,3.43,86.47,45.0,40.94,31.4,3.87,807.0,3.91,784.6,471.0,CNC,Aluminum,Evening,Intermediate,Line_A,0,0,0,0,0,0,0,1,0,0,0,0,0,0,1,0,No Defect
1871,71.81,113.28,3.7,103.75,67.38,63.64,53.49,3.07,806.7,3.92,506.3,456.0,CNC,Steel,Morning,Experienced,Line_B,0,0,0,0,1,0,0,1,0,0,0,1,0,0,0,0,No Defect
1872,77.92,122.47,3.13,107.49,72.26,52.96,48.8,5.71,773.7,3.57,1795.7,444.0,CNC,Composite,Morning,New,Line_A,0,0,1,0,0,0,1,0,1,0,0,0,0,1,0,0,No Defect
1873,71.16,130.87,2.34,78.39,60.05,58.4,44.1,6.87,700.6,2.88,349.5,247.0,Milling,Alloy,Morning,Intermediate,Line_B,0,0,0,1,0,0,0,0,0,0,0,0,0,0,0,0,No Defect
1874,72.48,113.15,,92.53,45.0,46.02,35.91,4.96,,4.12,1103.2,527.0,CNC,Plastic,Morning,Experienced,Line_A,0,0,0,0,0,0,0,1,0,0,1,0,0,0,0,0,No Defect
1875,73.7,117.42,3.09,79.54,52.15,53.54,51.13,0.5,740.5,2.9,898.2,423.0,Milling,Aluminum,Morning,New,Line_B,0,0,0,0,0,0,0,0,0,0,0,0,0,1,0,0,No Defect
1876,74.63,107.87,3.09,87.57,59.55,55.03,53.78,7.15,811.4,3.78,660.8,469.0,CNC,Steel,Morning,Expert,Line_B,0,0,0,0,0,0,0,1,0,0,0,0,0,0,0,0,No Defect
1877,77.12,120.63,3.12,95.41,53.01,46.12,52.55,6.32,826.5,2.93,950.8,486.0,CNC,Plastic,Evening,Expert,Line_C,0,1,1,0,0,0,0,0,0,0,0,0,0,0,1,0,No Defect
1878,74.72,132.5,2.55,122.11,70.27,51.28,58.11,4.95,681.7,4.2,1487.2,423.0,CNC,Aluminum,Morning,Experienced,Line_A,0,0,0,1,0,0,1,1,1,0,0,0,0,0,0,1,Assembly Defect
1879,80.0,108.33,4.08,115.06,45.0,60.47,50.1,8.87,742.3,2.43,1901.9,288.0,CNC,Plastic,Night,New,Line_C,0,0,1,0,1,0,1,0,0,1,0,0,1,1,0,1,Surface Defect
1880,72.66,120.13,2.67,109.2,79.53,44.09,67.8,6.4,681.4,4.63,1585.3,386.0,Injection_Molding,Steel,Morning,Expert,Line_A,0,0,0,0,0,1,1,1,1,0,0,0,0,0,0,0,No Defect
1881,76.48,130.43,2.64,89.41,69.33,51.21,56.11,5.89,554.7,3.84,1816.2,444.0,Lathe,Plastic,Evening,Intermediate,Line_D,0,0,0,1,0,0,0,1,0,0,0,0,0,0,0,0,No Defect
1882,73.0,114.81,1.94,91.52,62.47,44.16,51.98,5.06,680.3,3.64,511.8,390.0,Press,Steel,Morning,Experienced,Line_D,0,0,0,0,0,0,0,0,0,0,0,0,0,0,0,0,No Defect
1883,75.77,108.15,2.3,67.58,47.81,53.25,50.23,1.84,716.6,2.98,1056.5,383.0,CNC,Plastic,Evening,Intermediate,Line_C,0,0,1,0,0,0,0,0,0,0,0,0,0,0,0,0,No Defect
1884,73.98,120.34,5.59,109.7,63.3,60.27,66.06,15.3,702.8,3.38,2277.3,355.0,Press,Steel,Morning,Experienced,Line_A,1,0,0,0,1,1,1,0,0,1,0,0,0,0,0,1,Surface Defect
1885,70.95,113.5,3.14,,81.5,54.5,59.85,9.61,672.9,4.15,2240.5,511.0,CNC,Steel,Evening,Expert,Line_B,1,0,0,0,0,0,1,1,1,1,1,0,0,0,0,0,No Defect
1886,77.48,114.94,2.67,100.43,57.78,42.41,50.87,5.21,770.9,2.44,1181.4,295.0,CNC,Alloy,Morning,Experienced,Line_C,0,0,1,0,0,0,0,0,0,0,0,0,0,0,0,0,No Defect
1887,81.29,123.88,1.06,80.0,62.59,53.05,53.85,2.13,647.1,3.21,808.3,405.0,CNC,Alloy,Evening,Expert,Line_C,0,0,1,0,0,0,0,0,0,0,0,0,0,0,0,0,No Defect
1888,69.08,126.6,3.25,130.0,76.08,44.01,56.24,6.19,732.3,4.55,1782.2,426.0,CNC,Alloy,Evening,Experienced,Line_D,0,0,0,1,0,0,1,1,1,0,0,0,0,0,0,0,No Defect
1889,77.98,115.21,3.92,118.31,58.08,48.52,36.33,2.98,790.5,2.64,,470.0,Lathe,Alloy,Morning,Intermediate,Line_D,0,0,1,0,1,0,1,0,0,0,0,0,0,0,1,0,No Defect
1890,75.67,117.27,1.65,70.19,53.99,54.61,30.45,2.77,845.3,3.26,1247.8,452.0,Press,Aluminum,Evening,Expert,Line_D,0,1,1,0,0,0,0,0,0,0,0,0,0,0,0,0,No Defect
1891,71.03,124.96,5.18,95.55,64.18,56.69,69.8,11.79,694.0,3.74,1788.7,365.0,Injection_Molding,Aluminum,Morning,Expert,Line_A,1,0,0,0,1,1,0,1,0,0,0,0,0,0,0,0,No Defect
1892,80.66,124.26,3.01,128.52,81.19,54.21,56.97,5.55,700.8,4.39,1669.8,437.0,Press,Steel,Morning,Expert,Line_A,0,0,1,0,0,0,1,1,1,0,0,0,0,0,0,0,No Defect
1893,72.0,115.19,2.75,111.47,53.94,45.61,32.19,,828.7,3.25,1287.3,575.0,Injection_Molding,Alloy,Evening,Intermediate,Line_A,0,1,0,0,0,0,1,0,0,0,1,0,0,0,1,1,Assembly Defect
1894,71.96,122.27,2.25,92.66,50.5,50.69,41.92,5.11,840.3,3.58,739.8,460.0,Press,Composite,Evening,Expert,Line_C,0,1,0,0,0,0,0,0,0,0,0,0,0,0,1,0,No Defect
1895,81.9,101.68,3.64,94.46,60.8,49.81,70.88,8.22,636.5,2.8,1989.8,276.0,Injection_Molding,Composite,Evening,Experienced,Line_A,0,0,1,0,0,1,0,0,0,0,0,0,0,0,0,0,No Defect
1896,71.02,135.25,3.27,130.0,85.0,51.73,78.47,4.73,571.9,3.71,1753.3,532.0,CNC,Composite,Evening,Experienced,Line_A,0,0,0,1,0,1,1,1,1,0,1,0,0,0,0,0,No Defect
1897,77.5,122.96,3.62,114.25,57.25,58.41,45.2,4.62,750.4,2.64,1407.3,475.0,CNC,Aluminum,Morning,Experienced,Line_B,0,0,1,0,0,0,1,0,0,0,0,0,0,0,0,1,Surface Defect
1898,76.66,117.58,3.01,115.25,56.56,57.58,47.33,5.66,728.3,2.4,1192.0,445.0,Milling,Alloy,Night,Experienced,Line_B,0,0,0,0,0,0,1,0,0,0,0,0,1,0,0,0,No Defect
1899,73.04,128.31,3.41,122.63,56.25,63.92,35.19,5.63,860.6,,1509.5,441.0,Milling,Alloy,Morning,New,Line_B,0,1,0,1,0,0,1,0,0,0,0,1,0,1,0,0,No Defect
1900,78.65,109.54,2.1,78.32,68.53,52.68,54.71,4.14,715.1,3.38,997.8,256.0,Milling,Steel,Night,Expert,Line_B,0,0,1,0,0,0,0,0,0,0,0,0,1,0,0,0,No Defect
1901,74.55,114.1,1.52,73.05,52.92,45.99,47.11,1.91,672.8,3.41,1267.4,409.0,Injection_Molding,Composite,Evening,Expert,Line_D,0,0,0,0,0,0,0,0,0,0,0,0,0,0,0,0,No Defect
1902,69.1,109.67,2.15,92.67,67.53,42.82,46.44,0.5,791.9,2.72,1102.3,458.0,Milling,Steel,Morning,Intermediate,Line_A,0,0,0,0,0,0,0,0,1,0,0,0,0,0,0,1,Structural Defect
1903,76.53,116.1,1.71,102.8,70.41,48.98,53.59,0.5,758.5,2.98,1093.5,450.0,Injection_Molding,Alloy,Morning,Experienced,Line_C,0,0,0,0,0,0,0,0,1,0,0,0,0,0,0,0,No Defect
1904,80.39,110.23,4.37,98.69,75.8,58.86,52.1,12.49,720.6,2.77,2212.0,311.0,Lathe,Alloy,Morning,Experienced,Line_B,1,0,1,0,1,0,0,0,1,1,0,0,0,0,0,1,Material Defect
1905,71.65,125.93,1.87,97.37,51.2,43.19,45.66,2.53,698.7,3.15,858.2,409.0,CNC,Aluminum,Evening,Experienced,Line_B,0,0,0,1,0,0,0,0,0,0,0,0,0,0,0,0,No Defect
1906,76.77,116.79,3.88,110.1,63.68,53.8,74.75,9.78,711.5,3.53,2259.6,406.0,Milling,Steel,Evening,Expert,Line_D,1,0,0,0,1,1,1,0,0,1,0,0,0,0,0,0,No Defect
1907,72.14,111.07,2.11,80.1,56.91,52.74,45.67,3.45,654.4,3.39,1253.4,403.0,CNC,Aluminum,Evening,Intermediate,Line_B,0,0,0,0,0,0,0,0,0,0,0,0,0,0,0,0,No Defect
1908,75.54,133.3,2.64,108.78,73.43,55.71,61.83,6.35,775.7,4.86,1545.3,529.0,Lathe,Steel,Night,Intermediate,Line_A,0,0,0,1,0,0,1,1,1,0,1,0,1,0,0,1,Dimensional Defect
1909,71.35,128.71,2.31,92.88,72.48,44.91,51.05,2.61,667.9,3.44,1060.2,264.0,Press,Steel,Night,Experienced,Line_C,0,0,0,1,0,0,0,0,1,0,0,0,1,0,0,0,No Defect
1910,69.99,123.8,2.29,120.47,68.47,,35.85,2.97,908.3,2.88,926.2,455.0,Milling,Steel,Morning,Expert,Line_C,0,1,0,0,0,0,1,0,0,0,0,0,0,0,0,0,No Defect
1911,76.65,118.39,1.68,92.36,73.87,52.57,42.95,7.11,680.4,3.4,1378.5,378.0,Injection_Molding,Steel,Evening,Experienced,Line_A,0,0,0,0,0,0,0,0,1,0,0,0,0,0,0,1,Material Defect
1912,75.29,124.9,4.52,104.75,45.0,50.86,60.37,10.74,707.1,3.35,2235.2,422.0,Press,Plastic,Evening,Expert,Line_A,1,0,0,0,1,0,0,0,0,1,0,0,0,0,0,1,Surface Defect
1913,74.81,116.33,1.78,130.0,78.93,50.79,32.09,2.8,877.1,2.23,1113.1,447.0,Milling,Steel,Morning,Expert,Line_B,0,1,0,0,0,0,1,0,1,0,0,0,0,0,0,0,No Defect
1914,75.04,135.61,2.67,111.21,67.77,46.94,65.96,8.64,694.0,4.11,1637.5,306.0,CNC,Aluminum,Morning,Intermediate,Line_A,1,0,0,1,0,1,1,1,0,0,0,0,0,0,0,1,Assembly Defect
1915,75.3,129.94,1.8,128.02,75.82,44.46,62.98,6.49,840.7,4.27,1416.0,424.0,Injection_Molding,Steel,Evening,Intermediate,Line_B,0,1,0,1,0,1,1,1,1,0,0,0,0,0,0,0,No Defect
1916,67.68,116.14,1.74,92.7,55.52,57.68,62.42,5.05,730.2,2.75,1096.8,469.0,Injection_Molding,Aluminum,Evening,Experienced,Line_B,0,0,0,0,0,1,0,0,0,0,0,0,0,0,0,1,Structural Defect
1917,,102.76,5.43,115.33,66.87,69.11,54.65,11.67,761.4,3.33,2066.2,292.0,CNC,Steel,Night,Intermediate,Line_B,1,0,0,0,1,0,1,0,0,1,0,1,1,0,0,1,Assembly Defect
1918,72.95,115.62,2.08,126.13,85.0,35.0,67.9,5.18,701.7,5.04,1567.2,358.0,Milling,Steel,Morning,Expert,Line_B,0,0,0,0,0,1,1,1,1,0,0,0,0,0,0,0,No Defect
1919,66.92,119.44,1.99,101.04,69.28,,42.5,3.93,815.4,3.22,951.0,330.0,CNC,Alloy,Morning,Intermediate,Line_C,0,0,0,0,0,0,0,0,1,0,0,0,0,0,0,0,No Defect
1920,78.04,107.74,4.47,86.21,47.8,62.9,67.67,9.84,655.9,3.72,2290.1,468.0,Injection_Molding,Alloy,Morning,New,Line_A,1,0,1,0,1,1,0,1,0,1,0,1,0,1,0,1,Structural Defect
1921,74.74,117.24,2.65,69.1,56.71,38.09,46.05,4.27,857.7,3.21,1299.6,573.0,CNC,Aluminum,Night,New,Line_A,0,1,0,0,0,0,0,0,0,0,1,0,1,1,1,0,No Defect
1922,80.57,124.28,2.43,90.01,54.13,60.73,64.77,2.47,701.9,3.44,1230.9,339.0,Press,Composite,Night,Experienced,Line_C,0,0,1,0,0,1,0,0,0,0,0,0,1,0,0,0,No Defect
1923,75.66,116.86,2.13,92.75,71.78,39.92,25.58,3.71,858.2,3.53,615.2,401.0,Press,Steel,Night,Experienced,Line_B,0,1,0,0,0,0,0,0,1,0,0,0,1,0,0,0,No Defect
1924,72.6,118.52,4.16,114.76,60.24,45.59,71.95,10.98,657.3,3.08,1838.5,341.0,Injection_Molding,Aluminum,Evening,Experienced,Line_D,1,0,0,0,1,1,1,0,0,0,0,0,0,0,0,0,No Defect
1925,76.5,114.93,4.93,105.5,67.66,66.04,79.36,11.86,664.3,3.7,2153.7,305.0,Press,Aluminum,Evening,New,Line_C,1,0,0,0,1,1,1,0,0,1,0,1,0,1,0,1,Surface Defect
1926,70.69,130.07,3.31,124.09,76.16,37.64,55.16,6.32,753.4,3.88,2051.1,561.0,Lathe,Alloy,Evening,Experienced,Line_A,0,0,0,1,0,0,1,1,1,1,1,0,0,0,0,0,No Defect
1927,71.6,122.19,3.24,120.37,77.53,50.37,45.01,3.5,719.4,4.17,2067.7,417.0,CNC,Alloy,Morning,Experienced,Line_B,0,0,0,0,0,0,1,1,1,1,0,0,0,0,0,0,No Defect
1928,74.91,115.46,4.31,101.14,65.86,61.53,58.08,10.22,759.6,3.26,2100.5,360.0,Injection_Molding,Steel,Evening,New,Line_A,1,0,0,0,1,0,1,0,0,1,0,0,0,1,0,1,Surface Defect
1929,67.18,114.45,3.34,105.74,69.27,63.33,48.91,13.29,785.0,3.46,2393.2,362.0,CNC,Steel,Morning,New,Line_A,1,0,0,0,0,0,1,1,0,1,0,1,0,1,0,0,No Defect
1930,74.68,102.01,4.22,114.96,75.8,59.97,65.88,15.17,602.5,3.96,1922.2,350.0,Milling,Steel,Night,Expert,Line_B,1,0,0,0,1,1,1,1,1,0,0,0,1,0,0,0,No Defect
1931,73.57,110.96,2.17,78.12,64.99,57.7,58.03,0.5,669.2,3.15,1100.2,,Lathe,Steel,Night,Expert,Line_D,0,0,0,0,0,0,0,0,0,0,0,0,1,0,0,0,No Defect
1932,79.89,123.24,3.6,124.28,70.86,58.36,28.26,6.15,882.8,3.0,1123.8,362.0,Injection_Molding,Composite,Morning,New,Line_D,0,1,1,0,0,0,1,0,1,0,0,0,0,1,0,1,Dimensional Defect
1933,77.47,115.15,2.86,115.89,,56.94,53.17,2.8,950.5,,840.1,573.0,Lathe,Steel,Morning,Experienced,Line_A,0,1,1,0,0,0,1,0,0,0,1,0,0,0,1,0,No Defect
1934,70.5,125.25,2.54,93.57,64.86,49.5,40.26,3.78,810.2,2.89,873.2,501.0,CNC,Aluminum,Evening,Intermediate,Line_D,0,1,0,1,0,0,0,0,0,0,1,0,0,0,1,1,Dimensional Defect
1935,74.78,118.77,,111.21,55.39,59.66,39.87,3.68,874.2,3.03,1223.6,565.0,Injection_Molding,Aluminum,Morning,Expert,Line_D,0,1,0,0,0,0,1,0,0,0,1,0,0,0,1,1,Structural Defect
1936,68.5,128.68,1.79,106.06,63.1,48.58,52.1,4.9,790.1,4.12,,424.0,Milling,Steel,Night,Expert,Line_C,0,0,0,1,0,0,1,1,0,0,0,0,1,0,0,0,No Defect
1937,70.67,121.08,2.71,75.62,55.27,41.19,50.26,3.74,674.0,3.19,1221.5,496.0,Injection_Molding,Composite,Night,New,Line_D,0,0,0,0,0,0,0,0,0,0,1,0,1,1,0,0,No Defect
1938,74.32,110.33,1.1,70.4,56.03,51.93,50.6,2.49,733.6,3.08,847.4,448.0,Lathe,Plastic,Evening,Expert,Line_B,0,0,0,0,0,0,0,0,0,0,0,0,0,0,0,0,No Defect
1939,76.47,114.7,1.23,84.26,61.85,40.23,56.21,4.0,621.1,2.46,652.8,280.0,CNC,Alloy,Evening,New,Line_A,0,0,0,0,0,0,0,0,0,0,0,0,0,1,0,0,No Defect
1940,74.44,126.89,4.43,130.0,59.67,51.89,56.24,3.25,563.9,4.99,2052.0,377.0,Injection_Molding,Plastic,Night,Experienced,Line_C,0,0,0,1,1,0,1,1,0,1,0,0,1,0,0,0,No Defect
1941,77.44,115.83,1.8,95.42,54.62,47.94,59.05,6.68,777.3,3.32,507.8,415.0,Injection_Molding,Aluminum,Evening,Intermediate,Line_C,0,0,1,0,0,0,0,0,0,0,0,0,0,0,0,0,No Defect
1942,68.62,107.53,2.56,68.9,58.48,55.75,42.17,3.13,712.6,3.36,972.9,336.0,Lathe,Alloy,Evening,Expert,Line_D,0,0,0,0,0,0,0,0,0,0,0,0,0,0,0,0,No Defect
1943,68.55,115.74,2.57,93.65,65.45,35.0,48.13,2.1,805.2,3.2,676.3,551.0,CNC,Aluminum,Morning,New,Line_C,0,0,0,0,0,0,0,0,0,0,1,0,0,1,1,0,No Defect
1944,73.74,110.21,2.09,95.32,,,51.35,0.5,838.6,3.15,909.9,,Press,Steel,Morning,Intermediate,Line_D,0,1,0,0,0,0,0,0,0,0,0,0,0,0,0,0,No Defect
1945,78.09,140.0,2.37,128.25,74.31,49.52,66.92,3.3,732.7,3.06,1879.7,375.0,Press,Composite,Morning,Expert,Line_D,0,0,1,1,0,1,1,0,1,0,0,0,0,0,0,1,Dimensional Defect
1946,71.17,119.66,2.47,109.68,55.49,64.3,46.33,2.35,801.4,2.59,951.0,479.0,CNC,Aluminum,Morning,Intermediate,Line_B,0,0,0,0,0,0,1,0,0,0,1,1,0,0,1,1,Material Defect
1947,66.43,121.38,1.89,102.34,58.24,49.94,41.29,5.58,767.0,2.66,956.5,286.0,Press,Alloy,Morning,Experienced,Line_B,0,0,0,0,0,0,0,0,0,0,0,0,0,0,0,0,No Defect
1948,74.89,133.46,2.04,105.27,79.21,49.65,58.19,5.07,653.3,4.24,1889.1,541.0,Milling,Plastic,Night,Experienced,Line_B,0,0,0,1,0,0,1,1,1,0,1,0,1,0,0,1,Structural Defect
1949,70.11,112.09,2.82,90.56,63.92,53.24,52.4,2.4,711.9,3.57,548.7,352.0,Injection_Molding,Steel,Morning,Experienced,Line_C,0,0,0,0,0,0,0,1,0,0,0,0,0,0,0,0,No Defect
1950,73.41,110.36,3.4,72.06,64.14,47.39,48.55,4.82,771.0,3.57,1007.6,331.0,Milling,Plastic,Morning,Expert,Line_B,0,0,0,0,0,0,0,0,0,0,0,0,0,0,0,0,No Defect
1951,70.25,119.47,,76.46,59.26,50.46,46.39,6.63,788.7,3.14,498.4,347.0,Milling,Plastic,Morning,Expert,Line_A,0,0,0,0,0,0,0,0,0,0,0,0,0,0,0,0,No Defect
1952,74.45,118.89,1.96,95.75,65.74,50.63,52.31,2.28,663.6,3.61,753.2,296.0,Milling,Alloy,Night,Expert,Line_B,0,0,0,0,0,0,0,0,0,0,0,0,1,0,0,0,No Defect
1953,79.97,120.71,2.68,83.67,59.3,46.97,55.82,3.25,714.3,3.87,1015.1,403.0,Press,Steel,Evening,Experienced,Line_A,0,0,1,0,0,0,0,1,0,0,0,0,0,0,0,0,No Defect
1954,67.63,110.15,1.93,66.06,54.67,35.0,50.47,,,2.68,849.9,292.0,CNC,Composite,Evening,Experienced,Line_B,0,0,0,0,0,0,0,0,0,0,0,0,0,0,0,0,No Defect
1955,69.86,,2.44,84.82,,41.07,52.57,3.93,712.1,3.05,1398.8,336.0,Press,Alloy,Night,Intermediate,Line_C,0,0,0,0,0,0,0,0,0,0,0,0,1,0,0,0,No Defect
1956,71.65,112.63,3.99,81.2,58.81,65.48,56.67,11.93,,2.49,2476.0,433.0,CNC,Alloy,Morning,Experienced,Line_B,1,0,0,0,1,0,0,0,0,1,0,1,0,0,0,0,No Defect
1957,76.72,112.74,2.86,91.4,66.71,43.47,52.39,8.28,796.5,3.87,875.5,338.0,Press,Steel,Night,Expert,Line_B,0,0,0,0,0,0,0,1,0,0,0,0,1,0,0,0,No Defect
1958,81.67,108.68,3.85,116.76,68.07,49.4,38.68,2.77,856.9,2.74,1096.9,403.0,Press,Alloy,Evening,Expert,Line_C,0,1,1,0,1,0,1,0,1,0,0,0,0,0,0,0,No Defect
1959,76.15,129.22,2.73,114.95,66.37,41.19,39.85,3.38,815.3,2.64,1393.1,592.0,Milling,Steel,Morning,Experienced,Line_A,0,0,1,1,0,0,1,0,0,0,1,0,0,0,1,0,No Defect
1960,72.14,118.02,2.38,87.1,45.0,50.22,37.13,3.19,728.3,2.59,914.0,318.0,Injection_Molding,Plastic,Night,Intermediate,Line_A,0,0,0,0,0,0,0,0,0,0,0,0,1,0,0,0,No Defect
1961,70.12,129.01,3.52,106.75,78.31,51.04,63.71,6.88,709.6,4.55,1867.2,448.0,Lathe,Plastic,Night,Expert,Line_C,0,0,0,1,0,1,1,1,1,0,0,0,1,0,0,0,No Defect
1962,70.04,117.93,1.86,90.63,61.36,40.26,49.2,3.35,813.3,2.46,,373.0,Milling,Alloy,Evening,Experienced,Line_B,0,0,0,0,0,0,0,0,0,0,0,0,0,0,0,0,No Defect
1963,77.42,129.45,2.37,130.0,66.35,51.4,37.23,3.78,840.3,3.3,298.6,441.0,Press,Aluminum,Evening,Intermediate,Line_A,0,1,1,1,0,0,1,0,0,0,0,0,0,0,0,0,No Defect
1964,77.8,129.04,3.26,120.59,,57.48,46.58,3.32,841.6,2.75,1186.6,468.0,Milling,Steel,Morning,New,Line_A,0,1,1,1,0,0,1,0,0,0,0,0,0,1,0,0,No Defect
1965,72.01,119.96,1.56,126.49,59.42,47.85,42.06,0.5,799.8,3.62,1201.3,447.0,CNC,Steel,Evening,Expert,Line_B,0,0,0,0,0,0,1,0,0,0,0,0,0,0,0,0,No Defect
1966,74.57,125.74,2.72,104.27,50.51,59.46,44.18,6.04,820.7,2.65,1944.3,405.0,Lathe,Alloy,Morning,Experienced,Line_B,0,1,0,1,0,0,0,0,0,1,0,0,0,0,0,0,No Defect
1967,76.9,113.73,2.27,109.92,66.12,54.81,44.86,5.12,803.8,2.66,901.1,429.0,Milling,Steel,Morning,Intermediate,Line_C,0,0,1,0,0,0,1,0,0,0,0,0,0,0,0,0,No Defect
1968,74.0,109.26,3.14,114.8,52.57,52.33,34.82,4.45,865.4,2.96,1413.5,381.0,CNC,Alloy,Night,New,Line_C,0,1,0,0,0,0,1,0,0,0,0,0,1,1,0,0,No Defect
1969,76.14,115.39,4.25,105.56,57.21,52.86,64.74,13.43,638.1,3.51,2056.0,367.0,Injection_Molding,Alloy,Night,Experienced,Line_A,1,0,0,0,1,1,1,0,0,1,0,0,1,0,0,0,No Defect
1970,74.03,93.49,4.77,76.7,66.84,54.08,67.44,8.67,675.8,3.03,2194.9,210.0,Injection_Molding,Steel,Evening,Experienced,Line_C,0,0,0,0,1,1,0,0,0,1,0,0,0,0,0,1,Dimensional Defect
1971,74.36,100.5,5.08,108.21,60.4,63.79,67.1,11.39,762.4,3.19,1860.9,327.0,Milling,Plastic,Morning,Intermediate,Line_A,1,0,0,0,1,1,1,0,0,0,0,1,0,0,0,0,No Defect
1972,76.71,122.86,2.22,88.55,69.51,44.26,41.52,3.31,,3.81,888.6,397.0,Lathe,Steel,Morning,Experienced,Line_C,0,0,0,0,0,0,0,1,0,0,0,0,0,0,0,0,No Defect
1973,,124.63,4.55,99.5,59.29,50.97,66.93,10.68,691.5,3.55,2170.6,405.0,Injection_Molding,Composite,Morning,Experienced,Line_C,1,0,0,0,1,1,0,0,0,1,0,0,0,0,0,1,Surface Defect
1974,84.09,118.67,2.4,101.6,54.94,54.08,38.43,4.48,760.3,2.87,702.1,435.0,CNC,Composite,Evening,Expert,Line_A,0,0,1,0,0,0,0,0,0,0,0,0,0,0,0,0,No Defect
1975,79.09,109.21,2.89,115.99,54.33,56.6,44.8,6.02,712.9,3.29,1072.6,423.0,Press,Plastic,Evening,Intermediate,Line_C,0,0,1,0,0,0,1,0,0,0,0,0,0,0,0,0,No Defect
1976,72.32,132.89,2.42,100.58,71.88,55.79,53.95,2.58,770.2,2.85,1164.4,439.0,Press,Steel,Morning,Expert,Line_A,0,0,0,1,0,0,0,0,1,0,0,0,0,0,0,0,No Defect
1977,79.03,137.32,3.23,122.82,55.28,46.26,42.22,4.02,808.1,2.59,1234.0,459.0,Injection_Molding,Aluminum,Morning,Expert,Line_D,0,0,1,1,0,0,1,0,0,0,0,0,0,0,1,1,Dimensional Defect
1978,80.55,117.75,2.58,124.36,61.57,59.97,45.78,3.94,842.1,2.64,1725.8,565.0,CNC,Steel,Morning,Expert,Line_A,0,1,1,0,0,0,1,0,0,0,1,0,0,0,1,0,No Defect
1979,76.87,111.23,3.83,78.63,74.73,62.19,67.15,10.2,761.0,2.67,1834.8,373.0,Milling,Alloy,Morning,New,Line_A,1,0,1,0,1,1,0,0,1,0,0,0,0,1,0,1,Structural Defect
1980,71.68,121.27,3.69,93.78,46.99,61.31,53.41,9.58,727.1,2.56,1976.8,296.0,Injection_Molding,Aluminum,Morning,Experienced,Line_C,1,0,0,0,0,0,0,0,0,0,0,1,0,0,0,0,No Defect
1981,75.06,120.73,3.16,87.8,63.91,52.52,53.78,11.62,716.0,2.59,2703.1,384.0,CNC,Plastic,Morning,Experienced,Line_C,1,0,0,0,0,0,0,0,0,1,0,0,0,0,0,0,No Defect
1982,73.02,106.89,4.84,99.98,,57.82,65.35,8.82,637.6,3.37,1889.3,271.0,Milling,Composite,Night,Intermediate,Line_A,0,0,0,0,1,1,0,0,0,0,0,0,1,0,0,0,No Defect
1983,72.03,120.14,2.29,91.11,57.53,57.68,54.6,4.04,698.3,2.73,1350.0,351.0,Injection_Molding,Alloy,Night,Experienced,Line_B,0,0,0,0,0,0,0,0,0,0,0,0,1,0,0,0,No Defect
1984,77.33,127.24,2.49,112.15,65.7,43.02,56.87,2.86,752.3,3.65,1843.3,464.0,Milling,Alloy,Evening,Intermediate,Line_B,0,0,1,1,0,0,1,0,0,0,0,0,0,0,0,1,Dimensional Defect
1985,73.35,134.5,2.72,105.23,62.17,,44.03,5.58,785.1,2.43,1085.4,453.0,Injection_Molding,Alloy,Evening,Experienced,Line_D,0,0,0,1,0,0,1,0,0,0,0,0,0,0,0,0,No Defect
1986,73.9,109.49,2.51,84.42,52.97,41.74,46.04,2.39,721.3,3.01,450.9,459.0,Injection_Molding,Plastic,Evening,Intermediate,Line_C,0,0,0,0,0,0,0,0,0,0,0,0,0,0,0,0,No Defect
1987,71.24,123.86,2.07,96.63,76.52,39.44,56.33,7.88,760.7,4.41,1463.0,348.0,Lathe,Composite,Night,Experienced,Line_D,0,0,0,0,0,0,0,1,1,0,0,0,1,0,0,0,No Defect
1988,75.04,111.05,4.73,106.09,60.38,70.0,47.77,8.98,681.5,3.28,2837.8,505.0,Press,Aluminum,Evening,Intermediate,Line_B,0,0,0,0,1,0,1,0,0,1,1,1,0,0,0,0,No Defect
1989,74.94,117.21,3.78,89.33,65.88,46.3,31.43,3.33,769.3,,1091.8,513.0,Milling,Steel,Morning,Intermediate,Line_C,0,0,0,0,1,0,0,0,0,0,1,0,0,0,0,0,No Defect
1990,82.58,128.42,3.35,130.0,64.95,45.78,40.76,4.35,895.9,2.9,1093.2,457.0,Injection_Molding,Composite,Morning,Experienced,Line_C,0,1,1,1,0,0,1,0,0,0,0,0,0,0,0,1,Structural Defect
1991,69.76,119.04,2.31,96.91,62.52,48.56,66.63,2.95,740.6,3.49,677.3,491.0,CNC,Composite,Morning,Expert,Line_B,0,0,0,0,0,1,0,0,0,0,1,0,0,0,0,0,No Defect
1992,70.45,125.61,4.13,110.67,85.0,48.36,64.72,3.45,681.6,4.5,1581.4,462.0,Milling,Steel,Morning,Intermediate,Line_A,0,0,0,1,1,1,1,1,1,0,0,0,0,0,0,0,No Defect
1993,74.94,127.27,3.56,128.1,85.0,51.43,53.48,5.24,715.2,3.67,2090.3,457.0,Press,Steel,Morning,Expert,Line_A,0,0,0,1,0,0,1,0,1,1,0,0,0,0,0,1,Material Defect
1994,70.99,120.52,2.83,,72.56,54.2,60.5,4.59,743.1,3.68,845.9,477.0,CNC,Alloy,Night,Intermediate,Line_A,0,0,0,0,0,1,0,1,1,0,0,0,1,0,0,0,No Defect
1995,76.81,103.08,4.07,83.46,69.15,46.37,55.78,11.75,700.6,3.4,1887.1,336.0,Lathe,Composite,Evening,Experienced,Line_C,1,0,0,0,1,0,0,0,0,0,0,0,0,0,0,0,No Defect
1996,75.83,115.74,1.77,60.41,55.39,46.53,41.71,4.12,721.6,3.12,768.3,300.0,Injection_Molding,Composite,Night,New,Line_C,0,0,0,0,0,0,0,0,0,0,0,0,1,1,0,0,No Defect
1997,71.84,140.0,3.45,130.0,74.08,46.35,79.27,6.33,678.4,4.8,1470.6,546.0,Milling,Steel,Night,Expert,Line_C,0,0,0,1,0,1,1,1,1,0,1,0,1,0,0,1,Assembly Defect
1998,75.48,137.69,2.19,130.0,72.82,,71.1,5.52,727.0,4.33,2091.4,521.0,Press,Alloy,Night,Intermediate,Line_A,0,0,0,1,0,1,1,1,1,1,1,0,1,0,0,1,Assembly Defect
1999,70.17,117.59,3.6,71.11,51.65,49.68,46.45,4.59,791.4,3.58,512.1,411.0,CNC,Plastic,Morning,Experienced,Line_D,0,1,0,0,0,0,0,0,0,0,0,0,0,0,0,0,No Defect
2000,75.81,100.73,3.22,119.03,59.18,47.52,54.05,14.78,782.8,,2341.3,459.0,Press,Alloy,Morning,Intermediate,Line_A,1,0,1,0,0,0,1,0,0,1,0,0,0,0,0,0,No Defect
2001,71.56,138.95,3.76,109.78,78.19,37.31,46.37,7.64,759.1,4.04,1984.4,,Milling,Steel,Morning,Expert,Line_A,0,0,0,1,1,0,1,1,1,0,0,0,0,0,0,1,Dimensional Defect
2002,71.97,117.86,3.73,89.84,56.66,67.43,51.12,10.89,704.2,,2437.5,322.0,CNC,Alloy,Morning,Expert,Line_C,1,0,0,0,1,0,0,0,0,1,0,1,0,0,0,0,No Defect
2003,71.46,107.88,3.76,113.22,57.18,67.35,54.02,11.47,684.2,2.88,2480.3,358.0,Injection_Molding,Steel,Night,Intermediate,Line_D,1,0,0,0,1,0,1,0,0,1,0,1,1,0,0,1,Dimensional Defect
2004,74.0,124.93,,130.0,58.29,45.26,36.35,3.7,851.1,2.64,1477.1,,CNC,Composite,Morning,New,Line_A,0,1,0,0,0,0,1,0,0,0,0,0,0,1,0,0,No Defect
2005,69.0,104.49,2.75,85.71,49.22,50.57,39.27,0.5,774.5,3.29,491.6,385.0,Injection_Molding,Plastic,Morning,Expert,Line_D,0,0,0,0,0,0,0,0,0,0,0,0,0,0,0,0,No Defect
2006,74.31,129.27,,98.76,,61.42,38.92,4.76,778.8,2.42,1374.2,305.0,Injection_Molding,Aluminum,Evening,Experienced,Line_C,0,0,0,1,0,0,0,0,0,0,0,1,0,0,0,0,No Defect
2007,69.03,125.47,3.23,94.42,57.56,50.69,63.94,7.85,666.9,4.25,1575.2,515.0,Injection_Molding,Plastic,Evening,Expert,Line_A,0,0,0,1,0,1,0,1,0,0,1,0,0,0,0,0,No Defect
2008,80.98,130.95,2.17,130.0,85.0,45.6,72.96,7.33,710.6,4.14,1748.1,474.0,Press,Steel,Evening,Experienced,Line_D,0,0,1,1,0,1,1,1,1,0,0,0,0,0,0,1,Structural Defect
2009,69.23,124.57,3.77,110.15,56.12,42.59,47.69,3.75,824.0,2.5,1352.0,432.0,CNC,Composite,Evening,Expert,Line_B,0,1,0,0,1,0,1,0,0,0,0,0,0,0,0,0,No Defect
2010,72.45,104.16,2.32,81.07,63.93,46.52,43.79,8.38,701.3,2.72,750.7,387.0,Lathe,Composite,Morning,Experienced,Line_A,0,0,0,0,0,0,0,0,0,0,0,0,0,0,0,0,No Defect
2011,67.53,115.74,2.07,91.93,66.41,45.41,40.59,3.84,811.5,3.11,690.9,389.0,Lathe,Alloy,Night,Intermediate,Line_A,0,0,0,0,0,0,0,0,0,0,0,0,1,0,0,0,No Defect
2012,66.78,113.88,2.78,83.31,67.47,42.29,53.52,1.5,694.8,2.87,,392.0,CNC,Aluminum,Night,Experienced,Line_A,0,0,0,0,0,0,0,0,0,0,0,0,1,0,0,0,No Defect
2013,,107.11,2.29,85.34,57.53,54.15,48.72,4.71,735.6,3.44,868.6,379.0,Lathe,Composite,Evening,Intermediate,Line_A,0,0,0,0,0,0,0,0,0,0,0,0,0,0,0,0,No Defect
2014,76.87,118.06,2.58,117.47,61.6,64.57,40.72,3.88,892.4,2.53,938.4,470.0,CNC,Steel,Morning,Expert,Line_B,0,1,0,0,0,0,1,0,0,0,0,1,0,0,1,0,No Defect
2015,69.44,115.71,2.88,104.88,66.94,48.34,38.36,4.0,780.5,3.22,260.9,475.0,Press,Alloy,Evening,New,Line_D,0,0,0,0,0,0,0,0,0,0,0,0,0,1,1,0,No Defect
2016,71.47,122.84,3.22,73.5,55.42,39.73,42.58,2.54,670.8,3.29,542.4,374.0,Lathe,Alloy,Morning,Experienced,Line_C,0,0,0,0,0,0,0,0,0,0,0,0,0,0,0,0,No Defect
2017,71.92,111.59,4.1,108.67,57.16,66.63,56.3,11.65,675.6,2.43,2367.7,399.0,CNC,Aluminum,Evening,Intermediate,Line_C,1,0,0,0,1,0,1,0,0,1,0,1,0,0,0,1,Assembly Defect
2018,79.37,108.3,4.58,71.76,60.32,62.37,69.3,14.78,696.7,3.68,1700.8,375.0,CNC,Plastic,Night,Experienced,Line_D,1,0,1,0,1,1,0,0,0,0,0,1,1,0,0,1,Material Defect
2019,77.46,113.82,2.86,95.6,61.09,40.0,49.46,2.61,802.8,3.08,1197.2,415.0,Injection_Molding,Composite,Night,Experienced,Line_A,0,0,1,0,0,0,0,0,0,0,0,0,1,0,0,0,No Defect
2020,71.53,116.9,2.75,119.79,78.75,50.18,52.51,,743.2,4.72,,492.0,Lathe,Aluminum,Evening,Experienced,Line_A,0,0,0,0,0,0,1,1,1,0,0,0,0,0,0,0,No Defect
2021,74.2,116.57,2.33,76.45,59.76,38.95,41.28,0.88,757.5,2.61,772.6,334.0,Milling,Steel,Morning,Experienced,Line_A,0,0,0,0,0,0,0,0,0,0,0,0,0,0,0,0,No Defect
2022,68.92,106.82,4.15,108.24,76.13,70.0,79.07,10.38,652.5,3.59,2254.2,349.0,Milling,Aluminum,Morning,Experienced,Line_B,1,0,0,0,1,1,1,0,1,1,0,1,0,0,0,1,Surface Defect
2023,76.89,112.87,2.74,99.23,58.97,62.34,44.42,4.14,702.1,2.44,1049.8,534.0,Injection_Molding,Aluminum,Evening,Intermediate,Line_B,0,0,1,0,0,0,0,0,0,0,1,1,0,0,0,0,No Defect
2024,76.05,118.95,2.51,122.03,74.49,51.54,60.08,4.29,733.2,4.19,1785.2,500.0,Lathe,Composite,Night,Intermediate,Line_A,0,0,0,0,0,0,1,1,1,0,1,0,1,0,0,0,No Defect
2025,75.63,116.49,2.27,111.87,47.59,55.56,30.92,4.12,899.2,2.41,1591.4,421.0,Milling,Aluminum,Evening,Intermediate,Line_D,0,1,0,0,0,0,1,0,0,0,0,0,0,0,0,1,Surface Defect
2026,71.09,108.48,1.51,67.91,52.41,46.26,50.04,4.29,751.1,2.58,806.0,416.0,Milling,Plastic,Evening,Intermediate,Line_A,0,0,0,0,0,0,0,0,0,0,0,0,0,0,0,0,No Defect
2027,73.06,124.62,3.12,116.77,53.42,56.19,41.51,4.35,847.6,2.65,1477.0,549.0,Press,Alloy,Night,Intermediate,Line_B,0,1,0,1,0,0,1,0,0,0,1,0,1,0,1,0,No Defect
2028,76.42,116.16,1.98,78.37,62.13,48.4,33.99,4.12,797.4,3.62,379.0,366.0,Press,Composite,Night,Experienced,Line_A,0,1,0,0,0,0,0,0,0,0,0,0,1,0,0,0,No Defect
2029,70.3,132.37,2.32,116.38,78.37,42.69,62.02,4.06,729.7,4.43,1234.5,421.0,Milling,Alloy,Morning,Experienced,Line_D,0,0,0,1,0,1,1,1,1,0,0,0,0,0,0,0,No Defect
2030,70.01,122.68,2.48,92.8,64.34,45.75,43.43,3.76,853.0,3.63,886.9,407.0,Lathe,Steel,Evening,Experienced,Line_C,0,1,0,0,0,0,0,0,0,0,0,0,0,0,0,1,Assembly Defect
2031,77.51,114.7,2.12,83.4,,49.79,63.14,0.5,748.3,2.99,1091.8,384.0,Press,Alloy,Morning,Intermediate,Line_D,0,0,1,0,0,1,0,0,0,0,0,0,0,0,0,1,Dimensional Defect
2032,72.42,119.66,2.15,88.61,46.74,44.84,46.29,6.35,719.9,2.59,878.7,228.0,Press,Steel,Night,Experienced,Line_A,0,0,0,0,0,0,0,0,0,0,0,0,1,0,0,0,No Defect
2033,71.12,118.08,3.64,94.16,53.32,45.46,67.55,9.21,716.1,2.77,2181.6,345.0,CNC,Plastic,Evening,Expert,Line_C,1,0,0,0,0,1,0,0,0,1,0,0,0,0,0,0,No Defect
2034,76.98,115.7,2.39,77.1,66.68,42.68,54.12,2.51,674.7,3.66,1197.6,471.0,Press,Steel,Night,Intermediate,Line_C,0,0,1,0,0,0,0,0,0,0,0,0,1,0,0,0,No Defect
2035,,120.0,4.45,91.93,60.15,41.88,56.98,8.82,757.0,3.11,1642.5,321.0,Injection_Molding,Composite,Evening,Intermediate,Line_B,0,0,0,0,1,0,0,0,0,0,0,0,0,0,0,0,No Defect
2036,77.72,131.38,2.66,112.41,85.0,,64.78,5.14,634.1,3.73,1718.7,492.0,CNC,Alloy,Morning,Intermediate,Line_B,0,0,1,1,0,1,1,1,1,0,0,0,0,0,0,1,Surface Defect
2037,70.17,140.0,2.19,130.0,56.06,58.75,65.6,7.95,672.8,3.93,1925.0,407.0,Lathe,Aluminum,Morning,Experienced,Line_B,0,0,0,1,0,1,1,1,0,0,0,0,0,0,0,0,No Defect
2038,70.23,114.08,3.42,109.25,70.26,60.97,49.27,2.05,816.1,3.31,1356.1,458.0,Milling,Steel,Evening,Expert,Line_B,0,0,0,0,0,0,1,0,1,0,0,0,0,0,1,0,No Defect
2039,77.95,131.36,2.4,116.5,75.02,53.29,34.04,2.76,822.8,2.79,1574.4,392.0,Lathe,Steel,Morning,Intermediate,Line_C,0,1,1,1,0,0,1,0,1,0,0,0,0,0,0,0,No Defect
2040,74.35,118.0,3.55,83.58,60.4,51.32,56.02,4.49,774.5,3.45,938.7,492.0,Press,Aluminum,Evening,Expert,Line_B,0,0,0,0,0,0,0,0,0,0,1,0,0,0,0,0,No Defect
2041,74.38,135.21,3.19,105.74,77.7,57.01,51.03,5.33,729.6,4.11,1527.1,354.0,Lathe,Aluminum,Evening,New,Line_B,0,0,0,1,0,0,1,1,1,0,0,0,0,1,0,0,No Defect
2042,73.59,112.91,1.88,86.87,52.72,36.82,43.08,3.69,790.6,3.52,502.9,,Injection_Molding,Aluminum,Morning,Intermediate,Line_A,0,0,0,0,0,0,0,1,0,0,0,0,0,0,0,0,No Defect
2043,73.54,121.2,3.15,99.58,74.03,37.36,47.61,1.55,763.1,3.13,1027.3,491.0,CNC,Steel,Morning,Intermediate,Line_B,0,0,0,0,0,0,0,0,1,0,0,0,0,0,0,0,No Defect
2044,68.96,130.35,1.61,96.83,61.73,49.32,54.96,5.07,,3.36,1767.4,447.0,Injection_Molding,Alloy,Morning,Intermediate,Line_A,0,0,0,1,0,0,0,0,0,0,0,0,0,0,0,0,No Defect
2045,75.56,125.03,,114.75,78.11,44.07,68.36,6.65,703.3,4.61,1446.7,404.0,Lathe,Steel,Morning,Experienced,Line_D,0,0,0,1,0,1,1,1,1,0,0,0,0,0,0,0,No Defect
2046,77.74,117.76,2.42,112.37,75.08,56.87,75.93,6.62,670.0,3.98,1655.5,389.0,Milling,Steel,Night,Expert,Line_B,0,0,1,0,0,1,1,1,1,0,0,0,1,0,0,0,No Defect
2047,80.08,119.07,1.8,78.44,57.12,53.35,49.17,1.5,688.0,2.95,1410.0,380.0,CNC,Alloy,Morning,Experienced,Line_C,0,0,1,0,0,0,0,0,0,0,0,0,0,0,0,0,No Defect
2048,75.4,117.36,2.22,83.18,54.66,46.7,52.68,5.11,650.1,2.83,745.5,,Lathe,Aluminum,Morning,Intermediate,Line_C,0,0,0,0,0,0,0,0,0,0,0,0,0,0,0,0,No Defect
2049,78.63,130.82,3.14,103.18,80.38,52.52,59.48,,648.6,3.82,1764.2,360.0,Lathe,Aluminum,Evening,Experienced,Line_A,0,0,1,1,0,0,0,1,1,0,0,0,0,0,0,0,No Defect
2050,70.54,129.87,1.0,76.56,62.23,48.98,51.43,3.73,746.0,3.01,1135.6,400.0,Press,Alloy,Morning,Intermediate,Line_C,0,0,0,1,0,0,0,0,0,0,0,0,0,0,0,0,No Defect
2051,75.64,117.46,2.45,78.12,69.31,56.34,59.43,4.77,590.2,3.45,1808.1,456.0,Lathe,Plastic,Morning,Experienced,Line_D,0,0,0,0,0,0,0,0,0,0,0,0,0,0,0,0,No Defect
2052,67.04,117.5,1.9,75.39,64.5,42.95,55.56,6.12,635.4,3.12,701.5,299.0,CNC,Composite,Evening,New,Line_A,0,0,0,0,0,0,0,0,0,0,0,0,0,1,0,0,No Defect
2053,70.75,105.33,3.9,88.75,52.2,50.52,61.19,8.26,644.2,3.03,2508.2,465.0,Injection_Molding,Aluminum,Evening,Experienced,Line_C,0,0,0,0,1,0,0,0,0,1,0,0,0,0,0,0,No Defect
2054,75.59,130.61,3.22,102.52,64.48,43.99,47.95,7.92,828.2,3.1,1071.6,428.0,Press,Aluminum,Evening,Intermediate,Line_C,0,1,0,1,0,0,1,0,0,0,0,0,0,0,0,0,No Defect
2055,74.39,133.41,3.5,109.98,83.8,54.11,66.87,4.14,703.8,3.91,1798.3,394.0,Injection_Molding,Alloy,Morning,Intermediate,Line_C,0,0,0,1,0,1,1,1,1,0,0,0,0,0,0,0,No Defect
2056,75.89,130.29,1.76,102.16,64.48,61.58,37.33,5.83,769.2,3.17,1033.7,570.0,CNC,Steel,Evening,Intermediate,Line_D,0,0,0,1,0,0,1,0,0,0,1,1,0,0,0,0,No Defect
2057,69.6,114.11,4.99,114.7,,64.83,53.13,10.78,654.3,3.45,2411.3,313.0,Press,Alloy,Evening,New,Line_D,1,0,0,0,1,0,1,0,0,1,0,1,0,1,0,1,Structural Defect
2058,74.08,109.63,4.52,102.86,69.91,62.58,58.29,10.21,664.3,4.19,1683.0,360.0,Injection_Molding,Steel,Evening,Experienced,Line_C,1,0,0,0,1,0,0,1,0,0,0,0,0,0,0,1,Structural Defect
2059,69.22,108.13,2.82,84.93,69.54,44.55,52.53,5.02,749.4,2.92,878.2,440.0,Lathe,Steel,Evening,Intermediate,Line_C,0,0,0,0,0,0,0,0,0,0,0,0,0,0,0,0,No Defect
2060,70.39,116.86,2.57,111.91,64.98,53.18,34.76,4.42,818.7,4.33,1111.9,416.0,Press,Steel,Morning,Experienced,Line_A,0,1,0,0,0,0,1,1,0,0,0,0,0,0,0,1,Material Defect
2061,78.73,112.82,2.4,121.18,71.28,60.37,46.33,4.78,815.5,3.01,1442.6,624.0,Milling,Steel,Night,Experienced,Line_D,0,0,1,0,0,0,1,0,1,0,1,0,1,0,1,1,Structural Defect
2062,71.86,108.8,2.04,78.65,64.41,59.2,51.3,6.24,,2.78,1553.7,392.0,Lathe,Alloy,Morning,Expert,Line_D,0,0,0,0,0,0,0,0,0,0,0,0,0,0,0,0,No Defect
2063,73.42,113.85,2.74,123.63,67.68,56.2,61.56,4.37,703.3,4.78,1383.4,512.0,Lathe,Aluminum,Morning,Expert,Line_D,0,0,0,0,0,0,1,1,0,0,1,0,0,0,0,0,No Defect
2064,77.14,121.38,3.13,110.84,62.86,49.95,40.57,4.29,826.0,2.75,880.1,444.0,CNC,Plastic,Night,Experienced,Line_D,0,1,1,0,0,0,1,0,0,0,0,0,1,0,0,1,Material Defect
2065,70.18,117.61,2.42,75.09,67.52,46.0,52.5,2.67,671.8,3.38,735.9,525.0,Injection_Molding,Steel,Evening,Intermediate,Line_D,0,0,0,0,0,0,0,0,0,0,1,0,0,0,0,0,No Defect
2066,71.12,104.7,2.36,76.43,54.17,51.8,69.96,8.8,665.6,3.2,2279.5,,CNC,Aluminum,Evening,Intermediate,Line_C,0,0,0,0,0,1,0,0,0,1,0,0,0,0,0,0,No Defect
2067,84.13,118.74,3.64,109.62,58.11,56.72,57.52,9.84,743.8,2.75,2171.3,371.0,CNC,Alloy,Morning,Intermediate,Line_B,1,0,1,0,0,0,1,0,0,1,0,0,0,0,0,0,No Defect
2068,72.42,115.56,3.16,93.22,57.34,51.97,49.45,4.0,651.5,3.04,736.9,401.0,CNC,Steel,Evening,Expert,Line_B,0,0,0,0,0,0,0,0,0,0,0,0,0,0,0,1,Structural Defect
2069,70.77,114.57,1.84,85.21,56.41,45.35,46.82,3.23,657.4,3.48,573.7,410.0,CNC,Alloy,Morning,Experienced,Line_D,0,0,0,0,0,0,0,0,0,0,0,0,0,0,0,0,No Defect
2070,74.29,121.13,3.27,122.39,64.16,55.66,35.73,7.13,792.4,2.95,1589.2,442.0,CNC,Composite,Morning,Intermediate,Line_C,1,1,0,0,0,0,1,0,0,0,0,0,0,0,0,0,No Defect
2071,69.97,104.77,2.34,63.24,60.5,54.86,62.45,1.36,681.1,3.15,1014.8,425.0,CNC,Composite,Morning,Experienced,Line_C,0,0,0,0,0,1,0,0,0,0,0,0,0,0,0,0,No Defect
2072,82.1,124.85,2.61,116.4,82.69,45.04,61.48,8.14,699.5,4.29,1784.9,527.0,Press,Steel,Morning,Intermediate,Line_A,0,0,1,0,0,0,1,1,1,0,1,0,0,0,0,0,No Defect
2073,84.18,119.72,5.02,78.05,69.76,70.0,58.32,8.4,675.7,3.8,2309.6,387.0,CNC,Steel,Evening,Expert,Line_C,0,0,1,0,1,0,0,1,0,1,0,1,0,0,0,0,No Defect
2074,73.47,119.96,2.06,82.56,67.52,56.65,49.87,4.83,744.8,3.52,,367.0,Injection_Molding,Alloy,Evening,Experienced,Line_D,0,0,0,0,0,0,0,0,0,0,0,0,0,0,0,0,No Defect
2075,80.92,111.91,2.28,119.41,,51.24,35.34,0.5,840.6,3.64,1117.8,371.0,Press,Steel,Evening,Experienced,Line_B,0,1,1,0,0,0,1,0,0,0,0,0,0,0,0,0,No Defect
2076,,108.35,1.91,82.64,57.83,56.84,58.06,3.05,729.4,2.8,495.7,397.0,Lathe,Aluminum,Evening,Expert,Line_A,0,0,0,0,0,0,0,0,0,0,0,0,0,0,0,0,No Defect
2077,76.99,139.28,3.35,118.59,76.3,54.86,49.05,7.41,712.7,5.04,1894.3,444.0,Press,Steel,Morning,Experienced,Line_D,0,0,0,1,0,0,1,1,1,0,0,0,0,0,0,0,No Defect
2078,70.29,109.19,4.88,97.47,62.68,50.83,58.64,13.65,705.9,3.76,2018.8,398.0,Milling,Aluminum,Evening,Expert,Line_C,1,0,0,0,1,0,0,1,0,1,0,0,0,0,0,1,Assembly Defect
2079,81.01,125.09,3.76,112.18,58.07,,47.5,0.65,854.3,2.35,1645.9,438.0,Injection_Molding,Composite,Morning,Intermediate,Line_C,0,1,1,1,1,0,1,0,0,0,0,0,0,0,0,1,Dimensional Defect
2080,75.86,117.33,2.59,92.26,65.36,55.15,47.59,5.35,770.9,3.7,725.2,354.0,Injection_Molding,Aluminum,Morning,Experienced,Line_D,0,0,0,0,0,0,0,1,0,0,0,0,0,0,0,0,No Defect
2081,78.09,125.89,3.42,116.22,57.74,45.66,38.9,3.82,814.2,2.39,1674.5,490.0,Press,Steel,Morning,Experienced,Line_A,0,0,1,1,0,0,1,0,0,0,0,0,0,0,1,0,No Defect
2082,79.02,110.68,1.89,60.23,,46.55,48.59,3.58,675.8,2.97,1221.4,474.0,Milling,Aluminum,Morning,Experienced,Line_A,0,0,1,0,0,0,0,0,0,0,0,0,0,0,0,0,No Defect
2083,74.37,122.84,4.0,116.15,65.9,58.42,47.88,4.28,845.6,2.52,1191.0,417.0,Press,Composite,Morning,Experienced,Line_D,0,1,0,0,1,0,1,0,0,0,0,0,0,0,0,0,No Defect
2084,72.77,124.06,2.53,80.07,52.01,46.48,49.28,1.32,761.4,2.34,1002.5,469.0,Milling,Plastic,Morning,Expert,Line_A,0,0,0,0,0,0,0,0,0,0,0,0,0,0,0,0,No Defect
2085,78.94,123.59,1.86,121.31,80.03,51.61,58.19,4.38,681.1,4.68,1620.7,423.0,Press,Steel,Morning,Experienced,Line_C,0,0,1,0,0,0,1,1,1,0,0,0,0,0,0,0,No Defect
2086,68.14,129.47,3.05,126.07,64.62,45.37,73.25,5.13,653.5,4.59,2197.6,541.0,Lathe,Composite,Morning,New,Line_C,0,0,0,1,0,1,1,1,0,1,1,0,0,1,0,1,Surface Defect
2087,69.79,114.87,3.46,99.65,63.68,61.53,39.7,2.56,890.0,2.97,1187.5,452.0,Injection_Molding,Composite,Morning,Expert,Line_D,0,1,0,0,0,0,0,0,0,0,0,1,0,0,0,0,No Defect
2088,76.18,124.19,2.63,124.13,84.93,51.76,64.17,4.82,675.0,5.31,1855.1,546.0,Press,Steel,Night,Expert,Line_D,0,0,0,0,0,1,1,1,1,0,1,0,1,0,0,1,Material Defect
2089,72.53,131.96,,114.48,85.0,51.01,52.37,2.73,671.1,4.67,1900.3,449.0,Press,Alloy,Morning,Expert,Line_A,0,0,0,1,0,0,1,1,1,0,0,0,0,0,0,1,Dimensional Defect
2090,74.38,124.26,2.18,121.45,64.94,38.99,63.5,7.24,671.4,4.92,1853.8,468.0,CNC,Aluminum,Evening,Expert,Line_C,0,0,0,0,0,1,1,1,0,0,0,0,0,0,0,0,No Defect
2091,,134.2,5.26,118.2,60.99,49.66,50.34,8.45,754.6,3.28,1660.5,378.0,Press,Aluminum,Morning,Expert,Line_A,0,0,0,1,1,0,1,0,0,0,0,0,0,0,0,0,No Defect
2092,78.46,102.45,4.18,94.49,59.7,54.2,62.82,12.73,708.8,3.43,2403.4,398.0,Press,Steel,Evening,Expert,Line_A,1,0,1,0,1,1,0,0,0,1,0,0,0,0,0,1,Material Defect
2093,73.71,107.17,2.76,107.38,61.74,52.02,33.32,2.05,862.3,2.91,839.4,494.0,Milling,Alloy,Morning,Intermediate,Line_B,0,1,0,0,0,0,1,0,0,0,0,0,0,0,1,1,Structural Defect
2094,66.96,,2.21,90.31,61.12,36.13,45.01,1.43,768.3,3.1,1087.9,311.0,Lathe,Alloy,Morning,Intermediate,Line_C,0,0,0,0,0,0,0,0,0,0,0,0,0,0,0,0,No Defect
2095,76.18,113.67,5.82,96.51,49.67,53.97,64.3,9.28,654.0,2.94,2445.0,364.0,Press,Aluminum,Morning,Intermediate,Line_C,1,0,1,0,1,1,0,0,0,1,0,0,0,0,0,1,Dimensional Defect
2096,70.76,115.63,1.93,84.91,68.9,51.54,35.93,2.0,752.4,3.95,1000.1,274.0,Milling,Steel,Night,Experienced,Line_A,0,0,0,0,0,0,0,1,0,0,0,0,1,0,0,0,No Defect
2097,68.8,136.08,2.26,,83.19,44.6,47.04,3.12,708.0,3.74,1537.6,430.0,CNC,Aluminum,Evening,Expert,Line_A,0,0,0,1,0,0,0,1,1,0,0,0,0,0,0,0,No Defect
2098,75.1,112.44,2.65,109.02,59.95,50.61,73.8,11.77,630.5,3.05,1771.8,336.0,Lathe,Aluminum,Evening,Expert,Line_D,1,0,0,0,0,1,1,0,0,0,0,0,0,0,0,0,No Defect
2099,72.29,123.7,3.62,107.52,73.61,52.16,36.4,4.49,934.5,3.18,1237.0,402.0,CNC,Alloy,Morning,Expert,Line_C,0,1,0,0,0,0,1,0,1,0,0,0,0,0,0,0,No Defect
2100,77.52,127.46,2.87,98.86,63.96,44.51,47.87,5.04,707.4,3.59,924.8,260.0,Press,Steel,Night,Experienced,Line_C,0,0,1,1,0,0,0,1,0,0,0,0,1,0,0,0,No Defect
2101,74.81,111.76,2.03,92.13,64.07,63.61,45.29,5.92,701.1,2.81,1166.0,370.0,Injection_Molding,Alloy,Morning,Expert,Line_D,0,0,0,0,0,0,0,0,0,0,0,1,0,0,0,0,No Defect
2102,72.16,115.9,2.13,82.2,45.58,46.37,52.02,4.83,703.9,3.56,960.0,455.0,Milling,Plastic,Morning,Intermediate,Line_B,0,0,0,0,0,0,0,0,0,0,0,0,0,0,0,0,No Defect
2103,,99.49,2.32,90.97,59.0,58.83,51.97,2.72,711.4,2.23,537.9,392.0,Lathe,Alloy,Morning,Experienced,Line_B,0,0,0,0,0,0,0,0,0,0,0,0,0,0,0,0,No Defect
2104,69.44,120.9,1.72,79.69,52.6,39.56,53.32,5.89,726.1,3.63,1216.1,426.0,CNC,Plastic,Evening,New,Line_B,0,0,0,0,0,0,0,0,0,0,0,0,0,1,0,0,No Defect
2105,67.68,128.16,3.08,111.81,78.82,53.18,68.82,5.08,678.0,4.28,1840.3,459.0,CNC,Alloy,Evening,Intermediate,Line_C,0,0,0,1,0,1,1,1,1,0,0,0,0,0,0,1,Material Defect
2106,74.22,139.99,2.7,113.14,72.26,44.96,68.74,5.69,707.3,4.67,1619.7,458.0,CNC,Steel,Morning,Expert,Line_C,0,0,0,1,0,1,1,1,1,0,0,0,0,0,0,0,No Defect
2107,80.92,121.97,3.9,100.32,50.15,54.4,57.88,11.94,641.4,3.49,2736.9,339.0,CNC,Steel,Morning,Experienced,Line_A,1,0,1,0,1,0,0,0,0,1,0,0,0,0,0,0,No Defect
2108,74.64,118.97,1.77,93.3,62.16,50.91,39.64,4.39,735.8,2.95,1046.0,360.0,Press,Alloy,Evening,Expert,Line_B,0,0,0,0,0,0,0,0,0,0,0,0,0,0,0,0,No Defect
2109,76.38,108.43,3.14,115.66,63.97,40.21,40.78,6.52,854.7,3.49,898.0,405.0,CNC,Steel,Night,Expert,Line_B,0,1,1,0,0,0,1,0,0,0,0,0,1,0,0,0,No Defect
2110,77.42,123.3,3.08,,77.4,45.53,70.68,7.15,699.5,4.83,1474.3,465.0,Injection_Molding,Alloy,Night,Expert,Line_B,0,0,1,0,0,1,0,1,1,0,0,0,1,0,0,0,No Defect
2111,64.01,120.77,1.62,79.87,57.83,51.01,,5.71,721.8,2.81,793.8,321.0,Lathe,Aluminum,Morning,New,Line_B,0,0,0,0,0,0,0,0,0,0,0,0,0,1,0,1,Surface Defect
2112,73.49,134.92,2.89,126.16,71.9,46.7,57.95,9.02,760.3,4.03,2134.9,446.0,Lathe,Alloy,Morning,New,Line_C,1,0,0,1,0,0,1,1,1,1,0,0,0,1,0,1,Material Defect
2113,75.76,123.4,3.41,124.7,54.25,62.39,49.8,3.71,878.8,2.26,1255.1,477.0,CNC,Composite,Night,New,Line_D,0,1,0,0,0,0,1,0,0,0,0,0,1,1,1,0,No Defect
2114,75.85,128.71,3.89,116.63,76.81,52.62,70.31,8.83,641.6,4.28,1701.6,473.0,CNC,Composite,Evening,Intermediate,Line_D,0,0,0,1,1,1,1,1,1,0,0,0,0,0,0,0,No Defect
2115,,108.14,4.91,113.13,61.96,57.59,64.71,11.89,690.5,3.07,1993.3,479.0,Injection_Molding,Alloy,Morning,Experienced,Line_D,1,0,0,0,1,1,1,0,0,0,0,0,0,0,0,1,Structural Defect
2116,79.3,127.98,3.35,107.81,56.44,49.01,43.06,5.49,886.2,2.89,1206.9,514.0,Press,Steel,Evening,New,Line_B,0,1,1,1,0,0,1,0,0,0,1,0,0,1,1,0,No Defect
2117,78.32,122.58,2.93,118.38,67.12,48.58,63.48,4.91,677.9,4.05,1836.3,444.0,Press,Alloy,Evening,Intermediate,Line_C,0,0,1,0,0,1,1,1,0,0,0,0,0,0,0,1,Dimensional Defect
2118,76.3,107.01,4.52,97.09,63.06,48.44,70.49,8.43,705.4,3.6,2213.7,343.0,Press,Steel,Morning,Expert,Line_A,1,0,1,0,1,1,0,1,0,1,0,0,0,0,0,1,Dimensional Defect
2119,70.32,101.57,3.0,74.82,52.38,39.4,45.25,5.45,713.4,2.87,535.3,365.0,Lathe,Plastic,Evening,Expert,Line_A,0,0,0,0,0,0,0,0,0,0,0,0,0,0,0,0,No Defect
2120,76.07,121.62,3.01,94.85,71.54,56.4,65.87,10.03,686.6,3.04,1898.9,429.0,Milling,Alloy,Night,Experienced,Line_C,1,0,1,0,0,1,0,0,1,0,0,0,1,0,0,0,No Defect
2121,72.75,128.48,3.77,114.94,48.33,54.31,41.27,5.05,860.8,3.57,1587.2,369.0,Injection_Molding,Plastic,Morning,Experienced,Line_A,0,1,0,1,1,0,1,0,0,0,0,0,0,0,0,1,Assembly Defect
2122,73.69,133.37,3.49,115.26,70.04,41.38,43.61,6.43,738.0,4.53,2202.5,541.0,Milling,Composite,Evening,Expert,Line_A,0,0,0,1,0,0,1,1,1,1,1,0,0,0,0,1,Surface Defect
2123,72.75,134.32,2.31,117.19,75.11,54.18,55.72,3.77,714.8,3.94,1700.3,462.0,Lathe,Steel,Night,Expert,Line_B,0,0,0,1,0,0,1,1,1,0,0,0,1,0,0,1,Dimensional Defect
2124,72.55,138.0,1.99,130.0,80.71,46.93,59.53,3.21,663.1,3.74,2060.7,435.0,Press,Alloy,Morning,Intermediate,Line_B,0,0,0,1,0,0,1,1,1,1,0,0,0,0,0,0,No Defect
2125,81.78,117.31,2.77,125.48,67.61,45.12,46.07,2.32,838.9,2.55,1485.4,471.0,Milling,Steel,Night,Experienced,Line_D,0,1,1,0,0,0,1,0,0,0,0,0,1,0,1,0,No Defect
2126,74.35,126.27,3.08,107.74,60.8,66.04,47.33,4.27,808.4,2.63,969.0,452.0,CNC,Alloy,Evening,Intermediate,Line_B,0,0,0,1,0,0,1,0,0,0,0,1,0,0,0,0,No Defect
2127,78.68,106.72,,108.5,64.01,59.42,42.38,5.11,852.2,3.08,1179.6,484.0,CNC,Composite,Night,Experienced,Line_C,0,1,1,0,0,0,1,0,0,0,0,0,1,0,1,0,No Defect
2128,75.72,113.38,2.22,98.39,54.48,46.33,30.93,5.05,763.1,3.31,1430.5,439.0,Milling,Aluminum,Night,Experienced,Line_A,0,0,0,0,0,0,0,0,0,0,0,0,1,0,0,0,No Defect
2129,79.41,126.52,2.83,109.19,74.45,47.59,63.67,5.89,795.6,3.84,1761.2,383.0,CNC,Alloy,Night,Experienced,Line_B,0,0,1,1,0,1,1,1,1,0,0,0,1,0,0,1,Surface Defect
2130,75.73,112.55,2.46,89.6,74.54,45.17,60.0,3.45,702.9,2.7,867.1,447.0,Lathe,Alloy,Morning,Intermediate,Line_A,0,0,0,0,0,0,0,0,1,0,0,0,0,0,0,0,No Defect
2131,75.37,123.67,2.16,100.89,60.39,44.5,45.5,,666.5,2.68,1311.9,243.0,Press,Aluminum,Night,New,Line_C,0,0,0,0,0,0,0,0,0,0,0,0,1,1,0,0,No Defect
2132,69.27,129.19,,116.58,69.28,49.79,57.71,6.48,712.6,4.01,1304.6,429.0,Milling,Aluminum,Morning,Intermediate,Line_D,0,0,0,1,0,0,1,1,0,0,0,0,0,0,0,0,No Defect
2133,67.71,124.15,2.66,94.98,65.98,42.84,47.72,10.14,717.9,4.05,2194.6,428.0,Milling,Plastic,Morning,New,Line_B,1,0,0,0,0,0,0,1,0,1,0,0,0,1,0,0,No Defect
2134,71.98,117.26,2.79,76.02,54.47,52.19,54.05,3.84,,2.76,1279.2,312.0,Milling,Aluminum,Morning,Experienced,Line_B,0,0,0,0,0,0,0,0,0,0,0,0,0,0,0,0,No Defect
2135,78.48,117.55,2.59,76.67,66.48,54.26,51.94,13.82,761.5,3.24,2039.1,363.0,Injection_Molding,Composite,Evening,Expert,Line_C,1,0,1,0,0,0,0,0,0,1,0,0,0,0,0,0,No Defect
2136,83.63,123.39,3.31,101.48,68.58,50.12,44.88,0.5,735.6,2.39,1069.0,526.0,Injection_Molding,Alloy,Evening,Experienced,Line_A,0,0,1,0,0,0,0,0,0,0,1,0,0,0,0,0,No Defect
2137,72.16,123.53,3.71,115.35,55.82,60.9,40.06,0.5,845.2,2.57,1335.9,516.0,Press,Plastic,Morning,New,Line_A,0,1,0,0,1,0,1,0,0,0,1,0,0,1,1,0,No Defect
2138,65.37,112.12,2.23,98.61,64.44,51.75,44.15,1.23,809.5,3.1,1071.0,433.0,Injection_Molding,Alloy,Morning,Experienced,Line_A,0,0,0,0,0,0,0,0,0,0,0,0,0,0,0,0,No Defect
2139,79.12,105.64,4.86,94.61,60.93,55.77,69.68,12.25,671.5,3.4,2504.3,313.0,Injection_Molding,Steel,Night,Experienced,Line_B,1,0,1,0,1,1,0,0,0,1,0,0,1,0,0,0,No Defect
2140,72.09,115.31,2.24,86.71,69.67,56.84,52.7,1.44,740.3,3.26,863.9,282.0,Press,Steel,Evening,Expert,Line_C,0,0,0,0,0,0,0,0,0,0,0,0,0,0,0,0,No Defect
2141,74.16,118.36,3.13,106.73,68.47,35.61,38.99,3.99,860.6,2.66,1537.1,359.0,Injection_Molding,Aluminum,Morning,Intermediate,Line_B,0,1,0,0,0,0,1,0,0,0,0,0,0,0,0,0,No Defect
2142,79.17,126.56,2.34,120.86,,46.5,38.14,5.9,767.6,3.25,1329.4,407.0,Injection_Molding,Steel,Evening,Experienced,Line_C,0,0,1,1,0,0,1,0,0,0,0,0,0,0,0,0,No Defect
2143,81.36,127.19,1.96,68.83,47.94,54.7,50.62,4.08,664.6,2.71,688.7,313.0,Press,Aluminum,Evening,Experienced,Line_C,0,0,1,1,0,0,0,0,0,0,0,0,0,0,0,0,No Defect
2144,70.35,110.39,2.12,97.46,63.87,54.4,59.7,3.57,693.2,3.51,517.4,458.0,Lathe,Steel,Night,Expert,Line_A,0,0,0,0,0,0,0,0,0,0,0,0,1,0,0,1,Surface Defect
2145,73.74,113.86,3.01,123.24,69.33,49.6,52.09,3.67,725.9,3.51,1204.7,491.0,CNC,Steel,Night,Experienced,Line_B,0,0,0,0,0,0,1,0,0,0,0,0,1,0,0,0,No Defect
2146,70.62,124.59,,106.83,55.28,39.64,62.41,6.68,701.3,4.88,2087.8,473.0,Injection_Molding,Plastic,Evening,Experienced,Line_A,0,0,0,0,0,1,1,1,0,1,0,0,0,0,0,0,No Defect
2147,73.11,131.4,2.19,91.44,54.59,49.42,44.86,1.55,817.3,2.98,1578.7,488.0,Press,Plastic,Morning,Expert,Line_A,0,1,0,1,0,0,0,0,0,0,0,0,0,0,1,0,No Defect
2148,72.61,121.03,2.21,60.0,65.13,46.26,46.51,4.22,723.9,3.2,587.0,476.0,CNC,Alloy,Morning,Experienced,Line_B,0,0,0,0,0,0,0,0,0,0,1,0,0,0,0,0,No Defect
2149,75.43,107.88,2.65,100.12,58.6,55.73,36.51,1.14,848.6,3.17,1079.4,503.0,Lathe,Composite,Morning,New,Line_B,0,1,0,0,0,0,0,0,0,0,1,0,0,1,1,1,Assembly Defect
2150,79.03,108.68,4.75,106.19,62.04,68.69,53.75,12.11,715.9,3.53,2276.2,354.0,Press,Steel,Evening,New,Line_A,1,0,1,0,1,0,1,1,0,1,0,1,0,1,0,1,Dimensional Defect
2151,72.89,116.52,3.6,94.4,52.09,55.92,55.27,10.35,689.9,3.32,1839.8,553.0,Press,Plastic,Night,Intermediate,Line_B,1,0,0,0,0,0,0,0,0,0,1,0,1,0,0,0,No Defect
2152,76.84,104.17,3.85,93.98,66.16,46.79,36.03,4.69,836.8,3.13,1243.5,434.0,Milling,Steel,Morning,Expert,Line_D,0,1,0,0,1,0,0,0,0,0,0,0,0,0,0,0,No Defect
2153,75.79,123.58,3.47,117.29,67.52,54.07,49.26,6.26,837.0,2.64,1159.4,654.0,Injection_Molding,Alloy,Night,Experienced,Line_D,0,1,0,0,0,0,1,0,0,0,1,0,1,0,1,1,Assembly Defect
2154,70.65,122.6,2.24,98.46,55.77,44.27,54.67,4.1,705.7,3.3,732.8,358.0,Milling,Composite,Morning,Experienced,Line_B,0,0,0,0,0,0,0,0,0,0,0,0,0,0,0,0,No Defect
2155,79.5,122.97,3.21,99.71,75.57,55.08,61.36,7.68,776.8,4.44,1731.5,512.0,CNC,Composite,Night,New,Line_A,1,0,1,0,0,0,0,1,1,0,1,0,1,1,0,1,Assembly Defect
2156,68.91,121.05,3.03,71.45,51.29,53.97,44.01,3.96,781.3,3.57,856.2,424.0,Injection_Molding,Alloy,Morning,Experienced,Line_B,0,0,0,0,0,0,0,0,0,0,0,0,0,0,0,0,No Defect
2157,70.1,119.99,3.36,89.4,64.97,39.23,53.04,3.86,706.8,3.38,545.5,421.0,Milling,Alloy,Morning,Expert,Line_D,0,0,0,0,0,0,0,0,0,0,0,0,0,0,0,0,No Defect
2158,75.69,140.0,3.94,130.0,72.96,51.29,61.91,8.84,684.2,3.64,1938.8,539.0,Press,Plastic,Morning,Intermediate,Line_C,0,0,0,1,1,0,1,0,1,0,1,0,0,0,0,0,No Defect
2159,69.36,130.79,3.25,127.16,84.02,53.26,76.71,6.13,591.0,4.39,1587.0,452.0,CNC,Steel,Evening,Experienced,Line_C,0,0,0,1,0,1,1,1,1,0,0,0,0,0,0,1,Structural Defect
2160,76.45,118.32,2.74,74.85,49.38,49.68,48.14,3.85,773.0,3.53,1062.4,239.0,Injection_Molding,Steel,Evening,Experienced,Line_B,0,0,1,0,0,0,0,0,0,0,0,0,0,0,0,0,No Defect
2161,76.0,129.97,3.04,125.45,56.73,53.22,37.95,4.42,979.8,2.34,836.0,514.0,CNC,Aluminum,Morning,Expert,Line_C,0,1,0,1,0,0,1,0,0,0,1,0,0,0,1,0,No Defect
2162,76.47,116.79,2.94,92.73,,46.94,42.82,2.86,787.9,3.33,1125.7,603.0,CNC,Aluminum,Evening,Intermediate,Line_A,0,0,0,0,0,0,0,0,0,0,1,0,0,0,1,0,No Defect
2163,76.19,128.47,2.74,115.74,61.98,48.31,42.46,3.28,772.8,2.67,1420.3,407.0,Milling,Aluminum,Evening,Experienced,Line_B,0,0,0,1,0,0,1,0,0,0,0,0,0,0,0,0,No Defect
2164,75.75,121.86,3.9,115.17,62.32,47.3,42.43,3.49,931.4,2.39,1116.0,484.0,CNC,Steel,Morning,Intermediate,Line_B,0,1,0,0,1,0,1,0,0,0,0,0,0,0,1,0,No Defect
2165,72.57,140.0,2.73,109.63,69.25,49.54,57.03,,732.7,4.22,1286.1,397.0,Milling,Aluminum,Morning,New,Line_A,0,0,0,1,0,0,1,1,0,0,0,0,0,1,0,1,Assembly Defect
2166,72.27,122.53,,114.19,58.47,53.86,41.31,4.54,896.0,3.08,528.9,412.0,Press,Aluminum,Morning,Expert,Line_B,0,1,0,0,0,0,1,0,0,0,0,0,0,0,0,0,No Defect
2167,76.52,104.62,4.69,103.34,67.8,64.47,57.34,10.31,690.0,3.55,2124.8,378.0,CNC,Steel,Evening,Experienced,Line_D,1,0,0,0,1,0,0,1,0,1,0,1,0,0,0,1,Material Defect
2168,78.31,112.53,3.97,96.52,55.26,56.86,63.35,9.12,711.4,2.66,1894.1,381.0,Lathe,Plastic,Evening,Experienced,Line_B,1,0,1,0,1,1,0,0,0,0,0,0,0,0,0,0,No Defect
2169,73.21,,1.9,98.28,64.86,39.57,48.66,2.83,675.2,3.04,257.4,194.0,Press,Aluminum,Evening,Experienced,Line_C,0,0,0,0,0,0,0,0,0,0,0,0,0,0,0,0,No Defect
2170,75.18,121.07,1.98,83.95,70.16,39.81,42.6,4.04,815.2,2.56,1028.0,420.0,Injection_Molding,Steel,Evening,Intermediate,Line_D,0,0,0,0,0,0,0,0,1,0,0,0,0,0,0,0,No Defect
2171,69.41,123.74,2.46,91.99,61.03,45.24,45.31,2.77,793.3,3.75,571.8,447.0,Milling,Steel,Morning,Intermediate,Line_A,0,0,0,0,0,0,0,1,0,0,0,0,0,0,0,0,No Defect
2172,70.68,117.33,2.27,82.55,56.93,41.65,36.96,2.04,789.5,2.29,,379.0,Injection_Molding,Alloy,Morning,New,Line_A,0,0,0,0,0,0,0,0,0,0,0,0,0,1,0,0,No Defect
2173,82.65,124.99,3.66,107.39,82.52,38.51,69.1,6.75,759.8,4.77,1544.2,583.0,Lathe,Steel,Night,New,Line_D,0,0,1,0,0,1,1,1,1,0,1,0,1,1,0,1,Structural Defect
2174,70.05,127.44,3.83,93.3,56.94,63.36,69.51,12.98,633.3,3.45,1752.2,381.0,Injection_Molding,Composite,Morning,New,Line_C,1,0,0,1,1,1,0,0,0,0,0,1,0,1,0,1,Material Defect
2175,77.29,107.58,6.0,83.44,75.3,54.57,68.93,12.32,678.7,2.39,2011.3,414.0,Lathe,Steel,Evening,Intermediate,Line_A,1,0,1,0,1,1,0,0,1,1,0,0,0,0,0,1,Structural Defect
2176,69.77,112.71,2.96,88.55,68.55,50.54,36.95,2.82,832.5,3.6,962.9,514.0,Lathe,Steel,Morning,Intermediate,Line_D,0,1,0,0,0,0,0,1,0,0,1,0,0,0,1,0,No Defect
2177,69.73,129.29,,107.68,68.53,53.57,37.43,3.36,816.4,3.46,565.6,,CNC,Steel,Evening,Experienced,Line_D,0,1,0,1,0,0,1,0,0,0,0,0,0,0,0,0,No Defect
2178,81.31,127.97,5.04,96.46,69.89,45.97,53.33,7.31,599.0,3.08,2456.1,309.0,Press,Steel,Morning,Intermediate,Line_D,0,0,1,1,1,0,0,0,0,1,0,0,0,0,0,1,Surface Defect
2179,73.33,134.0,1.25,87.37,60.28,45.44,38.19,2.1,778.0,2.52,1097.0,357.0,CNC,Aluminum,Morning,Experienced,Line_A,0,0,0,1,0,0,0,0,0,0,0,0,0,0,0,0,No Defect
2180,70.98,126.43,1.43,118.75,70.26,41.72,66.44,1.71,696.8,4.6,1750.0,383.0,Press,Alloy,Evening,Intermediate,Line_B,0,0,0,1,0,1,1,1,1,0,0,0,0,0,0,0,No Defect
2181,73.86,114.31,3.17,117.08,63.02,52.12,62.89,9.67,719.3,3.22,2062.6,275.0,CNC,Composite,Evening,New,Line_A,1,0,0,0,0,1,1,0,0,1,0,0,0,1,0,0,No Defect
2182,69.33,118.4,1.59,91.17,73.41,43.67,49.78,6.06,779.0,2.33,667.9,404.0,CNC,Alloy,Morning,Intermediate,Line_B,0,0,0,0,0,0,0,0,1,0,0,0,0,0,0,0,No Defect
2183,81.81,130.95,4.02,104.0,61.18,50.45,36.63,2.44,821.6,3.34,1273.1,440.0,Injection_Molding,Alloy,Evening,Intermediate,Line_A,0,1,1,1,1,0,0,0,0,0,0,0,0,0,0,1,Dimensional Defect
2184,72.71,111.55,1.23,81.03,56.94,46.0,55.4,0.87,647.4,3.14,1106.0,400.0,Press,Aluminum,Morning,Intermediate,Line_D,0,0,0,0,0,0,0,0,0,0,0,0,0,0,0,0,No Defect
2185,72.76,112.1,1.9,79.85,53.01,55.33,48.43,3.51,770.1,3.07,802.0,318.0,CNC,Aluminum,Night,Experienced,Line_C,0,0,0,0,0,0,0,0,0,0,0,0,1,0,0,0,No Defect
2186,71.37,112.6,2.02,76.35,62.27,49.31,45.92,6.65,771.7,3.05,1079.2,282.0,Lathe,Steel,Evening,Experienced,Line_C,0,0,0,0,0,0,0,0,0,0,0,0,0,0,0,0,No Defect
2187,68.65,115.06,1.88,71.13,55.02,56.95,54.36,6.22,605.2,2.56,881.3,443.0,Milling,Aluminum,Morning,Experienced,Line_D,0,0,0,0,0,0,0,0,0,0,0,0,0,0,0,1,Surface Defect
2188,77.0,113.81,2.91,87.9,47.62,58.81,43.01,2.24,776.1,3.04,1040.3,215.0,CNC,Composite,Morning,Expert,Line_C,0,0,0,0,0,0,0,0,0,0,0,0,0,0,0,0,No Defect
2189,71.3,117.15,1.99,77.35,73.34,48.55,46.7,2.24,816.1,3.14,733.2,463.0,CNC,Steel,Evening,Intermediate,Line_D,0,0,0,0,0,0,0,0,1,0,0,0,0,0,0,0,No Defect
2190,70.15,112.52,1.49,91.96,55.08,52.01,43.16,5.22,833.2,3.14,934.8,319.0,CNC,Alloy,Night,Expert,Line_B,0,1,0,0,0,0,0,0,0,0,0,0,1,0,0,0,No Defect
2191,71.7,111.78,5.15,79.64,72.11,41.49,73.0,10.97,612.7,3.86,1661.4,390.0,CNC,Steel,Morning,New,Line_A,1,0,0,0,1,1,0,1,1,0,0,0,0,1,0,1,Structural Defect
2192,69.98,123.04,,85.68,76.86,43.2,45.42,7.03,801.8,2.91,469.7,343.0,CNC,Alloy,Morning,Expert,Line_C,1,1,0,0,0,0,0,0,1,0,0,0,0,0,0,0,No Defect
2193,79.58,117.69,2.99,105.45,53.65,47.01,43.78,3.26,774.9,3.36,928.9,377.0,CNC,Alloy,Morning,Intermediate,Line_B,0,0,1,0,0,0,1,0,0,0,0,0,0,0,0,0,No Defect
2194,72.99,114.18,3.18,115.08,61.37,47.87,44.85,4.52,825.5,2.83,1243.8,315.0,Milling,Composite,Morning,Intermediate,Line_C,0,1,0,0,0,0,1,0,0,0,0,0,0,0,0,0,No Defect
2195,73.56,129.03,,122.19,78.6,43.33,41.35,5.83,757.3,4.35,1965.3,428.0,Milling,Steel,Evening,Intermediate,Line_C,0,0,0,1,0,0,1,1,1,0,0,0,0,0,0,1,Surface Defect
2196,75.0,106.19,3.63,104.47,63.54,,40.29,12.58,761.4,3.0,2558.3,384.0,Lathe,Alloy,Night,New,Line_A,1,0,0,0,0,0,1,0,0,1,0,0,1,1,0,0,No Defect
2197,75.77,119.87,2.84,84.03,59.24,51.25,44.32,5.79,753.8,3.32,1305.5,285.0,Injection_Molding,Composite,Evening,Expert,Line_A,0,0,0,0,0,0,0,0,0,0,0,0,0,0,0,0,No Defect
2198,73.69,122.46,2.6,123.75,71.52,46.59,58.37,8.01,787.1,4.15,2174.2,517.0,CNC,Composite,Morning,Experienced,Line_D,0,0,0,0,0,1,1,1,1,1,1,0,0,0,1,1,Dimensional Defect
2199,75.07,126.33,2.4,113.06,78.14,51.14,60.16,5.1,769.1,4.71,1849.9,277.0,Milling,Steel,Morning,Expert,Line_A,0,0,0,1,0,0,1,1,1,0,0,0,0,0,0,0,No Defect
2200,73.21,126.31,3.5,97.3,61.51,41.57,48.43,3.16,867.6,3.32,1425.6,501.0,CNC,Composite,Morning,Intermediate,Line_C,0,1,0,1,0,0,0,0,0,0,1,0,0,0,1,0,No Defect
2201,78.37,137.23,3.22,113.77,70.04,45.0,52.83,8.53,805.1,4.05,2100.9,482.0,Lathe,Composite,Night,Intermediate,Line_B,0,0,1,1,0,0,1,1,1,1,0,0,1,0,1,1,Surface Defect
2202,78.42,123.26,3.7,122.09,59.32,49.52,51.0,6.83,776.3,2.88,1638.4,440.0,Injection_Molding,Steel,Evening,New,Line_C,0,0,1,0,1,0,1,0,0,0,0,0,0,1,0,0,No Defect
2203,75.04,121.36,4.73,85.82,58.98,64.59,77.25,10.96,620.0,3.56,2498.5,390.0,Press,Aluminum,Evening,Experienced,Line_B,1,0,0,0,1,1,0,0,0,1,0,1,0,0,0,1,Structural Defect
2204,67.92,111.98,4.11,87.82,62.82,47.26,46.9,3.23,,3.98,1449.6,389.0,Lathe,Steel,Morning,Experienced,Line_B,0,0,0,0,1,0,0,1,0,0,0,0,0,0,0,1,Material Defect
2205,79.35,113.26,3.03,110.63,60.79,53.05,36.42,1.99,835.0,2.51,733.4,538.0,Press,Aluminum,Morning,Intermediate,Line_C,0,1,1,0,0,0,1,0,0,0,1,0,0,0,1,0,No Defect
2206,68.33,109.77,5.94,99.45,62.23,62.35,72.41,11.7,675.1,3.37,1968.9,362.0,Milling,Alloy,Morning,Experienced,Line_B,1,0,0,0,1,1,0,0,0,0,0,0,0,0,0,0,No Defect
2207,74.21,111.62,2.92,110.37,69.39,54.97,41.47,0.74,862.1,2.87,725.6,551.0,CNC,Aluminum,Evening,Expert,Line_B,0,1,0,0,0,0,1,0,0,0,1,0,0,0,1,0,No Defect
2208,78.06,119.72,2.41,88.8,65.63,51.63,42.9,7.03,716.1,3.61,272.1,300.0,CNC,Alloy,Morning,Intermediate,Line_A,0,0,1,0,0,0,0,0,0,0,0,0,0,0,0,0,No Defect
2209,73.93,113.24,2.39,93.89,72.97,53.18,54.25,1.87,774.7,,1094.1,450.0,CNC,Steel,Morning,Experienced,Line_C,0,0,0,0,0,0,0,0,1,0,0,0,0,0,0,0,No Defect
2210,65.65,111.17,2.55,88.73,56.39,48.78,55.56,2.93,752.0,3.32,539.5,501.0,Lathe,Plastic,Evening,New,Line_C,0,0,0,0,0,0,0,0,0,0,1,0,0,1,0,0,No Defect
2211,74.13,127.44,1.89,112.92,52.18,45.76,44.59,2.15,855.1,2.77,956.9,552.0,CNC,Aluminum,Evening,Experienced,Line_B,0,1,0,1,0,0,1,0,0,0,1,0,0,0,1,1,Structural Defect
2212,71.4,106.2,1.9,86.74,56.17,53.82,56.51,5.93,745.3,3.31,625.4,281.0,Lathe,Composite,Night,Expert,Line_A,0,0,0,0,0,0,0,0,0,0,0,0,1,0,0,0,No Defect
2213,79.92,122.86,3.39,94.59,59.4,47.02,36.69,3.16,801.3,2.7,1403.4,580.0,CNC,Aluminum,Evening,Expert,Line_A,0,0,1,0,0,0,0,0,0,0,1,0,0,0,1,0,No Defect
2214,85.9,109.99,3.24,119.02,73.17,54.41,38.87,7.11,883.2,3.69,1442.3,554.0,Press,Steel,Night,Expert,Line_B,0,1,1,0,0,0,1,0,1,0,1,0,1,0,1,1,Dimensional Defect
2215,75.08,138.17,3.04,112.18,72.55,36.65,73.55,5.62,668.7,4.6,1956.8,388.0,Milling,Plastic,Morning,Intermediate,Line_A,0,0,0,1,0,1,1,1,1,0,0,0,0,0,0,1,Structural Defect
2216,76.64,112.7,1.62,76.18,49.83,48.81,29.93,5.08,730.3,3.03,901.5,392.0,Milling,Plastic,Morning,Experienced,Line_C,0,0,1,0,0,0,0,0,0,0,0,0,0,0,0,0,No Defect
2217,75.4,133.81,3.06,117.4,72.36,55.96,53.7,6.97,698.3,4.16,2166.2,355.0,Lathe,Aluminum,Morning,Experienced,Line_B,0,0,0,1,0,0,1,1,1,1,0,0,0,0,0,0,No Defect
2218,74.45,118.31,1.35,76.1,,50.5,41.3,5.12,693.8,3.02,1271.3,309.0,Milling,Steel,Evening,Experienced,Line_C,0,0,0,0,0,0,0,0,0,0,0,0,0,0,0,1,Dimensional Defect
2219,67.52,116.34,1.9,91.88,75.47,35.0,48.94,4.32,773.3,4.31,1125.6,498.0,Milling,Steel,Morning,Experienced,Line_B,0,0,0,0,0,0,0,1,1,0,0,0,0,0,1,0,No Defect
2220,79.15,113.9,4.6,105.7,76.11,62.49,67.36,12.39,661.4,3.26,1641.9,185.0,Milling,Alloy,Evening,Experienced,Line_A,1,0,1,0,1,1,1,0,1,0,0,0,0,0,0,1,Material Defect
2221,79.99,108.57,3.52,120.53,57.4,53.2,34.7,6.0,816.7,2.34,1360.6,499.0,Lathe,Alloy,Evening,Experienced,Line_C,0,0,1,0,0,0,1,0,0,0,0,0,0,0,1,0,No Defect
2222,71.34,116.48,1.48,79.7,53.83,37.72,50.51,4.0,744.4,3.42,1306.1,366.0,Press,Steel,Morning,Intermediate,Line_A,0,0,0,0,0,0,0,0,0,0,0,0,0,0,0,0,No Defect
2223,73.77,125.4,3.15,109.56,85.0,56.92,69.58,4.86,617.6,4.51,1866.3,433.0,Lathe,Steel,Evening,Experienced,Line_D,0,0,0,1,0,1,1,1,1,0,0,0,0,0,0,0,No Defect
2224,77.28,109.85,3.5,85.0,66.4,67.8,82.88,10.2,605.0,3.98,2209.1,430.0,Lathe,Steel,Morning,Experienced,Line_A,1,0,1,0,0,1,0,1,0,1,0,1,0,0,0,0,No Defect
2225,71.05,129.58,3.1,109.85,85.0,50.09,49.18,3.61,709.0,4.16,2314.7,489.0,Press,Steel,Morning,Experienced,Line_B,0,0,0,1,0,0,1,1,1,1,0,0,0,0,0,0,No Defect
2226,76.12,122.31,1.68,84.91,,42.09,55.02,4.44,725.2,3.18,578.9,337.0,CNC,Steel,Evening,Experienced,Line_D,0,0,0,0,0,0,0,0,0,0,0,0,0,0,0,0,No Defect
2227,70.32,119.71,3.24,100.66,58.38,40.89,43.99,5.4,767.6,3.5,612.5,434.0,Milling,Steel,Night,Experienced,Line_D,0,0,0,0,0,0,0,0,0,0,0,0,1,0,0,1,Structural Defect
2228,81.85,137.07,4.23,119.33,47.31,46.16,49.06,2.78,839.8,2.84,1367.9,316.0,Press,Plastic,Evening,Experienced,Line_C,0,1,1,1,1,0,1,0,0,0,0,0,0,0,0,1,Structural Defect
2229,72.27,117.45,3.24,82.87,59.4,60.61,41.58,2.66,646.0,3.35,804.5,478.0,Milling,Plastic,Morning,Experienced,Line_D,0,0,0,0,0,0,0,0,0,0,0,0,0,0,0,0,No Defect
2230,71.72,107.77,4.72,100.73,68.07,62.27,56.21,8.96,730.9,,1960.5,352.0,CNC,Composite,Morning,Experienced,Line_B,0,0,0,0,1,0,0,0,0,1,0,0,0,0,0,0,No Defect
2231,70.92,128.23,2.84,99.88,57.32,64.64,38.51,3.31,721.2,3.65,729.4,388.0,Milling,Composite,Morning,Experienced,Line_D,0,0,0,1,0,0,0,0,0,0,0,1,0,0,0,0,No Defect
2232,74.17,112.98,3.31,106.38,52.91,54.0,46.0,5.1,888.5,3.04,1100.9,467.0,CNC,Aluminum,Night,Intermediate,Line_C,0,1,0,0,0,0,1,0,0,0,0,0,1,0,0,0,No Defect
2233,68.89,115.74,2.97,87.14,52.61,44.07,51.39,0.5,712.1,2.54,710.1,399.0,CNC,Composite,Morning,Intermediate,Line_C,0,0,0,0,0,0,0,0,0,0,0,0,0,0,0,0,No Defect
2234,83.13,122.98,2.34,98.47,60.43,48.55,39.78,2.85,880.6,2.5,1572.3,569.0,Press,Alloy,Evening,Expert,Line_A,0,1,1,0,0,0,0,0,0,0,1,0,0,0,1,0,No Defect
2235,73.06,110.3,2.02,89.98,70.69,47.94,51.93,4.09,836.9,3.48,968.2,486.0,Lathe,Steel,Evening,Intermediate,Line_C,0,1,0,0,0,0,0,1,1,0,0,0,0,0,1,0,No Defect
2236,72.27,106.67,2.45,126.44,67.96,40.07,51.03,,836.8,2.64,1203.8,557.0,CNC,Alloy,Evening,Expert,Line_B,0,1,0,0,0,0,1,0,0,0,1,0,0,0,1,0,No Defect
2237,72.4,122.85,4.02,105.24,55.77,63.56,44.57,4.15,830.3,3.04,1305.9,392.0,CNC,Composite,Morning,New,Line_A,0,1,0,0,1,0,1,0,0,0,0,1,0,1,0,1,Surface Defect
2238,,122.95,2.48,77.99,70.4,52.69,44.42,4.94,737.2,3.13,809.6,310.0,CNC,Alloy,Morning,Intermediate,Line_C,0,0,0,0,0,0,0,0,1,0,0,0,0,0,0,0,No Defect
2239,71.63,108.35,2.1,77.86,45.88,46.91,47.74,2.8,760.3,3.62,1144.5,338.0,Milling,Composite,Night,Intermediate,Line_A,0,0,0,0,0,0,0,0,0,0,0,0,1,0,0,0,No Defect
2240,71.72,123.9,3.38,97.7,57.16,59.23,66.1,10.05,725.6,2.63,2202.0,350.0,Press,Aluminum,Evening,New,Line_A,1,0,0,0,0,1,0,0,0,1,0,0,0,1,0,0,No Defect
2241,74.81,122.15,3.04,87.73,70.24,43.72,49.04,3.31,800.1,3.27,1351.1,366.0,CNC,Alloy,Evening,Intermediate,Line_D,0,0,0,0,0,0,0,0,1,0,0,0,0,0,0,0,No Defect
2242,70.45,113.67,2.8,94.66,61.98,46.1,51.21,2.42,796.4,3.43,925.1,324.0,Press,Steel,Evening,Expert,Line_D,0,0,0,0,0,0,0,0,0,0,0,0,0,0,0,0,No Defect
2243,72.92,117.75,4.26,107.28,61.28,52.33,70.04,9.05,701.4,2.58,2340.1,454.0,CNC,Steel,Morning,Intermediate,Line_A,1,0,0,0,1,1,1,0,0,1,0,0,0,0,0,1,Surface Defect
2244,71.71,121.7,2.74,109.63,63.74,49.65,63.93,4.09,782.5,4.57,1831.6,319.0,Lathe,Steel,Evening,Intermediate,Line_D,0,0,0,0,0,1,1,1,0,1,0,0,0,0,0,0,No Defect
2245,73.17,105.75,1.84,69.96,47.81,51.11,43.93,2.35,702.2,2.43,357.1,514.0,CNC,Plastic,Morning,Experienced,Line_C,0,0,0,0,0,0,0,0,0,0,1,0,0,0,0,0,No Defect
2246,72.43,107.6,3.95,91.0,75.42,43.39,65.03,13.52,697.1,2.96,2291.7,378.0,CNC,Alloy,Morning,Experienced,Line_A,1,0,0,0,1,1,0,0,1,1,0,0,0,0,0,0,No Defect
2247,77.33,115.0,1.89,90.11,70.02,40.94,52.93,4.12,740.6,3.01,1519.6,487.0,CNC,Alloy,Evening,Experienced,Line_A,0,0,1,0,0,0,0,0,1,0,0,0,0,0,0,0,No Defect
2248,73.92,138.58,3.4,95.83,77.98,53.53,49.46,6.53,708.4,4.15,2199.3,444.0,CNC,Alloy,Evening,Experienced,Line_A,0,0,0,1,1,0,0,1,1,1,0,0,0,0,0,0,No Defect
2249,69.58,118.61,2.02,88.33,66.43,44.35,48.67,1.46,755.7,3.05,1087.1,423.0,CNC,Steel,Evening,Intermediate,Line_C,0,0,0,0,0,0,0,0,0,0,0,0,0,0,0,0,No Defect
2250,74.31,124.21,2.3,119.11,73.87,50.44,54.03,4.08,712.8,4.19,2087.7,340.0,Milling,Composite,Evening,Intermediate,Line_B,0,0,0,0,0,0,1,1,1,1,0,0,0,0,0,0,No Defect
2251,74.02,109.76,3.69,101.76,63.43,59.76,56.13,2.92,841.5,3.08,1042.8,492.0,CNC,Steel,Evening,Experienced,Line_A,0,1,0,0,0,0,0,0,0,0,0,0,0,0,1,0,No Defect
2252,71.64,113.13,1.99,93.27,57.55,42.69,57.07,2.82,773.8,3.66,1438.7,361.0,Lathe,Aluminum,Morning,Intermediate,Line_B,0,0,0,0,0,0,0,0,0,0,0,0,0,0,0,1,Surface Defect
2253,76.71,98.45,3.48,92.13,70.24,42.79,43.1,0.5,746.6,3.15,805.1,446.0,Lathe,Steel,Evening,Intermediate,Line_A,0,0,0,0,0,0,0,0,1,0,0,0,0,0,0,0,No Defect
2254,78.66,,3.97,93.02,73.7,57.74,46.14,4.11,811.2,2.92,1696.4,499.0,CNC,Steel,Morning,Expert,Line_D,0,0,1,0,1,0,0,0,1,0,0,0,0,0,1,0,No Defect
2255,80.34,121.24,2.54,97.85,82.33,46.61,66.85,6.25,632.9,5.02,1881.2,437.0,Lathe,Alloy,Morning,Intermediate,Line_A,0,0,1,0,0,1,0,1,1,0,0,0,0,0,0,0,No Defect
2256,76.13,127.97,3.05,108.14,57.9,59.43,39.38,,768.6,2.91,1336.9,532.0,CNC,Composite,Night,Expert,Line_A,0,0,0,1,0,0,1,0,0,0,1,0,1,0,0,0,No Defect
2257,76.34,113.96,3.9,77.19,65.67,46.04,51.2,12.45,751.7,2.77,2191.8,290.0,CNC,Composite,Evening,Experienced,Line_A,1,0,0,0,1,0,0,0,0,1,0,0,0,0,0,0,No Defect
2258,76.98,125.59,1.91,84.91,63.83,56.14,34.2,2.92,712.0,3.37,1465.1,,Press,Steel,Morning,Experienced,Line_B,0,0,0,1,0,0,0,0,0,0,0,0,0,0,0,0,No Defect
2259,72.54,133.71,,115.57,72.93,53.1,66.46,5.59,689.3,4.23,1511.1,424.0,CNC,Alloy,Evening,Expert,Line_C,0,0,0,1,0,1,1,1,1,0,0,0,0,0,0,1,Material Defect
2260,73.56,102.87,1.4,82.42,59.13,42.36,49.57,1.69,699.1,2.77,1006.5,338.0,Milling,Alloy,Evening,Expert,Line_C,0,0,0,0,0,0,0,0,0,0,0,0,0,0,0,0,No Defect
2261,70.03,134.57,2.91,101.53,62.79,38.08,50.9,5.14,666.1,2.56,1189.3,343.0,CNC,Composite,Morning,Intermediate,Line_A,0,0,0,1,0,0,0,0,0,0,0,0,0,0,0,0,No Defect
2262,68.27,111.11,1.84,62.57,69.76,59.11,55.54,2.06,683.5,2.62,766.3,502.0,CNC,Alloy,Night,Experienced,Line_C,0,0,0,0,0,0,0,0,1,0,1,0,1,0,0,1,Material Defect
2263,68.75,112.3,2.8,80.89,64.85,55.48,34.61,5.87,,2.8,746.8,367.0,Milling,Aluminum,Evening,New,Line_C,0,0,0,0,0,0,0,0,0,0,0,0,0,1,0,0,No Defect
2264,75.35,102.81,2.4,86.22,64.22,53.46,28.97,3.33,804.4,2.81,616.5,359.0,Lathe,Steel,Morning,Intermediate,Line_A,0,0,0,0,0,0,0,0,0,0,0,0,0,0,0,0,No Defect
2265,73.31,130.07,5.1,102.47,67.37,58.26,66.17,12.62,716.0,2.8,2098.7,404.0,CNC,Alloy,Evening,Intermediate,Line_C,1,0,0,1,1,1,1,0,0,1,0,0,0,0,0,0,No Defect
2266,,121.19,1.86,94.58,70.47,46.12,52.58,4.03,796.4,3.54,547.2,286.0,Press,Steel,Night,Intermediate,Line_A,0,0,0,0,0,0,0,0,1,0,0,0,1,0,0,1,Assembly Defect
2267,75.67,109.19,4.48,114.48,61.82,52.38,65.02,10.47,688.0,3.45,1568.9,384.0,Press,Steel,Morning,Expert,Line_C,1,0,0,0,1,1,1,0,0,0,0,0,0,0,0,1,Assembly Defect
2268,70.39,120.69,2.09,88.78,60.41,51.25,56.69,5.31,691.6,3.41,1206.8,465.0,Press,Steel,Evening,Experienced,Line_C,0,0,0,0,0,0,0,0,0,0,0,0,0,0,0,0,No Defect
2269,68.81,129.19,2.63,93.37,69.58,52.6,44.25,0.97,720.6,2.69,377.4,504.0,Press,Composite,Morning,Experienced,Line_C,0,0,0,1,0,0,0,0,0,0,1,0,0,0,0,1,Structural Defect
2270,71.73,108.42,4.38,92.64,51.76,60.85,61.42,8.7,716.2,2.75,2655.3,449.0,Injection_Molding,Aluminum,Morning,Intermediate,Line_A,0,0,0,0,1,0,0,0,0,1,0,0,0,0,0,0,No Defect
2271,,107.46,2.55,112.97,61.94,47.54,41.7,3.06,780.4,2.93,985.5,478.0,CNC,Steel,Evening,Experienced,Line_A,0,0,0,0,0,0,1,0,0,0,0,0,0,0,1,0,No Defect
2272,71.46,133.9,2.55,110.0,72.49,48.68,46.88,7.02,737.6,3.64,1620.2,534.0,CNC,Composite,Evening,Intermediate,Line_C,0,0,0,1,0,0,1,0,1,0,1,0,0,0,0,0,No Defect
2273,69.22,123.84,2.83,92.82,66.08,42.31,40.88,5.97,809.5,3.11,1097.1,330.0,Milling,Alloy,Evening,Experienced,Line_A,0,0,0,0,0,0,0,0,0,0,0,0,0,0,0,0,No Defect
2274,79.34,100.45,2.22,75.73,60.97,39.24,48.34,4.86,734.1,2.81,1151.9,299.0,CNC,Alloy,Morning,Intermediate,Line_D,0,0,1,0,0,0,0,0,0,0,0,0,0,0,0,0,No Defect
2275,72.4,124.83,3.1,77.84,58.0,48.31,48.97,3.05,772.5,3.66,852.5,414.0,Press,Steel,Night,Intermediate,Line_A,0,0,0,0,0,0,0,0,0,0,0,0,1,0,0,0,No Defect
2276,72.41,110.59,2.57,125.73,72.16,44.29,40.41,,886.5,2.91,1603.7,586.0,Press,Steel,Morning,Experienced,Line_D,0,1,0,0,0,0,1,0,1,0,1,0,0,0,1,0,No Defect
2277,69.81,105.94,5.32,104.97,58.35,50.01,69.47,13.15,693.9,3.85,2394.0,306.0,Lathe,Steel,Morning,Expert,Line_C,1,0,0,0,1,1,0,1,0,1,0,0,0,0,0,1,Dimensional Defect
2278,71.55,117.99,2.44,126.81,52.01,53.73,42.63,2.63,872.9,2.18,1220.1,522.0,Milling,Steel,Evening,Expert,Line_B,0,1,0,0,0,0,1,0,0,0,1,0,0,0,1,1,Dimensional Defect
2279,76.61,111.36,2.51,85.42,53.24,48.71,49.23,1.96,766.1,2.62,1846.3,436.0,Injection_Molding,Aluminum,Morning,Intermediate,Line_A,0,0,0,0,0,0,0,0,0,0,0,0,0,0,0,0,No Defect
2280,73.7,124.16,3.25,117.36,67.79,58.09,43.78,,794.8,3.05,1101.9,461.0,CNC,Alloy,Morning,Experienced,Line_A,0,0,0,0,0,0,1,0,0,0,0,0,0,0,1,0,No Defect
2281,80.08,118.35,3.88,106.51,71.86,57.82,51.94,12.33,779.6,3.62,2260.5,488.0,Lathe,Steel,Night,Experienced,Line_C,1,0,1,0,1,0,1,0,1,1,1,0,1,0,0,1,Structural Defect
2282,68.25,123.17,1.3,91.23,57.99,60.72,32.58,2.44,712.1,3.55,653.5,352.0,Injection_Molding,Alloy,Evening,Intermediate,Line_D,0,0,0,0,0,0,0,0,0,0,0,0,0,0,0,0,No Defect
2283,75.57,116.74,3.21,104.42,69.92,50.51,38.45,0.86,875.1,3.24,1024.9,441.0,Press,Aluminum,Night,Intermediate,Line_C,0,1,0,0,0,0,0,0,0,0,0,0,1,0,0,0,No Defect
2284,75.09,111.64,1.71,79.3,60.02,54.42,64.56,3.65,605.1,3.15,998.8,350.0,CNC,Steel,Morning,Intermediate,Line_A,0,0,0,0,0,1,0,0,0,0,0,0,0,0,0,0,No Defect
2285,77.84,126.87,2.48,104.86,78.92,59.76,62.83,3.71,743.5,3.58,2036.4,479.0,Injection_Molding,Steel,Morning,Experienced,Line_B,0,0,1,1,0,1,0,0,1,1,0,0,0,0,0,0,No Defect
2286,67.42,102.65,1.06,94.51,70.57,56.03,46.78,6.81,765.5,3.23,1181.2,367.0,Injection_Molding,Steel,Night,Experienced,Line_A,0,0,0,0,0,0,0,0,1,0,0,0,1,0,0,0,No Defect
2287,76.06,121.26,1.92,81.29,67.53,46.24,37.43,4.46,,3.2,657.9,434.0,Lathe,Steel,Night,Experienced,Line_B,0,0,0,0,0,0,0,0,0,0,0,0,1,0,0,0,No Defect
2288,70.93,117.17,2.62,99.33,67.24,43.96,42.38,3.33,733.6,3.49,1105.1,373.0,Injection_Molding,Steel,Morning,New,Line_D,0,0,0,0,0,0,0,0,1,0,0,0,0,1,0,0,No Defect
2289,74.87,138.5,2.52,121.05,53.61,54.43,31.18,3.47,816.0,3.22,1753.6,531.0,Press,Composite,Evening,Experienced,Line_A,0,0,0,1,0,0,1,0,0,0,1,0,0,0,1,0,No Defect
2290,77.66,97.5,5.64,95.13,49.21,63.56,47.47,11.32,772.3,3.3,1924.1,286.0,Injection_Molding,Plastic,Night,Intermediate,Line_A,1,0,1,0,1,0,0,0,0,0,0,1,1,0,0,0,No Defect
2291,78.63,127.38,2.16,127.81,68.25,55.74,56.99,7.15,761.9,4.52,1806.0,465.0,CNC,Composite,Night,New,Line_A,1,0,1,1,0,0,1,1,0,0,0,0,1,1,0,1,Structural Defect
2292,65.38,116.19,3.46,127.03,82.18,55.47,54.69,7.0,756.8,5.4,2009.1,390.0,Lathe,Steel,Evening,Experienced,Line_B,0,0,0,0,0,0,1,1,1,1,0,0,0,0,0,0,No Defect
2293,,118.33,3.91,114.48,64.35,48.71,40.77,4.14,773.6,2.34,1483.1,378.0,Lathe,Alloy,Morning,Intermediate,Line_A,0,0,0,0,1,0,1,0,0,0,0,0,0,0,0,0,No Defect
2294,76.29,106.84,2.13,101.08,,49.08,39.44,3.8,692.4,2.76,466.0,330.0,Press,Alloy,Evening,Intermediate,Line_A,0,0,0,0,0,0,0,0,0,0,0,0,0,0,0,0,No Defect
2295,69.19,125.21,3.34,119.75,81.1,41.16,52.49,5.08,777.9,2.69,1951.7,493.0,Lathe,Alloy,Evening,Experienced,Line_C,0,0,0,1,0,0,1,0,1,0,1,0,0,0,0,1,Material Defect
2296,76.72,,1.98,83.06,55.4,49.37,49.35,6.0,764.9,3.08,824.9,417.0,CNC,Aluminum,Night,Intermediate,Line_B,0,0,1,0,0,0,0,0,0,0,0,0,1,0,0,0,No Defect
2297,76.7,115.64,2.22,78.06,56.67,35.63,49.79,1.99,659.9,3.04,904.8,241.0,Lathe,Alloy,Morning,Expert,Line_B,0,0,0,0,0,0,0,0,0,0,0,0,0,0,0,0,No Defect
2298,80.4,112.21,3.98,116.54,55.9,40.78,48.88,11.33,768.1,2.64,1786.9,377.0,Press,Aluminum,Morning,Experienced,Line_A,1,0,1,0,1,0,1,0,0,0,0,0,0,0,0,1,Surface Defect
2299,83.53,122.57,2.78,124.26,61.43,56.8,45.03,4.61,,3.13,1316.9,393.0,CNC,Steel,Night,Experienced,Line_C,0,0,1,0,0,0,1,0,0,0,0,0,1,0,0,0,No Defect
2300,73.55,128.53,3.73,106.63,83.76,48.51,51.14,6.66,723.1,4.64,1614.0,499.0,CNC,Composite,Morning,Experienced,Line_B,0,0,0,1,1,0,1,1,1,0,0,0,0,0,0,0,No Defect
2301,77.75,118.24,3.12,113.79,48.84,64.72,51.82,3.31,764.0,2.15,1032.4,441.0,Milling,Alloy,Morning,Expert,Line_B,0,0,1,0,0,0,1,0,0,0,0,1,0,0,0,0,No Defect
2302,78.05,109.38,2.75,94.91,61.31,54.66,49.94,10.26,635.6,2.97,2159.2,390.0,Injection_Molding,Composite,Night,Experienced,Line_D,1,0,1,0,0,0,0,0,0,1,0,0,1,0,0,0,No Defect
2303,71.41,107.67,1.44,65.32,65.39,40.53,53.56,2.76,718.9,3.35,723.7,374.0,Injection_Molding,Alloy,Evening,Experienced,Line_D,0,0,0,0,0,0,0,0,0,0,0,0,0,0,0,0,No Defect
2304,68.82,117.94,2.05,94.02,73.92,57.26,44.28,0.67,848.6,3.14,789.9,468.0,Milling,Aluminum,Evening,Expert,Line_B,0,1,0,0,0,0,0,0,1,0,0,0,0,0,0,0,No Defect
2305,74.97,111.38,2.78,74.92,57.47,49.31,51.6,6.31,705.8,3.39,1162.4,315.0,Milling,Plastic,Night,Expert,Line_A,0,0,0,0,0,0,0,0,0,0,0,0,1,0,0,0,No Defect
2306,72.39,108.56,2.46,79.41,49.88,48.5,58.76,2.96,682.1,2.86,1273.4,435.0,CNC,Plastic,Night,Intermediate,Line_C,0,0,0,0,0,0,0,0,0,0,0,0,1,0,0,0,No Defect
2307,71.38,108.09,3.86,92.12,62.28,50.54,77.99,12.72,696.5,3.21,2018.4,324.0,Injection_Molding,Steel,Morning,Expert,Line_C,1,0,0,0,1,1,0,0,0,1,0,0,0,0,0,0,No Defect
2308,69.41,119.57,4.78,86.99,58.04,56.95,53.19,12.41,611.5,3.31,1932.7,392.0,Lathe,Alloy,Night,Experienced,Line_D,1,0,0,0,1,0,0,0,0,0,0,0,1,0,0,0,No Defect
2309,74.73,121.87,3.12,116.49,74.35,57.42,49.38,3.17,872.1,2.94,1531.5,299.0,Milling,Steel,Night,Expert,Line_D,0,1,0,0,0,0,1,0,1,0,0,0,1,0,0,0,No Defect
2310,73.81,106.51,5.75,108.97,60.89,55.23,55.1,15.07,690.6,3.46,1371.9,320.0,Injection_Molding,Alloy,Night,Experienced,Line_C,1,0,0,0,1,0,1,0,0,0,0,0,1,0,0,0,No Defect
2311,72.28,117.05,3.07,104.61,79.68,50.81,61.22,8.09,647.9,4.71,1176.7,448.0,Injection_Molding,Steel,Morning,Experienced,Line_A,0,0,0,0,0,0,0,1,1,0,0,0,0,0,0,0,No Defect
2312,73.73,118.19,,119.67,82.97,50.86,69.26,2.89,667.4,4.53,1905.9,391.0,Lathe,Aluminum,Night,Intermediate,Line_B,0,0,0,0,0,1,1,1,1,1,0,0,1,0,0,1,Structural Defect
2313,83.52,113.58,2.19,99.02,65.06,48.78,40.58,2.59,763.0,3.08,1091.1,408.0,CNC,Plastic,Evening,New,Line_D,0,0,1,0,0,0,0,0,0,0,0,0,0,1,0,0,No Defect
2314,70.21,109.69,2.85,92.27,66.17,46.83,47.13,5.68,775.4,3.37,836.4,581.0,CNC,Aluminum,Night,Intermediate,Line_A,0,0,0,0,0,0,0,0,0,0,1,0,1,0,0,0,No Defect
2315,79.32,107.98,1.88,114.33,59.7,45.2,40.34,5.06,864.0,3.34,1409.4,495.0,CNC,Composite,Evening,Expert,Line_C,0,1,1,0,0,0,1,0,0,0,0,0,0,0,1,0,No Defect
2316,77.82,124.82,2.83,114.81,68.04,50.66,40.5,8.74,890.0,2.61,1393.4,285.0,CNC,Alloy,Evening,Expert,Line_B,0,1,1,1,0,0,1,0,0,0,0,0,0,0,0,0,No Defect
2317,78.95,113.01,4.41,99.33,71.48,58.75,71.97,11.85,638.1,2.67,2259.1,467.0,Press,Steel,Night,Experienced,Line_B,1,0,1,0,1,1,0,0,1,1,0,0,1,0,0,1,Structural Defect
2318,77.68,114.4,2.43,86.6,63.58,41.51,52.91,3.92,761.0,2.42,432.1,269.0,Press,Alloy,Night,New,Line_B,0,0,1,0,0,0,0,0,0,0,0,0,1,1,0,0,No Defect
2319,69.3,112.64,3.59,80.51,,37.42,49.87,2.34,763.7,3.02,545.6,433.0,CNC,Steel,Evening,Intermediate,Line_C,0,0,0,0,0,0,0,0,0,0,0,0,0,0,0,0,No Defect
2320,72.14,110.36,2.15,100.05,69.01,39.02,38.09,4.46,754.0,3.06,1227.5,398.0,Press,Alloy,Evening,Expert,Line_D,0,0,0,0,0,0,0,0,1,0,0,0,0,0,0,0,No Defect
2321,74.1,124.38,2.69,104.17,80.43,44.5,40.97,3.48,825.0,3.99,902.3,407.0,CNC,Steel,Morning,New,Line_D,0,1,0,0,0,0,0,1,1,0,0,0,0,1,0,0,No Defect
2322,73.79,111.79,2.04,67.28,54.71,48.57,49.6,2.15,683.4,3.73,348.0,403.0,CNC,Alloy,Evening,Experienced,Line_B,0,0,0,0,0,0,0,1,0,0,0,0,0,0,0,0,No Defect
2323,70.08,130.4,3.14,128.8,79.92,,64.33,5.76,571.6,4.33,1355.2,472.0,CNC,Steel,Morning,Experienced,Line_C,0,0,0,1,0,1,1,1,1,0,0,0,0,0,0,1,Material Defect
2324,,102.77,2.43,64.06,64.06,47.73,33.92,2.14,830.6,3.08,984.7,409.0,Milling,Steel,Evening,Experienced,Line_C,0,1,0,0,0,0,0,0,0,0,0,0,0,0,0,0,No Defect
2325,73.79,124.47,3.25,106.98,58.05,,37.36,4.47,806.0,2.88,1303.4,433.0,Injection_Molding,Aluminum,Night,Experienced,Line_A,0,1,0,0,0,0,1,0,0,0,0,0,1,0,0,0,No Defect
2326,81.04,126.26,3.26,107.46,55.35,39.29,41.87,4.94,815.3,1.97,1562.6,415.0,Lathe,Aluminum,Evening,Intermediate,Line_D,0,1,1,1,0,0,1,0,0,0,0,0,0,0,0,0,No Defect
2327,74.02,116.93,2.1,99.82,72.44,56.32,45.02,6.45,766.0,3.41,1397.1,408.0,Milling,Steel,Night,Experienced,Line_D,0,0,0,0,0,0,0,0,1,0,0,0,1,0,0,0,No Defect
2328,74.16,123.34,2.85,94.6,54.49,53.69,41.68,4.1,801.8,3.56,666.7,446.0,CNC,Alloy,Morning,Experienced,Line_C,0,0,0,0,0,0,0,0,0,0,0,0,0,0,0,0,No Defect
2329,78.07,108.1,2.86,88.03,66.43,46.4,51.46,,773.0,3.52,1007.7,445.0,Injection_Molding,Steel,Morning,Experienced,Line_B,0,0,1,0,0,0,0,0,0,0,0,0,0,0,0,0,No Defect
2330,79.61,115.05,2.4,97.44,46.94,41.6,47.47,2.92,785.0,3.16,1195.5,568.0,Press,Aluminum,Night,Experienced,Line_A,0,0,1,0,0,0,0,0,0,0,1,0,1,0,1,1,Assembly Defect
2331,75.04,119.87,3.04,72.39,45.12,41.96,57.74,3.22,681.3,2.75,468.2,372.0,CNC,Plastic,Night,Experienced,Line_A,0,0,0,0,0,0,0,0,0,0,0,0,1,0,0,0,No Defect
2332,73.99,110.82,2.38,120.84,85.0,56.06,68.29,6.79,629.5,4.6,1778.7,,Injection_Molding,Composite,Evening,Experienced,Line_A,0,0,0,0,0,1,1,1,1,0,0,0,0,0,0,0,No Defect
2333,73.6,123.83,1.86,88.7,63.34,40.1,48.77,5.96,753.2,2.88,792.4,296.0,Injection_Molding,Steel,Morning,Experienced,Line_D,0,0,0,0,0,0,0,0,0,0,0,0,0,0,0,0,No Defect
2334,69.14,122.54,5.69,102.28,55.65,58.57,65.31,6.1,682.1,3.28,2217.0,435.0,Injection_Molding,Composite,Morning,Intermediate,Line_A,0,0,0,0,1,1,0,0,0,1,0,0,0,0,0,0,No Defect
2335,74.89,119.21,2.74,116.98,54.05,53.47,46.43,4.67,835.7,3.11,827.9,424.0,Press,Composite,Morning,Experienced,Line_A,0,1,0,0,0,0,1,0,0,0,0,0,0,0,0,0,No Defect
2336,72.04,117.39,1.9,76.29,51.45,45.13,40.39,3.84,784.2,3.49,1024.8,409.0,CNC,Steel,Morning,Experienced,Line_C,0,0,0,0,0,0,0,0,0,0,0,0,0,0,0,0,No Defect
2337,69.91,109.47,1.98,83.9,58.71,53.28,47.43,7.75,740.3,3.61,1349.3,458.0,Milling,Steel,Night,Experienced,Line_D,0,0,0,0,0,0,0,1,0,0,0,0,1,0,0,0,No Defect
2338,72.24,114.24,3.21,92.05,69.83,40.86,40.93,4.43,768.4,2.48,1071.7,480.0,CNC,Alloy,Morning,Intermediate,Line_C,0,0,0,0,0,0,0,0,0,0,0,0,0,0,0,0,No Defect
2339,82.3,122.47,3.36,99.21,64.46,43.56,48.51,3.27,786.0,3.11,1744.3,548.0,CNC,Steel,Morning,Experienced,Line_C,0,0,1,0,0,0,0,0,0,0,1,0,0,0,1,1,Dimensional Defect
2340,75.72,130.29,3.19,130.0,56.46,55.27,67.28,7.76,731.1,4.9,1538.2,575.0,Injection_Molding,Steel,Night,New,Line_B,1,0,0,1,0,1,1,1,0,0,1,0,1,1,0,1,Assembly Defect
2341,74.23,112.35,2.02,73.06,63.81,37.52,49.68,2.37,704.9,2.33,1026.4,217.0,Milling,Steel,Morning,Intermediate,Line_B,0,0,0,0,0,0,0,0,0,0,0,0,0,0,0,0,No Defect
2342,74.69,103.74,3.01,98.46,55.35,52.76,59.76,9.01,807.6,3.25,2127.2,404.0,CNC,Aluminum,Evening,Expert,Line_B,1,0,0,0,0,0,0,0,0,1,0,0,0,0,0,0,No Defect
2343,78.11,108.37,3.95,112.62,65.95,44.78,47.99,3.96,865.5,3.12,1126.5,335.0,Press,Aluminum,Morning,Expert,Line_A,0,1,1,0,1,0,1,0,0,0,0,0,0,0,0,0,No Defect
2344,79.17,111.31,4.86,92.66,45.0,62.12,68.55,10.49,635.6,3.03,2128.0,396.0,Press,Plastic,Night,Intermediate,Line_D,1,0,1,0,1,1,0,0,0,1,0,0,1,0,0,1,Surface Defect
2345,72.68,110.34,2.41,98.93,63.24,56.91,33.72,6.54,689.2,2.68,820.6,423.0,Lathe,Steel,Night,Intermediate,Line_C,0,0,0,0,0,0,0,0,0,0,0,0,1,0,0,0,No Defect
2346,65.41,116.36,5.17,89.04,66.59,61.88,67.06,9.78,620.7,2.81,2603.7,233.0,CNC,Steel,Evening,Intermediate,Line_A,1,0,0,0,1,1,0,0,0,1,0,0,0,0,0,0,No Defect
2347,72.62,122.03,3.6,96.94,70.68,50.86,57.67,11.86,804.1,3.27,2273.1,510.0,CNC,Steel,Evening,Intermediate,Line_C,1,0,0,0,0,0,0,0,1,1,1,0,0,0,1,1,Dimensional Defect
2348,82.2,133.0,2.93,125.7,80.45,54.15,54.2,7.81,819.2,3.98,1395.4,,Lathe,Aluminum,Evening,Experienced,Line_D,0,1,1,1,0,0,1,1,1,0,0,0,0,0,0,0,No Defect
2349,81.35,120.65,4.6,114.67,69.58,57.56,50.23,3.36,831.3,3.38,1112.3,422.0,CNC,Alloy,Morning,Experienced,Line_B,0,1,1,0,1,0,1,0,0,0,0,0,0,0,0,0,No Defect
2350,76.47,112.43,2.18,74.8,58.14,43.89,43.43,1.21,719.3,2.38,883.1,265.0,Press,Aluminum,Night,Expert,Line_A,0,0,0,0,0,0,0,0,0,0,0,0,1,0,0,0,No Defect
2351,79.42,,2.47,75.98,59.98,47.26,57.22,6.31,701.0,3.1,1135.0,391.0,Press,Aluminum,Evening,Experienced,Line_B,0,0,1,0,0,0,0,0,0,0,0,0,0,0,0,0,No Defect
2352,76.53,120.93,2.0,98.42,47.11,46.23,34.79,3.04,760.4,2.61,1014.7,299.0,Press,Aluminum,Night,Intermediate,Line_C,0,0,0,0,0,0,0,0,0,0,0,0,1,0,0,0,No Defect
2353,72.9,118.65,2.56,88.55,45.0,53.99,49.62,2.28,765.3,3.66,756.2,404.0,Lathe,Plastic,Morning,Intermediate,Line_B,0,0,0,0,0,0,0,0,0,0,0,0,0,0,0,0,No Defect
2354,77.21,129.46,2.69,124.36,64.85,43.07,36.17,4.92,830.1,1.86,,580.0,Injection_Molding,Aluminum,Evening,New,Line_B,0,1,1,1,0,0,1,0,0,0,1,0,0,1,1,0,No Defect
2355,73.05,125.0,2.23,118.84,72.47,46.76,63.76,6.04,696.3,3.11,1170.6,374.0,Press,Aluminum,Morning,Intermediate,Line_B,0,0,0,1,0,1,1,0,1,0,0,0,0,0,0,0,No Defect
2356,71.62,113.21,2.01,79.93,63.47,54.04,47.05,5.24,829.6,3.21,1226.5,348.0,CNC,Alloy,Morning,Intermediate,Line_B,0,1,0,0,0,0,0,0,0,0,0,0,0,0,0,0,No Defect
2357,72.9,131.65,3.77,112.55,78.54,44.38,53.06,7.3,669.2,4.14,1734.5,474.0,CNC,Alloy,Evening,Experienced,Line_A,0,0,0,1,1,0,1,1,1,0,0,0,0,0,0,0,No Defect
2358,79.86,122.22,1.96,97.73,59.97,48.53,54.6,3.47,738.7,2.14,1041.2,426.0,Press,Plastic,Night,Expert,Line_D,0,0,1,0,0,0,0,0,0,0,0,0,1,0,0,0,No Defect
2359,73.07,108.61,4.17,107.29,76.63,52.93,62.08,10.81,807.0,2.96,1891.3,390.0,Milling,Alloy,Evening,Experienced,Line_B,1,0,0,0,1,1,1,0,1,0,0,0,0,0,0,1,Surface Defect
2360,70.88,114.53,2.12,106.64,66.83,47.78,50.71,5.23,784.9,3.82,664.2,352.0,Press,Steel,Night,Expert,Line_C,0,0,0,0,0,0,1,1,0,0,0,0,1,0,0,1,Surface Defect
2361,75.34,122.37,2.19,96.12,59.93,38.55,41.02,6.53,802.6,3.08,1264.3,423.0,Injection_Molding,Aluminum,Evening,Experienced,Line_B,0,0,0,0,0,0,0,0,0,0,0,0,0,0,0,0,No Defect
2362,79.03,122.44,1.51,84.18,66.32,36.29,42.49,1.27,740.1,3.06,1239.2,345.0,Press,Steel,Evening,Experienced,Line_D,0,0,1,0,0,0,0,0,0,0,0,0,0,0,0,0,No Defect
2363,74.3,124.37,2.18,122.4,75.32,45.84,74.83,4.75,708.7,4.64,1963.7,565.0,CNC,Steel,Evening,Intermediate,Line_C,0,0,0,0,0,1,1,1,1,0,1,0,0,0,0,1,Material Defect
2364,81.27,106.56,4.95,,79.83,55.25,54.2,11.13,682.4,2.59,2381.5,393.0,Lathe,Alloy,Morning,Intermediate,Line_B,1,0,1,0,1,0,0,0,1,1,0,0,0,0,0,0,No Defect
2365,81.31,133.19,,120.25,64.73,51.14,37.3,8.37,756.4,4.74,1516.6,490.0,Press,Plastic,Morning,Intermediate,Line_A,0,0,1,1,0,0,1,1,0,0,0,0,0,0,1,1,Structural Defect
2366,72.34,101.95,2.51,80.47,71.75,49.46,48.74,2.64,760.3,3.36,906.3,475.0,Injection_Molding,Alloy,Evening,Experienced,Line_A,0,0,0,0,0,0,0,0,1,0,0,0,0,0,0,0,No Defect
2367,75.87,134.65,2.49,120.67,77.34,41.87,77.53,7.85,649.3,4.89,1736.7,386.0,Injection_Molding,Steel,Night,Expert,Line_B,0,0,0,1,0,1,1,1,1,0,0,0,1,0,0,1,Material Defect
2368,73.1,100.75,3.65,,56.37,,61.0,8.6,707.4,3.45,1746.8,368.0,Milling,Composite,Night,Experienced,Line_B,0,0,0,0,0,0,1,0,0,0,0,0,1,0,0,0,No Defect
2369,66.42,105.07,3.8,77.45,68.92,44.58,74.72,10.56,667.1,3.63,2249.9,361.0,Lathe,Composite,Morning,Intermediate,Line_A,1,0,0,0,1,1,0,0,1,1,0,0,0,0,0,1,Structural Defect
2370,79.86,113.99,3.45,99.51,48.49,48.99,,3.6,751.8,2.59,1029.7,471.0,Milling,Plastic,Morning,Experienced,Line_C,0,0,1,0,0,0,0,0,0,0,0,0,0,0,0,0,No Defect
2371,72.18,118.84,2.51,93.63,53.84,48.66,55.66,5.61,666.3,2.87,1230.3,281.0,Injection_Molding,Steel,Night,Expert,Line_B,0,0,0,0,0,0,0,0,0,0,0,0,1,0,0,0,No Defect
2372,72.79,117.12,2.08,88.75,64.37,41.53,47.57,5.61,762.2,3.13,1114.0,329.0,CNC,Alloy,Morning,Expert,Line_B,0,0,0,0,0,0,0,0,0,0,0,0,0,0,0,0,No Defect
2373,70.61,113.43,1.1,95.44,58.02,43.17,61.77,4.41,775.2,2.94,1144.5,432.0,Press,Composite,Morning,Experienced,Line_B,0,0,0,0,0,0,0,0,0,0,0,0,0,0,0,1,Material Defect
2374,75.15,113.11,2.07,80.64,59.69,43.36,51.28,2.92,769.2,2.41,1475.7,420.0,Milling,Aluminum,Morning,Experienced,Line_D,0,0,0,0,0,0,0,0,0,0,0,0,0,0,0,0,No Defect
2375,72.69,118.73,4.03,108.97,59.99,44.67,48.81,3.47,805.3,3.31,817.4,492.0,Lathe,Aluminum,Morning,Expert,Line_B,0,0,0,0,1,0,1,0,0,0,1,0,0,0,1,0,No Defect
2376,78.48,117.09,2.94,102.41,57.98,49.54,38.54,4.37,872.4,3.11,778.5,447.0,Injection_Molding,Alloy,Night,Expert,Line_B,0,1,1,0,0,0,0,0,0,0,0,0,1,0,0,0,No Defect
2377,73.57,123.81,3.25,109.56,65.69,52.04,52.42,5.67,693.9,3.84,1998.3,345.0,Injection_Molding,Steel,Night,Experienced,Line_C,0,0,0,0,0,0,1,1,0,0,0,0,1,0,0,0,No Defect
2378,76.52,122.1,1.61,80.95,45.53,63.28,33.24,7.34,806.4,3.23,1430.0,469.0,Lathe,Aluminum,Morning,Experienced,Line_B,1,0,0,0,0,0,0,0,0,0,0,1,0,0,0,1,Surface Defect
2379,78.94,131.29,3.83,110.38,62.47,61.91,33.37,4.47,853.6,3.58,913.7,475.0,Press,Alloy,Night,Intermediate,Line_C,0,1,1,1,1,0,1,0,0,0,0,0,1,0,1,0,No Defect
2380,71.85,131.58,,105.76,65.19,50.53,53.49,3.91,701.3,4.09,1858.9,496.0,CNC,Alloy,Morning,Experienced,Line_A,0,0,0,1,0,0,1,1,0,1,0,0,0,0,0,0,No Defect
2381,75.65,128.8,3.43,130.0,85.0,49.75,55.5,6.7,669.9,4.3,2228.0,401.0,Press,Steel,Morning,Intermediate,Line_A,0,0,0,1,0,0,1,1,1,1,0,0,0,0,0,0,No Defect
2382,79.69,128.94,3.55,107.46,72.28,55.64,51.76,5.42,633.8,3.96,1622.2,402.0,Lathe,Aluminum,Evening,New,Line_A,0,0,1,1,0,0,1,1,1,0,0,0,0,1,0,0,No Defect
2383,63.29,107.35,2.29,87.94,66.58,43.36,,2.58,755.0,3.13,1061.7,458.0,Milling,Alloy,Morning,New,Line_A,0,0,0,0,0,0,0,0,0,0,0,0,0,1,0,1,Structural Defect
2384,74.47,123.18,2.66,113.06,70.95,38.59,33.05,5.57,894.2,3.4,1079.1,576.0,Press,Steel,Morning,Intermediate,Line_A,0,1,0,0,0,0,1,0,1,0,1,0,0,0,1,1,Assembly Defect
2385,79.52,121.77,2.19,122.73,58.5,44.05,41.97,5.69,801.1,3.32,1686.4,349.0,Lathe,Aluminum,Morning,Intermediate,Line_D,0,1,1,0,0,0,1,0,0,0,0,0,0,0,0,1,Assembly Defect
2386,73.64,116.31,1.51,64.64,67.79,48.1,39.87,5.29,694.1,2.82,1096.5,302.0,Lathe,Alloy,Night,Intermediate,Line_D,0,0,0,0,0,0,0,0,0,0,0,0,1,0,0,0,No Defect
2387,70.9,135.75,2.97,93.54,73.11,48.2,62.86,4.07,743.1,3.49,685.3,339.0,CNC,Alloy,Morning,Experienced,Line_D,0,0,0,1,0,1,0,0,1,0,0,0,0,0,0,1,Surface Defect
2388,76.59,123.47,3.51,87.36,56.39,53.28,51.5,2.6,772.3,2.42,1431.8,500.0,Injection_Molding,Plastic,Evening,Intermediate,Line_D,0,0,0,1,0,0,0,0,0,0,1,0,0,0,0,0,No Defect
2389,70.96,123.45,4.15,125.48,,55.92,50.72,11.06,687.7,3.33,1968.0,376.0,Press,Composite,Evening,Experienced,Line_A,1,0,0,0,1,0,1,0,0,0,0,0,0,0,0,0,No Defect
2390,67.81,134.17,2.75,114.68,76.55,56.76,60.64,3.63,716.3,4.21,1612.7,474.0,CNC,Steel,Evening,Intermediate,Line_C,0,0,0,1,0,1,1,1,1,0,0,0,0,0,0,1,Material Defect
2391,75.72,119.45,2.91,78.55,57.47,44.68,48.75,3.18,703.9,3.23,808.3,349.0,CNC,Steel,Morning,Experienced,Line_D,0,0,1,0,0,0,0,0,0,0,0,0,0,0,0,0,No Defect
2392,,121.36,2.22,77.61,53.58,51.51,56.62,3.16,668.1,3.29,734.5,309.0,Milling,Alloy,Night,Intermediate,Line_A,0,0,0,0,0,0,0,0,0,0,0,0,1,0,0,0,No Defect
2393,69.94,111.73,1.0,73.67,62.1,41.32,31.14,0.95,790.9,2.98,937.2,376.0,CNC,Steel,Morning,Intermediate,Line_C,0,0,0,0,0,0,0,0,0,0,0,0,0,0,0,0,No Defect
2394,72.53,119.53,2.12,69.88,60.04,38.25,35.91,5.8,696.8,3.54,596.2,333.0,Milling,Steel,Morning,Expert,Line_B,0,0,0,0,0,0,0,1,0,0,0,0,0,0,0,0,No Defect
2395,76.45,108.71,1.25,69.89,57.18,43.12,53.63,1.95,700.8,2.97,1231.7,329.0,Injection_Molding,Composite,Morning,Intermediate,Line_C,0,0,0,0,0,0,0,0,0,0,0,0,0,0,0,0,No Defect
2396,77.98,138.07,1.69,111.12,62.34,50.84,75.19,3.47,634.8,3.3,2043.4,526.0,Press,Plastic,Night,Intermediate,Line_C,0,0,1,1,0,1,1,0,0,1,1,0,1,0,0,1,Assembly Defect
2397,73.41,106.17,5.54,113.17,56.28,52.52,52.38,12.97,703.2,3.56,2205.1,380.0,Lathe,Steel,Evening,Expert,Line_B,1,0,0,0,1,0,1,0,0,1,0,0,0,0,0,0,No Defect
2398,77.69,131.28,3.06,120.69,73.08,56.86,48.57,3.73,792.9,3.23,739.1,580.0,Press,Steel,Evening,Intermediate,Line_C,0,0,1,1,0,0,1,0,1,0,1,0,0,0,1,1,Structural Defect
2399,75.73,126.79,2.29,115.18,55.36,51.98,34.55,5.93,834.8,3.1,1384.2,557.0,Press,Composite,Night,Expert,Line_B,0,1,1,1,0,0,1,0,0,0,1,0,1,0,1,1,Dimensional Defect
2400,75.0,130.74,2.51,112.55,69.09,49.8,70.85,5.06,,4.07,1301.7,443.0,Press,Aluminum,Evening,Expert,Line_B,0,0,0,1,0,1,1,1,0,0,0,0,0,0,0,0,No Defect
2401,70.83,110.93,2.03,104.41,70.12,58.74,47.99,2.91,795.8,3.29,313.4,519.0,Injection_Molding,Steel,Morning,Experienced,Line_D,0,1,0,0,0,0,0,0,1,0,1,0,0,0,1,0,No Defect
2402,78.63,140.0,1.88,116.42,66.46,51.38,74.42,4.66,672.8,3.93,1748.7,517.0,Lathe,Plastic,Night,Experienced,Line_C,0,0,1,1,0,1,1,1,0,0,1,0,1,0,0,0,No Defect
2403,69.6,128.56,2.6,103.17,73.93,49.98,58.75,5.08,746.3,3.79,1964.2,453.0,Injection_Molding,Alloy,Morning,Expert,Line_D,0,0,0,1,0,0,0,1,1,1,0,0,0,0,0,0,No Defect
2404,78.3,132.62,2.79,113.45,66.64,53.37,54.74,7.22,703.1,4.02,1881.2,463.0,CNC,Plastic,Morning,Expert,Line_A,0,0,1,1,0,0,1,1,0,0,0,0,0,0,0,0,No Defect
2405,76.12,115.61,3.12,84.93,80.13,42.18,38.24,4.52,846.0,3.96,884.3,486.0,Lathe,Alloy,Evening,Experienced,Line_C,0,1,0,0,0,0,0,1,1,0,0,0,0,0,1,0,No Defect
2406,72.78,119.65,1.79,97.05,72.14,35.0,48.41,2.63,684.4,3.17,894.2,229.0,Press,Steel,Night,Intermediate,Line_A,0,0,0,0,0,0,0,0,1,0,0,0,1,0,0,0,No Defect
2407,77.99,119.47,2.78,130.0,,57.03,36.95,5.08,777.2,,1301.4,506.0,CNC,Aluminum,Night,Intermediate,Line_B,0,0,1,0,0,0,1,0,0,0,1,0,1,0,0,0,No Defect
2408,76.32,118.35,2.42,95.62,65.75,46.81,49.29,4.12,779.4,3.42,1090.7,358.0,Injection_Molding,Steel,Morning,Experienced,Line_C,0,0,0,0,0,0,0,0,0,0,0,0,0,0,0,0,No Defect
2409,71.76,133.54,2.86,90.95,65.41,50.1,41.37,5.56,661.9,2.78,960.6,381.0,CNC,Alloy,Morning,Expert,Line_B,0,0,0,1,0,0,0,0,0,0,0,0,0,0,0,0,No Defect
2410,74.81,117.81,2.73,85.08,70.92,41.84,59.85,4.44,722.3,2.97,831.4,319.0,Milling,Steel,Morning,New,Line_D,0,0,0,0,0,0,0,0,1,0,0,0,0,1,0,0,No Defect
2411,79.94,124.03,2.93,111.34,65.33,53.39,38.96,2.9,868.9,2.77,1020.3,349.0,Injection_Molding,Alloy,Morning,Experienced,Line_C,0,1,1,0,0,0,1,0,0,0,0,0,0,0,0,0,No Defect
2412,71.47,108.58,2.94,77.91,55.35,40.9,41.5,7.51,644.5,3.29,1310.7,386.0,CNC,Aluminum,Night,New,Line_B,0,0,0,0,0,0,0,0,0,0,0,0,1,1,0,0,No Defect
2413,72.08,115.18,3.11,92.99,54.99,44.12,47.38,4.03,713.8,3.89,848.4,512.0,Milling,Composite,Morning,Experienced,Line_C,0,0,0,0,0,0,0,1,0,0,1,0,0,0,0,0,No Defect
2414,72.6,121.34,2.71,122.1,57.79,58.52,45.35,2.89,735.6,2.87,1135.3,586.0,CNC,Composite,Morning,Experienced,Line_B,0,0,0,0,0,0,1,0,0,0,1,0,0,0,0,1,Assembly Defect
2415,76.92,119.81,4.59,81.23,65.66,56.12,71.76,11.58,668.0,3.55,1922.0,405.0,Milling,Steel,Morning,Intermediate,Line_C,1,0,0,0,1,1,0,0,0,0,0,0,0,0,0,0,No Defect
2416,70.25,126.33,2.91,86.77,57.98,53.3,39.49,4.09,785.9,3.19,772.1,450.0,Press,Aluminum,Morning,Expert,Line_B,0,0,0,1,0,0,0,0,0,0,0,0,0,0,1,0,No Defect
2417,78.87,119.64,2.57,104.19,62.55,41.44,39.94,4.16,810.3,3.07,854.7,501.0,Milling,Steel,Morning,Experienced,Line_C,0,0,1,0,0,0,0,0,0,0,1,0,0,0,1,0,No Defect
2418,71.16,111.79,1.7,67.49,53.95,40.44,36.0,3.56,778.1,2.58,800.9,315.0,CNC,Plastic,Evening,Expert,Line_A,0,0,0,0,0,0,0,0,0,0,0,0,0,0,0,0,No Defect
2419,74.91,118.19,2.74,113.12,75.76,47.16,40.22,5.93,767.2,3.6,940.8,460.0,Milling,Steel,Morning,Experienced,Line_C,0,0,0,0,0,0,1,0,1,0,0,0,0,0,0,0,No Defect
2420,78.76,129.96,3.03,113.36,78.83,51.91,50.68,6.08,772.4,4.09,1776.1,482.0,Injection_Molding,Plastic,Night,Expert,Line_D,0,0,1,1,0,0,1,1,1,0,0,0,1,0,0,0,No Defect
2421,73.84,105.01,3.92,102.12,45.0,52.85,38.83,2.95,844.2,3.27,921.0,429.0,Press,Plastic,Morning,New,Line_C,0,1,0,0,1,0,0,0,0,0,0,0,0,1,0,0,No Defect
2422,70.99,123.99,1.71,89.7,45.0,40.33,57.07,1.78,729.3,,514.1,447.0,Press,Plastic,Morning,Experienced,Line_A,0,0,0,0,0,0,0,0,0,0,0,0,0,0,0,0,No Defect
2423,73.25,106.99,4.08,91.96,63.34,61.98,53.69,10.65,703.6,3.02,1865.0,267.0,Lathe,Alloy,Morning,Experienced,Line_A,1,0,0,0,1,0,0,0,0,0,0,0,0,0,0,0,No Defect
2424,76.4,131.03,3.2,111.02,71.16,54.6,60.76,4.62,680.0,4.59,1630.5,438.0,Injection_Molding,Alloy,Night,Expert,Line_D,0,0,0,1,0,0,1,1,1,0,0,0,1,0,0,1,Assembly Defect
2425,78.78,123.71,1.67,73.18,64.57,51.65,49.65,2.34,760.0,3.16,558.7,319.0,Milling,Alloy,Evening,Expert,Line_A,0,0,1,0,0,0,0,0,0,0,0,0,0,0,0,0,No Defect
2426,74.51,122.79,3.01,129.15,60.34,48.96,42.33,1.11,,2.03,1088.7,292.0,Press,Alloy,Morning,Expert,Line_C,0,0,0,1,0,0,1,0,0,0,0,0,0,0,0,0,No Defect
2427,69.21,116.96,5.12,89.74,57.64,53.43,52.68,12.75,706.6,2.5,2251.2,174.0,Lathe,Alloy,Evening,Experienced,Line_B,1,0,0,0,1,0,0,0,0,1,0,0,0,0,0,0,No Defect
2428,67.99,123.7,,105.96,55.73,51.51,33.77,1.79,719.8,,913.2,409.0,Lathe,Aluminum,Evening,Expert,Line_A,0,0,0,0,0,0,1,0,0,0,0,0,0,0,0,0,No Defect
2429,77.78,118.16,2.4,117.86,70.9,43.7,45.09,3.43,851.1,2.77,1427.7,458.0,Milling,Steel,Evening,Experienced,Line_B,0,1,1,0,0,0,1,0,1,0,0,0,0,0,1,0,No Defect
2430,73.37,114.38,1.45,83.63,57.37,49.42,46.15,3.59,800.8,3.57,1657.5,451.0,Injection_Molding,Steel,Evening,Experienced,Line_C,0,0,0,0,0,0,0,0,0,0,0,0,0,0,0,0,No Defect
2431,75.93,134.83,2.96,108.99,74.96,47.6,61.18,7.31,682.8,3.63,2031.2,449.0,Press,Aluminum,Morning,Intermediate,Line_C,0,0,0,1,0,0,1,0,1,1,0,0,0,0,0,0,No Defect
2432,72.92,125.17,1.38,72.79,52.45,36.02,43.33,4.02,813.9,2.89,243.6,451.0,Milling,Plastic,Morning,Expert,Line_D,0,1,0,1,0,0,0,0,0,0,0,0,0,0,0,1,Structural Defect
2433,72.9,126.4,2.45,90.88,67.79,46.47,45.09,4.01,794.2,,965.4,610.0,CNC,Plastic,Morning,New,Line_C,0,0,0,1,0,0,0,0,0,0,1,0,0,1,1,0,No Defect
2434,69.35,100.18,4.75,113.05,63.33,60.07,61.49,8.97,675.4,2.84,2346.1,344.0,Press,Alloy,Night,Experienced,Line_D,0,0,0,0,1,0,1,0,0,1,0,0,1,0,0,0,No Defect
2435,79.64,116.07,3.75,120.27,55.3,51.99,44.28,1.04,816.9,2.87,1156.0,393.0,Injection_Molding,Aluminum,Evening,Intermediate,Line_A,0,0,1,0,1,0,1,0,0,0,0,0,0,0,0,0,No Defect
2436,70.91,115.86,2.5,97.87,71.38,50.91,56.23,5.46,737.8,4.08,308.0,413.0,Injection_Molding,Steel,Night,Expert,Line_C,0,0,0,0,0,0,0,1,1,0,0,0,1,0,0,0,No Defect
2437,73.33,114.0,1.66,75.19,69.22,50.2,43.03,2.21,690.4,3.54,668.9,,Milling,Steel,Evening,Intermediate,Line_B,0,0,0,0,0,0,0,0,0,0,0,0,0,0,0,0,No Defect
2438,,101.49,,89.74,66.08,46.14,48.73,4.8,709.0,2.99,1012.9,,Milling,Alloy,Evening,Intermediate,Line_A,0,0,0,0,0,0,0,0,0,0,0,0,0,0,0,0,No Defect
2439,84.19,135.15,3.41,124.34,85.0,57.68,62.8,5.37,686.0,4.39,1324.3,443.0,CNC,Steel,Morning,Experienced,Line_A,0,0,1,1,1,1,1,1,1,0,0,0,0,0,0,0,No Defect
2440,67.77,124.89,2.52,74.73,54.13,56.74,53.94,4.44,735.4,3.11,1085.0,471.0,Lathe,Plastic,Night,Expert,Line_B,0,0,0,0,0,0,0,0,0,0,0,0,1,0,0,0,No Defect
2441,78.12,109.4,3.09,116.28,61.91,46.92,36.98,3.28,750.7,3.04,943.3,539.0,Milling,Alloy,Evening,Experienced,Line_C,0,0,1,0,0,0,1,0,0,0,1,0,0,0,0,0,No Defect
2442,67.91,115.29,4.98,84.55,60.86,62.69,50.52,10.36,740.4,3.29,2082.2,287.0,Milling,Steel,Evening,Experienced,Line_A,1,0,0,0,1,0,0,0,0,1,0,0,0,0,0,0,No Defect
2443,71.57,114.53,1.35,82.93,48.32,44.32,44.58,2.18,761.5,3.54,788.5,442.0,Press,Aluminum,Evening,Expert,Line_C,0,0,0,0,0,0,0,0,0,0,0,0,0,0,0,0,No Defect
2444,73.65,114.83,5.03,,76.97,53.37,57.07,10.39,786.1,2.71,2187.4,287.0,CNC,Steel,Evening,Experienced,Line_A,1,0,0,0,1,0,0,0,1,1,0,0,0,0,0,1,Surface Defect
2445,73.02,119.91,2.26,87.14,45.0,45.73,45.68,4.46,768.9,2.66,1107.1,423.0,CNC,Plastic,Evening,Experienced,Line_D,0,0,0,0,0,0,0,0,0,0,0,0,0,0,0,0,No Defect
2446,74.24,124.68,2.94,116.45,70.35,40.16,56.28,4.85,714.9,4.69,1490.2,458.0,Press,Alloy,Evening,Experienced,Line_D,0,0,0,0,0,0,1,1,1,0,0,0,0,0,0,0,No Defect
2447,72.3,118.6,2.39,102.25,55.2,49.04,43.78,2.24,822.5,3.45,1167.3,422.0,Injection_Molding,Composite,Morning,Expert,Line_A,0,1,0,0,0,0,0,0,0,0,0,0,0,0,0,0,No Defect
2448,78.4,113.71,2.99,94.34,68.23,35.92,47.25,6.1,727.1,,1356.5,451.0,Press,Aluminum,Evening,Experienced,Line_D,0,0,1,0,0,0,0,0,1,0,0,0,0,0,0,0,No Defect
2449,78.64,118.47,3.13,99.46,54.37,51.63,41.42,5.01,792.1,2.8,943.4,473.0,Milling,Plastic,Evening,Expert,Line_A,0,0,1,0,0,0,0,0,0,0,0,0,0,0,1,0,No Defect
2450,69.26,112.43,2.33,77.2,56.11,59.23,,3.86,745.7,3.01,809.1,373.0,CNC,Plastic,Morning,Experienced,Line_C,0,0,0,0,0,0,0,0,0,0,0,0,0,0,0,0,No Defect
2451,68.44,112.88,3.55,88.84,64.81,56.07,66.04,15.19,735.8,3.67,2234.2,311.0,Lathe,Alloy,Evening,Expert,Line_B,1,0,0,0,0,1,0,0,0,1,0,0,0,0,0,0,No Defect
2452,75.32,123.56,1.0,90.82,63.55,50.1,40.83,6.51,720.6,3.42,399.2,455.0,Press,Steel,Night,Experienced,Line_C,0,0,0,0,0,0,0,0,0,0,0,0,1,0,0,0,No Defect
2453,72.36,124.79,1.95,69.2,45.0,45.46,44.53,3.9,670.3,3.29,823.1,233.0,CNC,Plastic,Evening,Expert,Line_D,0,0,0,0,0,0,0,0,0,0,0,0,0,0,0,0,No Defect
2454,72.55,119.97,3.2,98.76,68.64,58.07,54.29,11.47,724.1,3.19,2270.3,206.0,Press,Alloy,Morning,New,Line_A,1,0,0,0,0,0,0,0,0,1,0,0,0,1,0,0,No Defect
2455,73.6,104.96,1.78,102.22,63.69,47.55,45.92,4.76,762.0,2.98,546.6,490.0,Press,Steel,Night,Experienced,Line_C,0,0,0,0,0,0,0,0,0,0,0,0,1,0,0,0,No Defect
2456,69.21,114.38,1.85,86.32,63.08,43.38,43.17,4.76,775.1,3.03,567.8,332.0,Milling,Alloy,Morning,Expert,Line_C,0,0,0,0,0,0,0,0,0,0,0,0,0,0,0,0,No Defect
2457,77.55,124.09,1.91,129.77,81.79,59.6,67.24,6.11,673.3,4.09,1729.1,389.0,Press,Steel,Night,Intermediate,Line_D,0,0,1,0,0,1,1,1,1,0,0,0,1,0,0,1,Structural Defect
2458,83.59,111.73,3.09,125.38,,56.5,42.48,3.44,883.7,3.01,1035.7,539.0,CNC,Aluminum,Morning,Experienced,Line_B,0,1,1,0,0,0,1,0,0,0,1,0,0,0,1,0,No Defect
2459,72.54,124.92,2.91,125.43,80.89,48.38,63.58,0.64,715.1,4.56,2205.9,468.0,Milling,Alloy,Morning,Expert,Line_C,0,0,0,0,0,1,1,1,1,1,0,0,0,0,0,0,No Defect
2460,73.13,127.67,2.75,123.87,64.01,47.68,33.69,3.91,846.1,2.42,1594.1,436.0,CNC,Alloy,Evening,Intermediate,Line_D,0,1,0,1,0,0,1,0,0,0,0,0,0,0,0,0,No Defect
2461,72.17,138.21,2.46,128.35,80.65,52.53,74.49,4.92,715.4,4.63,1831.3,326.0,Injection_Molding,Aluminum,Evening,Intermediate,Line_A,0,0,0,1,0,1,1,1,1,0,0,0,0,0,0,1,Dimensional Defect
2462,78.72,115.74,2.27,111.08,58.78,61.03,36.01,1.6,788.7,3.72,979.9,472.0,Injection_Molding,Aluminum,Evening,Experienced,Line_D,0,0,1,0,0,0,1,1,0,0,0,0,0,0,1,0,No Defect
2463,73.51,114.37,4.59,91.23,59.24,55.42,54.76,10.17,795.5,2.8,1902.3,335.0,Press,Aluminum,Morning,Intermediate,Line_C,1,0,0,0,1,0,0,0,0,0,0,0,0,0,0,1,Surface Defect
2464,63.93,116.76,3.19,99.03,65.79,43.96,34.49,4.6,795.9,3.93,1035.5,397.0,Injection_Molding,Steel,Evening,New,Line_C,0,0,0,0,0,0,0,1,0,0,0,0,0,1,0,1,Structural Defect
2465,67.19,129.42,3.31,82.89,46.18,68.19,50.38,2.46,700.4,2.93,1310.6,451.0,CNC,Plastic,Morning,Experienced,Line_A,0,0,0,1,0,0,0,0,0,0,0,1,0,0,0,1,Dimensional Defect
2466,70.66,118.06,1.42,75.93,63.64,55.63,40.81,2.25,825.1,3.34,839.1,290.0,Lathe,Aluminum,Morning,Experienced,Line_D,0,1,0,0,0,0,0,0,0,0,0,0,0,0,0,0,No Defect
2467,71.0,108.25,2.8,71.4,57.07,45.39,51.68,2.12,703.2,3.31,777.1,325.0,Milling,Steel,Morning,Experienced,Line_D,0,0,0,0,0,0,0,0,0,0,0,0,0,0,0,0,No Defect
2468,75.3,126.86,2.88,130.0,74.68,48.44,53.61,6.5,805.2,4.1,2327.8,416.0,Milling,Alloy,Night,Expert,Line_A,0,0,0,1,0,0,1,1,1,1,0,0,1,0,0,0,No Defect
2469,73.22,123.3,3.08,103.48,85.0,56.52,57.5,7.95,730.0,4.44,1820.3,452.0,CNC,Steel,Evening,Intermediate,Line_A,0,0,0,0,0,0,0,1,1,1,0,0,0,0,0,0,No Defect
2470,77.17,106.2,4.99,94.48,58.97,58.51,68.84,12.0,674.7,3.4,2000.8,234.0,Milling,Steel,Morning,Experienced,Line_C,1,0,1,0,1,1,0,0,0,1,0,0,0,0,0,0,No Defect
2471,75.06,132.35,3.3,111.11,47.84,53.43,40.39,3.86,806.8,3.22,1315.5,407.0,Press,Aluminum,Night,Experienced,Line_B,0,0,0,1,0,0,1,0,0,0,0,0,1,0,0,0,No Defect
2472,72.39,120.84,1.87,82.52,73.66,56.64,50.79,2.59,826.5,2.63,1141.5,478.0,CNC,Alloy,Morning,Expert,Line_C,0,1,0,0,0,0,0,0,1,0,0,0,0,0,1,0,No Defect
2473,76.87,109.43,2.32,88.38,57.58,46.87,52.94,3.1,725.3,3.63,1051.1,396.0,Lathe,Steel,Morning,Intermediate,Line_D,0,0,0,0,0,0,0,0,0,0,0,0,0,0,0,0,No Defect
2474,73.88,117.34,1.76,69.77,62.48,50.47,58.08,4.26,645.3,3.13,582.6,294.0,CNC,Steel,Evening,Expert,Line_A,0,0,0,0,0,0,0,0,0,0,0,0,0,0,0,0,No Defect
2475,71.9,115.58,6.0,86.53,57.22,57.6,79.95,15.4,652.2,3.37,2186.9,386.0,Lathe,Steel,Evening,Expert,Line_B,1,0,0,0,1,1,0,0,0,1,0,0,0,0,0,1,Surface Defect
2476,78.47,118.77,3.77,107.02,57.7,59.61,64.41,4.24,699.9,4.29,1601.4,424.0,Injection_Molding,Plastic,Night,Intermediate,Line_D,0,0,1,0,1,1,1,1,0,0,0,0,1,0,0,0,No Defect
2477,66.19,124.99,3.1,98.01,45.0,41.05,52.11,3.17,678.8,4.17,1009.3,497.0,Milling,Plastic,Evening,Experienced,Line_C,0,0,0,0,0,0,0,1,0,0,0,0,0,0,0,0,No Defect
2478,77.54,134.82,4.07,118.17,58.71,56.86,40.89,7.69,852.4,,1064.7,389.0,Press,Steel,Evening,Experienced,Line_C,0,1,1,1,1,0,1,0,0,0,0,0,0,0,0,0,No Defect
2479,80.11,140.0,2.76,128.51,76.34,41.73,76.17,3.94,672.7,4.61,1518.2,535.0,Press,Aluminum,Morning,Intermediate,Line_B,0,0,1,1,0,1,1,1,1,0,1,0,0,0,0,1,Material Defect
2480,73.63,105.14,4.31,91.42,66.56,64.58,73.71,10.59,717.2,2.96,1934.6,158.0,Injection_Molding,Steel,Evening,Intermediate,Line_B,1,0,0,0,1,1,0,0,0,0,0,1,0,0,0,1,Material Defect
2481,78.29,112.8,3.23,90.34,69.02,49.26,61.9,12.87,598.0,3.06,2204.0,453.0,Injection_Molding,Steel,Morning,New,Line_A,1,0,1,0,0,1,0,0,0,1,0,0,0,1,0,0,No Defect
2482,,134.73,2.67,110.27,77.45,66.28,54.49,6.68,652.0,3.91,2197.6,495.0,Milling,Aluminum,Evening,Expert,Line_A,0,0,0,1,0,0,1,1,1,1,0,1,0,0,0,0,No Defect
2483,73.72,133.78,1.69,125.16,74.92,54.25,66.34,3.61,655.5,4.59,2050.5,345.0,Press,Composite,Night,Experienced,Line_D,0,0,0,1,0,1,1,1,1,1,0,0,1,0,0,1,Dimensional Defect
2484,69.31,103.72,1.88,74.46,61.66,45.72,,6.16,723.1,2.81,107.2,,Press,Aluminum,Evening,Intermediate,Line_D,0,0,0,0,0,0,0,0,0,0,0,0,0,0,0,0,No Defect
2485,76.74,110.78,3.04,123.02,67.81,56.36,55.92,0.82,778.7,2.42,1313.7,428.0,Milling,Alloy,Morning,Experienced,Line_D,0,0,0,0,0,0,1,0,0,0,0,0,0,0,0,0,No Defect
2486,69.62,128.68,,95.02,50.53,58.51,46.21,3.57,783.7,2.91,1245.5,575.0,Lathe,Aluminum,Night,Expert,Line_C,0,0,0,1,0,0,0,0,0,0,1,0,1,0,1,0,No Defect
2487,77.99,134.71,2.49,115.45,84.12,47.52,54.42,5.58,757.6,4.94,2111.1,440.0,Injection_Molding,Alloy,Evening,New,Line_A,0,0,1,1,0,0,1,1,1,1,0,0,0,1,0,0,No Defect
2488,76.59,132.52,2.07,117.11,70.98,,69.03,8.25,641.5,3.03,2012.4,344.0,CNC,Alloy,Morning,Experienced,Line_A,0,0,1,1,0,1,1,0,1,1,0,0,0,0,0,0,No Defect
2489,70.99,117.84,4.58,,70.68,50.37,69.12,12.1,734.6,3.74,1741.1,300.0,CNC,Steel,Night,Experienced,Line_A,1,0,0,0,1,1,1,1,1,0,0,0,1,0,0,1,Surface Defect
2490,70.86,108.21,4.32,91.15,66.36,52.63,70.81,10.13,629.8,3.05,2284.2,289.0,Lathe,Plastic,Night,Expert,Line_A,1,0,0,0,1,1,0,0,0,1,0,0,1,0,0,0,No Defect
2491,72.05,122.29,2.13,75.43,64.17,47.07,44.58,4.34,677.4,2.54,203.6,378.0,Injection_Molding,Steel,Evening,Experienced,Line_C,0,0,0,0,0,0,0,0,0,0,0,0,0,0,0,0,No Defect
2492,76.38,133.95,2.61,124.83,64.66,53.46,53.86,1.61,796.2,2.8,1486.2,500.0,Press,Alloy,Morning,Experienced,Line_D,0,0,0,1,0,0,1,0,0,0,1,0,0,0,1,0,No Defect
2493,72.0,129.93,3.61,130.0,69.13,56.71,58.68,4.0,739.2,4.35,1542.3,615.0,Milling,Aluminum,Evening,Intermediate,Line_C,0,0,0,1,0,0,1,1,0,0,1,0,0,0,0,0,No Defect
2494,72.7,119.02,1.74,76.68,72.01,35.0,42.85,4.99,675.0,2.78,841.6,426.0,Injection_Molding,Steel,Morning,Intermediate,Line_A,0,0,0,0,0,0,0,0,1,0,0,0,0,0,0,0,No Defect
2495,77.25,118.46,3.2,104.31,58.21,,34.69,3.17,920.3,2.38,1468.7,437.0,Injection_Molding,Plastic,Morning,Experienced,Line_A,0,1,1,0,0,0,0,0,0,0,0,0,0,0,0,0,No Defect
2496,69.12,110.03,3.79,81.13,66.4,55.12,64.9,9.83,685.3,3.72,2574.1,298.0,CNC,Composite,Morning,Experienced,Line_A,1,0,0,0,1,1,0,1,0,1,0,0,0,0,0,0,No Defect
2497,71.98,109.57,1.74,76.89,55.11,56.41,51.0,2.42,730.3,2.69,987.5,361.0,Lathe,Plastic,Evening,Experienced,Line_C,0,0,0,0,0,0,0,0,0,0,0,0,0,0,0,0,No Defect
2498,72.42,126.99,1.85,89.74,59.68,59.05,49.02,6.98,715.3,3.1,686.2,362.0,Lathe,Steel,Morning,Experienced,Line_C,0,0,0,1,0,0,0,0,0,0,0,0,0,0,0,1,Surface Defect
2499,67.6,111.23,5.37,81.05,56.27,62.19,59.57,11.1,673.5,2.55,1827.7,396.0,Injection_Molding,Aluminum,Evening,Experienced,Line_A,1,0,0,0,1,0,0,0,0,0,0,0,0,0,0,0,No Defect
2500,71.83,122.21,2.26,85.34,57.45,43.97,49.04,3.23,653.6,2.62,964.4,185.0,Lathe,Alloy,Evening,Intermediate,Line_C,0,0,0,0,0,0,0,0,0,0,0,0,0,0,0,0,No Defect
2501,77.0,128.33,3.2,80.7,60.55,44.37,54.25,2.82,721.8,2.99,1034.3,333.0,Milling,Aluminum,Morning,Intermediate,Line_A,0,0,1,1,0,0,0,0,0,0,0,0,0,0,0,0,No Defect
2502,71.6,112.55,1.53,91.75,64.54,37.07,51.7,5.49,736.2,3.25,938.6,533.0,Injection_Molding,Alloy,Morning,Intermediate,Line_B,0,0,0,0,0,0,0,0,0,0,1,0,0,0,0,0,No Defect
2503,76.66,115.13,4.53,114.16,59.44,55.86,62.75,13.62,666.4,3.33,2239.6,327.0,CNC,Steel,Morning,Expert,Line_B,1,0,0,0,1,1,1,0,0,1,0,0,0,0,0,1,Material Defect
2504,76.64,111.07,3.88,80.7,55.72,57.5,66.55,14.02,699.6,2.56,2253.3,366.0,Lathe,Alloy,Morning,Expert,Line_A,1,0,0,0,1,1,0,0,0,1,0,0,0,0,0,1,Assembly Defect
2505,69.21,110.76,2.23,60.99,58.27,55.89,43.01,1.8,745.5,2.63,1190.4,402.0,Injection_Molding,Aluminum,Morning,Expert,Line_D,0,0,0,0,0,0,0,0,0,0,0,0,0,0,0,0,No Defect
2506,70.65,136.93,1.48,102.33,75.8,55.49,49.78,3.68,767.1,4.63,1994.7,414.0,Lathe,Aluminum,Night,Experienced,Line_A,0,0,0,1,0,0,1,1,1,0,0,0,1,0,0,0,No Defect
2507,83.68,111.35,3.11,123.93,62.76,49.62,45.6,5.91,807.4,2.6,1466.3,496.0,Press,Steel,Morning,Intermediate,Line_D,0,0,1,0,0,0,1,0,0,0,0,0,0,0,1,0,No Defect
2508,71.44,132.71,2.34,114.64,79.9,52.4,63.34,5.09,638.5,4.82,1392.4,532.0,Injection_Molding,Composite,Morning,Expert,Line_B,0,0,0,1,0,1,1,1,1,0,1,0,0,0,0,1,Structural Defect
2509,75.91,130.23,2.86,119.18,,48.88,39.62,4.08,769.6,2.95,1178.3,440.0,CNC,Aluminum,Morning,Expert,Line_B,0,0,0,1,0,0,1,0,0,0,0,0,0,0,0,0,No Defect
2510,72.74,118.44,2.91,92.35,58.81,47.16,46.74,4.93,756.1,3.83,572.0,531.0,Press,Plastic,Morning,New,Line_B,0,0,0,0,0,0,0,1,0,0,1,0,0,1,0,0,No Defect
2511,69.46,112.24,2.92,66.47,47.49,59.82,42.93,1.3,773.6,2.49,1073.5,459.0,CNC,Plastic,Evening,Expert,Line_D,0,0,0,0,0,0,0,0,0,0,0,0,0,0,0,0,No Defect
2512,74.18,123.47,2.54,111.96,66.43,51.64,57.62,5.72,690.4,4.44,1757.7,404.0,Lathe,Plastic,Night,Intermediate,Line_D,0,0,0,0,0,0,1,1,0,0,0,0,1,0,0,0,No Defect
2513,76.63,125.78,2.85,126.69,47.74,57.94,42.27,3.12,817.6,2.59,1487.0,466.0,CNC,Composite,Evening,Intermediate,Line_C,0,0,0,1,0,0,1,0,0,0,0,0,0,0,1,0,No Defect
2514,75.74,113.35,1.17,70.78,56.85,52.17,31.6,5.56,871.9,2.73,994.5,356.0,Lathe,Alloy,Morning,Experienced,Line_C,0,1,0,0,0,0,0,0,0,0,0,0,0,0,0,0,No Defect
2515,73.09,118.74,2.7,102.1,63.43,39.04,46.77,4.92,780.6,2.33,686.0,525.0,Lathe,Aluminum,Evening,Intermediate,Line_C,0,0,0,0,0,0,1,0,0,0,1,0,0,0,1,0,No Defect
2516,71.47,108.94,3.84,97.44,53.29,42.74,39.48,3.68,835.8,2.56,1389.3,346.0,Lathe,Aluminum,Morning,New,Line_A,0,1,0,0,1,0,0,0,0,0,0,0,0,1,0,0,No Defect
2517,76.19,115.57,1.94,88.58,55.39,,58.16,3.37,658.2,2.24,527.2,306.0,Press,Alloy,Evening,Intermediate,Line_A,0,0,0,0,0,0,0,0,0,0,0,0,0,0,0,0,No Defect
2518,79.89,121.84,2.53,104.63,57.84,39.9,36.2,3.92,878.0,3.14,957.1,487.0,Injection_Molding,Steel,Evening,Experienced,Line_D,0,1,1,0,0,0,0,0,0,0,0,0,0,0,1,0,No Defect
2519,69.88,133.61,2.98,114.29,77.43,54.68,78.2,5.62,640.8,4.16,1947.8,450.0,CNC,Steel,Night,Expert,Line_D,0,0,0,1,0,1,1,1,1,0,0,0,1,0,0,0,No Defect
2520,79.19,117.09,2.74,106.8,61.51,61.61,38.46,7.16,788.8,2.99,962.4,509.0,Milling,Aluminum,Morning,New,Line_A,0,0,1,0,0,0,1,0,0,0,1,0,0,1,1,0,No Defect
2521,75.82,114.07,3.31,112.72,70.32,58.87,42.94,12.79,842.7,4.35,1813.5,434.0,CNC,Steel,Morning,Expert,Line_A,1,1,0,0,0,0,1,1,1,0,0,0,0,0,0,0,No Defect
2522,79.56,122.27,2.52,115.52,58.96,49.24,42.82,4.76,830.9,2.88,,454.0,CNC,Composite,Night,Intermediate,Line_B,0,1,1,0,0,0,1,0,0,0,0,0,1,0,0,0,No Defect
2523,71.8,114.01,2.68,83.21,54.01,36.36,49.16,5.19,802.4,3.38,501.4,472.0,Injection_Molding,Plastic,Morning,Intermediate,Line_A,0,1,0,0,0,0,0,0,0,0,1,0,0,0,1,0,No Defect
2524,75.98,118.66,4.72,100.86,60.78,54.2,58.22,10.07,723.7,2.86,2075.8,204.0,Injection_Molding,Aluminum,Evening,Expert,Line_B,1,0,0,0,1,0,0,0,0,1,0,0,0,0,0,1,Surface Defect
2525,77.45,110.77,4.05,109.32,65.94,53.86,32.03,1.66,855.5,3.36,1010.3,399.0,CNC,Alloy,Morning,Experienced,Line_B,0,1,1,0,1,0,1,0,0,0,0,0,0,0,0,0,No Defect
2526,74.43,129.74,3.59,103.39,63.27,54.34,43.39,3.61,752.0,3.49,908.8,382.0,Injection_Molding,Aluminum,Night,Experienced,Line_D,0,0,0,1,0,0,0,1,0,0,0,0,1,0,0,0,No Defect
2527,65.58,108.58,1.89,68.07,57.5,52.4,59.68,4.41,680.3,3.59,232.5,361.0,Lathe,Steel,Evening,Experienced,Line_D,0,0,0,0,0,0,0,0,0,0,0,0,0,0,0,1,Structural Defect
2528,70.89,110.47,2.12,71.38,55.13,46.09,41.1,,705.1,3.01,987.2,366.0,Lathe,Alloy,Night,Expert,Line_A,0,0,0,0,0,0,0,0,0,0,0,0,1,0,0,0,No Defect
2529,68.3,115.45,1.57,87.22,50.8,46.56,34.58,1.41,751.8,3.05,909.9,357.0,Injection_Molding,Aluminum,Night,Expert,Line_C,0,0,0,0,0,0,0,0,0,0,0,0,1,0,0,0,No Defect
2530,74.78,114.54,2.02,83.35,46.18,43.58,62.99,,740.1,2.29,912.8,251.0,Lathe,Aluminum,Morning,Experienced,Line_A,0,0,0,0,0,1,0,0,0,0,0,0,0,0,0,0,No Defect
2531,74.2,129.24,2.87,90.31,74.57,42.65,71.08,4.19,549.3,3.91,2217.6,507.0,Injection_Molding,Steel,Night,Expert,Line_C,0,0,0,1,0,1,0,1,1,1,1,0,1,0,0,0,No Defect
2532,71.94,109.44,2.23,73.38,55.69,58.07,44.95,,748.2,2.53,304.3,473.0,CNC,Plastic,Evening,Experienced,Line_D,0,0,0,0,0,0,0,0,0,0,0,0,0,0,0,0,No Defect
2533,76.02,130.45,2.66,119.24,81.86,37.57,70.39,6.69,572.4,5.1,1867.1,404.0,CNC,Steel,Morning,Experienced,Line_A,0,0,0,1,0,1,1,1,1,0,0,0,0,0,0,0,No Defect
2534,70.98,137.41,2.7,127.04,75.9,54.79,67.05,3.9,664.2,3.94,1688.0,459.0,Lathe,Steel,Morning,Experienced,Line_C,0,0,0,1,0,1,1,1,1,0,0,0,0,0,0,1,Structural Defect
2535,76.13,117.82,2.02,95.08,49.29,47.99,38.65,6.08,785.5,2.81,1118.2,459.0,Press,Composite,Night,Intermediate,Line_B,0,0,0,0,0,0,0,0,0,0,0,0,1,0,0,0,No Defect
2536,76.46,129.39,,,72.07,49.2,62.08,5.95,687.0,4.4,1928.0,310.0,Lathe,Alloy,Morning,Expert,Line_D,0,0,0,1,0,1,0,1,1,0,0,0,0,0,0,0,No Defect
2537,78.96,127.6,2.28,91.15,71.7,47.31,33.42,3.76,703.4,3.51,702.5,412.0,CNC,Steel,Morning,Experienced,Line_C,0,0,1,1,0,0,0,0,1,0,0,0,0,0,0,0,No Defect
2538,70.98,123.95,1.69,78.93,60.04,41.57,50.8,4.33,734.3,,882.7,384.0,CNC,Alloy,Morning,Expert,Line_D,0,0,0,0,0,0,0,0,0,0,0,0,0,0,0,0,No Defect
2539,70.78,134.54,3.24,120.32,84.98,55.94,40.72,4.26,737.4,4.69,1925.2,320.0,Lathe,Steel,Night,Experienced,Line_B,0,0,0,1,0,0,1,1,1,0,0,0,1,0,0,1,Material Defect
2540,77.68,124.58,4.74,116.69,65.15,49.93,67.83,12.01,656.1,3.53,2112.2,431.0,CNC,Steel,Morning,New,Line_D,1,0,1,0,1,1,1,0,0,1,0,0,0,1,0,0,No Defect
2541,76.16,114.41,2.61,72.23,53.22,45.08,56.28,0.5,740.0,2.47,1111.5,292.0,CNC,Aluminum,Night,Experienced,Line_C,0,0,0,0,0,0,0,0,0,0,0,0,1,0,0,0,No Defect
2542,77.29,115.45,1.72,80.59,53.21,43.55,58.08,4.11,776.8,3.28,653.6,421.0,CNC,Aluminum,Morning,Experienced,Line_C,0,0,1,0,0,0,0,0,0,0,0,0,0,0,0,0,No Defect
2543,74.15,,2.95,122.54,63.56,52.87,44.6,4.78,850.4,1.85,1066.5,478.0,Milling,Aluminum,Evening,Experienced,Line_B,0,1,0,0,0,0,1,0,0,0,0,0,0,0,1,0,No Defect
2544,82.38,119.96,3.02,112.86,61.19,61.13,40.28,6.75,810.5,3.1,971.8,445.0,Milling,Alloy,Night,Experienced,Line_C,0,0,1,0,0,0,1,0,0,0,0,0,1,0,0,0,No Defect
2545,72.69,122.93,3.73,90.16,64.89,45.16,47.54,5.06,734.4,3.26,638.3,332.0,Lathe,Composite,Night,Experienced,Line_B,0,0,0,0,1,0,0,0,0,0,0,0,1,0,0,0,No Defect
2546,77.55,119.07,3.22,114.61,72.82,56.36,46.11,4.33,860.6,2.63,1358.3,452.0,Press,Alloy,Morning,Intermediate,Line_A,0,1,1,0,0,0,1,0,1,0,0,0,0,0,0,1,Dimensional Defect
2547,73.13,133.56,2.56,113.47,85.0,39.34,66.66,7.97,675.5,5.63,1915.6,411.0,Press,Steel,Morning,New,Line_D,0,0,0,1,0,1,1,1,1,0,0,0,0,1,0,1,Material Defect
2548,80.06,128.14,2.57,111.35,71.92,52.59,46.69,2.54,770.2,2.81,951.5,590.0,Press,Alloy,Morning,Experienced,Line_A,0,0,1,1,0,0,1,0,1,0,1,0,0,0,0,1,Surface Defect
2549,72.21,101.96,2.38,79.46,47.49,51.71,51.49,,758.5,2.43,952.1,357.0,CNC,Alloy,Morning,Expert,Line_A,0,0,0,0,0,0,0,0,0,0,0,0,0,0,0,0,No Defect
2550,,112.12,2.77,101.6,69.45,50.26,53.88,4.98,762.6,4.17,924.8,461.0,Press,Steel,Morning,Experienced,Line_B,0,0,0,0,0,0,1,1,1,0,0,0,0,0,1,1,Assembly Defect
2551,71.21,122.58,2.84,74.17,,48.83,54.92,2.31,741.5,2.39,856.2,416.0,CNC,Alloy,Evening,Intermediate,Line_D,0,0,0,0,0,0,0,0,0,0,0,0,0,0,0,0,No Defect
2552,75.36,127.04,3.04,115.01,83.96,44.46,68.44,4.73,726.1,4.97,1528.6,404.0,Press,Steel,Morning,Intermediate,Line_D,0,0,0,1,0,1,1,1,1,0,0,0,0,0,0,0,No Defect
2553,77.88,114.05,2.05,109.74,71.13,55.28,37.32,6.63,843.5,2.95,927.5,455.0,CNC,Steel,Morning,Experienced,Line_D,0,1,1,0,0,0,1,0,1,0,0,0,0,0,0,1,Dimensional Defect
2554,70.88,104.45,2.47,80.59,56.4,,52.03,4.11,740.7,3.49,895.1,409.0,Milling,Steel,Evening,Experienced,Line_A,0,0,0,0,0,0,0,0,0,0,0,0,0,0,0,0,No Defect
2555,79.88,129.68,2.92,124.05,75.2,55.2,52.85,5.84,727.6,5.31,1685.3,462.0,Lathe,Steel,Night,Expert,Line_B,0,0,1,1,0,0,1,1,1,0,0,0,1,0,0,1,Material Defect
2556,69.62,111.2,2.12,98.03,65.95,46.52,56.97,2.06,690.5,3.77,1400.9,283.0,Press,Aluminum,Morning,Expert,Line_D,0,0,0,0,0,0,0,1,0,0,0,0,0,0,0,0,No Defect
2557,78.3,121.16,2.61,119.36,70.96,58.68,46.67,1.94,798.6,3.71,1691.4,458.0,Milling,Steel,Morning,Expert,Line_C,0,0,1,0,0,0,1,1,1,0,0,0,0,0,1,0,No Defect
2558,75.19,112.16,2.33,86.87,51.34,43.18,55.21,4.18,636.3,3.67,554.5,406.0,Milling,Composite,Night,Expert,Line_C,0,0,0,0,0,0,0,1,0,0,0,0,1,0,0,0,No Defect
2559,71.42,114.55,1.99,113.09,67.24,53.8,59.04,3.27,778.9,3.76,1085.3,401.0,Lathe,Steel,Morning,Expert,Line_C,0,0,0,0,0,0,1,1,0,0,0,0,0,0,0,1,Surface Defect
2560,79.31,116.47,2.92,123.64,64.93,47.26,38.92,2.61,770.4,3.15,1510.7,453.0,Injection_Molding,Steel,Night,Intermediate,Line_A,0,0,1,0,0,0,1,0,0,0,0,0,1,0,0,0,No Defect
2561,72.95,131.25,2.4,106.37,50.78,42.13,40.49,2.61,830.1,2.74,1478.6,493.0,Press,Plastic,Evening,Expert,Line_D,0,1,0,1,0,0,1,0,0,0,0,0,0,0,1,0,No Defect
2562,72.63,125.01,3.0,107.47,67.36,54.21,61.93,5.51,697.1,3.55,1647.2,393.0,Milling,Composite,Night,Expert,Line_A,0,0,0,1,0,0,1,0,0,0,0,0,1,0,0,0,No Defect
2563,74.47,129.41,2.34,100.97,57.51,56.99,45.0,3.63,777.5,3.73,970.7,279.0,Press,Steel,Morning,Intermediate,Line_C,0,0,0,1,0,0,0,1,0,0,0,0,0,0,0,0,No Defect
2564,74.47,114.3,4.45,86.07,54.72,56.25,73.85,14.82,658.2,3.06,1669.1,382.0,CNC,Alloy,Evening,Experienced,Line_A,1,0,0,0,1,1,0,0,0,0,0,0,0,0,0,1,Dimensional Defect
2565,74.84,122.36,3.78,124.31,63.87,47.52,42.18,5.73,780.7,2.29,1200.3,425.0,Injection_Molding,Alloy,Morning,New,Line_B,0,0,0,0,1,0,1,0,0,0,0,0,0,1,0,0,No Defect
2566,73.57,108.66,3.49,109.77,62.48,53.16,65.26,8.93,674.2,3.08,2371.3,476.0,Milling,Steel,Evening,Expert,Line_A,1,0,0,0,0,1,1,0,0,1,0,0,0,0,0,0,No Defect
2567,73.58,108.76,2.88,87.1,54.31,45.66,51.67,4.0,618.5,3.09,1070.4,420.0,Injection_Molding,Alloy,Morning,Intermediate,Line_D,0,0,0,0,0,0,0,0,0,0,0,0,0,0,0,0,No Defect
2568,78.94,111.58,4.64,99.11,54.38,59.51,67.71,8.01,661.0,2.73,2580.0,284.0,CNC,Composite,Night,Intermediate,Line_A,0,0,1,0,1,1,0,0,0,1,0,0,1,0,0,1,Dimensional Defect
2569,76.77,107.18,4.6,84.82,58.84,57.18,59.8,6.42,716.9,3.11,2016.1,360.0,Injection_Molding,Aluminum,Morning,New,Line_B,0,0,0,0,1,1,0,0,0,1,0,0,0,1,0,1,Structural Defect
2570,73.27,114.95,,87.2,60.15,46.86,39.91,1.48,695.2,3.49,1430.0,250.0,Lathe,Aluminum,Morning,New,Line_C,0,0,0,0,0,0,0,0,0,0,0,0,0,1,0,0,No Defect
2571,77.62,118.97,3.93,91.21,70.11,64.2,58.88,16.22,736.0,3.67,2409.2,416.0,Press,Steel,Evening,Intermediate,Line_D,1,0,1,0,1,0,0,0,1,1,0,1,0,0,0,1,Surface Defect
2572,75.83,,,129.46,63.25,47.38,43.45,4.04,820.6,2.43,1737.5,481.0,Press,Alloy,Morning,Expert,Line_B,0,1,0,0,0,0,1,0,0,0,0,0,0,0,1,0,No Defect
2573,69.3,129.78,5.36,110.21,57.26,50.66,66.96,8.83,640.9,3.11,1730.1,282.0,Press,Composite,Evening,Intermediate,Line_A,0,0,0,1,1,1,1,0,0,0,0,0,0,0,0,0,No Defect
2574,69.88,125.16,1.0,85.34,67.23,57.05,39.94,1.2,736.6,2.64,826.1,257.0,Press,Alloy,Morning,Experienced,Line_C,0,0,0,1,0,0,0,0,0,0,0,0,0,0,0,0,No Defect
2575,72.37,125.51,2.93,109.34,63.4,57.3,42.51,1.41,863.4,3.42,769.3,581.0,Milling,Composite,Night,Expert,Line_A,0,1,0,1,0,0,1,0,0,0,1,0,1,0,1,0,No Defect
2576,79.53,118.71,3.13,103.55,64.45,48.47,39.84,3.95,904.6,2.84,1541.3,476.0,Lathe,Alloy,Morning,Expert,Line_B,0,1,1,0,0,0,0,0,0,0,0,0,0,0,1,0,No Defect
2577,64.43,112.07,4.95,101.01,64.08,51.98,59.47,10.89,665.6,2.99,2028.1,245.0,Injection_Molding,Steel,Evening,Experienced,Line_C,1,0,0,0,1,1,0,0,0,1,0,0,0,0,0,1,Structural Defect
2578,71.24,131.29,3.01,121.18,85.0,47.22,36.55,6.59,742.9,4.06,1624.4,513.0,Milling,Steel,Evening,Intermediate,Line_D,0,0,0,1,0,0,1,1,1,0,1,0,0,0,0,0,No Defect
2579,70.1,115.22,3.77,130.0,78.61,35.76,41.35,6.72,755.4,4.99,972.1,397.0,CNC,Composite,Evening,Intermediate,Line_A,0,0,0,0,1,0,1,1,1,0,0,0,0,0,0,0,No Defect
2580,77.23,110.67,4.94,107.76,73.5,52.5,63.41,10.18,770.7,3.63,2088.4,488.0,Milling,Composite,Night,Experienced,Line_A,1,0,1,0,1,1,1,0,1,1,0,0,1,0,0,0,No Defect
2581,77.35,128.13,3.83,95.79,78.98,54.52,56.92,7.42,646.2,4.89,1762.8,433.0,Injection_Molding,Composite,Morning,Intermediate,Line_A,0,0,1,1,1,0,0,1,1,0,0,0,0,0,0,1,Material Defect
2582,72.99,125.64,2.48,81.7,59.47,41.05,60.17,2.6,650.0,3.07,750.8,231.0,Injection_Molding,Plastic,Evening,Experienced,Line_A,0,0,0,1,0,0,0,0,0,0,0,0,0,0,0,1,Structural Defect
2583,72.45,132.14,2.68,123.94,70.76,43.36,57.32,6.13,670.1,4.28,1808.9,557.0,Milling,Composite,Morning,Experienced,Line_D,0,0,0,1,0,0,1,1,1,0,1,0,0,0,0,0,No Defect
2584,67.71,101.04,2.65,73.55,50.78,47.78,47.8,1.32,761.5,3.41,819.9,289.0,CNC,Aluminum,Night,Expert,Line_C,0,0,0,0,0,0,0,0,0,0,0,0,1,0,0,0,No Defect
2585,75.26,123.39,,70.47,63.94,53.97,39.22,2.98,675.2,2.65,1295.8,271.0,Injection_Molding,Alloy,Evening,Experienced,Line_C,0,0,0,0,0,0,0,0,0,0,0,0,0,0,0,0,No Defect
2586,71.51,116.64,1.41,78.31,55.92,48.57,55.02,4.06,767.9,3.09,993.5,577.0,Lathe,Steel,Morning,Experienced,Line_B,0,0,0,0,0,0,0,0,0,0,1,0,0,0,1,0,No Defect
2587,70.9,122.2,4.65,,62.34,63.1,60.53,11.78,714.1,3.45,1918.6,338.0,CNC,Composite,Morning,Expert,Line_D,1,0,0,0,1,0,1,0,0,1,0,1,0,0,0,0,No Defect
2588,82.44,111.94,2.36,110.83,54.9,53.25,49.76,0.5,814.8,3.08,1377.2,424.0,Lathe,Alloy,Morning,New,Line_B,0,0,1,0,0,0,1,0,0,0,0,0,0,1,0,0,No Defect
2589,76.18,128.49,3.74,105.09,80.58,45.12,52.95,7.64,665.3,4.12,2466.2,348.0,CNC,Steel,Morning,Expert,Line_C,0,0,1,1,1,0,1,1,1,1,0,0,0,0,0,0,No Defect
2590,72.51,118.55,2.33,64.05,45.31,42.49,46.92,4.43,675.4,2.9,1381.2,,Lathe,Plastic,Night,Intermediate,Line_B,0,0,0,0,0,0,0,0,0,0,0,0,1,0,0,0,No Defect
2591,69.72,117.44,2.74,95.32,53.4,48.68,44.7,3.17,705.3,3.64,484.0,381.0,Lathe,Steel,Night,Experienced,Line_A,0,0,0,0,0,0,0,1,0,0,0,0,1,0,0,0,No Defect
2592,71.12,120.86,1.4,89.38,53.73,44.32,49.31,3.47,821.7,,1030.7,145.0,Injection_Molding,Composite,Night,Expert,Line_A,0,1,0,0,0,0,0,0,0,0,0,0,1,0,0,0,No Defect
2593,74.54,126.18,3.13,122.82,61.63,53.98,48.79,3.08,865.8,2.6,1149.3,541.0,CNC,Alloy,Night,Experienced,Line_C,0,1,0,1,0,0,1,0,0,0,1,0,1,0,1,0,No Defect
2594,72.63,127.12,2.87,68.42,64.59,50.34,51.7,3.25,820.9,3.43,1001.8,394.0,Milling,Aluminum,Morning,Experienced,Line_C,0,1,0,1,0,0,0,0,0,0,0,0,0,0,0,0,No Defect
2595,66.97,108.35,2.63,77.63,73.52,63.43,49.84,4.93,752.6,3.56,1093.0,352.0,Milling,Aluminum,Morning,New,Line_A,0,0,0,0,0,0,0,0,1,0,0,1,0,1,0,0,No Defect
2596,74.72,120.29,3.15,94.51,53.87,45.91,48.35,1.47,798.7,3.04,738.9,397.0,CNC,Aluminum,Evening,Intermediate,Line_A,0,0,0,0,0,0,0,0,0,0,0,0,0,0,0,0,No Defect
2597,74.17,121.12,,121.98,55.97,53.56,36.28,3.7,837.4,2.23,,494.0,CNC,Aluminum,Morning,Intermediate,Line_B,0,1,0,0,0,0,1,0,0,0,1,0,0,0,1,0,No Defect
2598,66.41,126.24,3.33,96.91,45.36,45.58,49.23,5.83,752.6,2.58,1056.7,317.0,Lathe,Aluminum,Evening,Expert,Line_B,0,0,0,1,0,0,0,0,0,0,0,0,0,0,0,1,Structural Defect
2599,73.51,127.06,2.77,111.14,75.53,58.99,65.51,8.62,667.5,4.11,1890.3,529.0,Injection_Molding,Composite,Night,Intermediate,Line_C,0,0,0,1,0,1,1,1,1,0,1,0,1,0,0,0,No Defect
2600,70.58,123.58,3.2,111.62,50.87,51.73,49.24,4.95,798.2,3.07,1147.7,461.0,CNC,Composite,Night,Expert,Line_B,0,1,0,0,0,0,1,0,0,0,0,0,1,0,0,0,No Defect
2601,70.2,117.32,4.72,84.85,60.48,57.59,53.67,9.69,700.9,,2664.3,333.0,Lathe,Steel,Morning,New,Line_D,1,0,0,0,1,0,0,0,0,1,0,0,0,1,0,0,No Defect
2602,75.65,118.6,4.52,100.57,70.67,50.84,68.22,13.75,751.9,2.85,2081.0,412.0,Press,Alloy,Evening,Experienced,Line_B,1,0,0,0,1,1,0,0,1,1,0,0,0,0,0,0,No Defect
2603,73.26,118.15,2.78,75.6,60.86,43.37,48.65,2.92,752.9,3.12,1503.2,340.0,CNC,Aluminum,Evening,Experienced,Line_D,0,0,0,0,0,0,0,0,0,0,0,0,0,0,0,0,No Defect
2604,81.83,118.3,2.48,116.72,58.97,60.14,43.6,5.4,783.1,,1441.3,473.0,Press,Alloy,Morning,Experienced,Line_C,0,0,1,0,0,0,1,0,0,0,0,0,0,0,1,0,No Defect
2605,71.48,128.48,1.61,90.51,57.14,50.48,37.65,5.86,739.1,3.06,987.4,299.0,Press,Aluminum,Evening,Intermediate,Line_A,0,0,0,1,0,0,0,0,0,0,0,0,0,0,0,0,No Defect
2606,76.74,139.44,2.53,125.23,56.84,41.52,62.54,7.89,696.7,3.89,2174.8,479.0,Press,Plastic,Night,Intermediate,Line_D,0,0,0,1,0,1,1,1,0,1,0,0,1,0,0,1,Material Defect
2607,73.56,121.09,3.29,109.95,59.99,48.09,47.45,4.18,772.3,2.97,1332.4,526.0,Press,Composite,Evening,Intermediate,Line_D,0,0,0,0,0,0,1,0,0,0,1,0,0,0,0,0,No Defect
2608,78.57,116.83,4.31,115.45,62.44,50.2,42.72,6.53,818.5,2.38,1150.6,498.0,Milling,Composite,Night,Intermediate,Line_C,0,0,1,0,1,0,1,0,0,0,0,0,1,0,1,1,Material Defect
2609,,113.07,4.79,104.04,69.87,60.88,58.87,10.48,778.2,3.26,2026.7,408.0,CNC,Steel,Evening,Expert,Line_B,1,0,0,0,1,0,0,0,0,1,0,0,0,0,0,1,Surface Defect
2610,80.65,121.18,3.08,101.9,54.3,65.49,39.4,2.4,890.1,2.9,1436.3,496.0,CNC,Alloy,Morning,Expert,Line_A,0,1,1,0,0,0,0,0,0,0,0,1,0,0,1,1,Assembly Defect
2611,73.67,102.81,2.56,116.51,60.29,41.12,40.34,2.73,807.6,2.65,1196.7,549.0,CNC,Composite,Evening,Experienced,Line_C,0,0,0,0,0,0,1,0,0,0,1,0,0,0,1,0,No Defect
2612,67.86,120.48,3.46,113.24,75.83,49.9,62.12,4.21,685.0,4.04,1365.9,299.0,CNC,Steel,Evening,Experienced,Line_A,0,0,0,0,0,1,1,1,1,0,0,0,0,0,0,1,Surface Defect
2613,76.74,130.74,1.81,116.19,78.73,45.43,64.28,6.56,741.9,4.61,1494.2,418.0,Press,Steel,Evening,Intermediate,Line_A,0,0,0,1,0,1,1,1,1,0,0,0,0,0,0,1,Structural Defect
2614,74.91,115.6,3.55,107.12,53.85,48.89,65.42,12.51,709.1,3.46,2186.1,307.0,Milling,Composite,Night,Expert,Line_D,1,0,0,0,0,1,1,0,0,1,0,0,1,0,0,0,No Defect
2615,72.05,105.58,2.46,88.53,66.47,56.94,42.83,1.59,802.1,3.18,684.5,362.0,Injection_Molding,Composite,Night,Experienced,Line_A,0,0,0,0,0,0,0,0,0,0,0,0,1,0,0,0,No Defect
2616,75.81,138.44,2.05,130.0,85.0,44.66,54.67,4.02,728.9,4.09,1425.1,442.0,Press,Aluminum,Night,Experienced,Line_B,0,0,0,1,0,0,1,1,1,0,0,0,1,0,0,0,No Defect
2617,71.72,,2.02,89.17,48.12,51.77,45.37,4.62,728.2,3.18,1025.0,222.0,Milling,Composite,Evening,Experienced,Line_C,0,0,0,0,0,0,0,0,0,0,0,0,0,0,0,0,No Defect
2618,70.96,129.19,1.21,76.46,50.84,48.48,42.16,3.09,678.1,2.75,1098.5,536.0,Press,Aluminum,Morning,Expert,Line_C,0,0,0,1,0,0,0,0,0,0,1,0,0,0,0,0,No Defect
2619,77.22,122.58,3.31,117.53,68.2,57.22,45.88,3.37,799.4,2.83,1410.7,450.0,Milling,Alloy,Morning,Expert,Line_B,0,1,1,0,0,0,1,0,0,0,0,0,0,0,0,0,No Defect
2620,67.74,106.62,2.27,97.39,56.25,55.16,48.21,4.05,815.7,3.49,593.8,476.0,CNC,Steel,Morning,Experienced,Line_A,0,0,0,0,0,0,0,0,0,0,1,0,0,0,1,0,No Defect
2621,78.65,128.11,2.59,122.15,65.22,47.79,42.43,3.99,851.7,3.14,1260.5,462.0,Press,Composite,Evening,Intermediate,Line_A,0,1,1,1,0,0,1,0,0,0,0,0,0,0,1,0,No Defect
2622,77.41,107.99,3.68,98.37,68.12,58.75,41.19,4.51,890.1,3.59,961.3,552.0,Lathe,Alloy,Night,New,Line_C,0,1,1,0,0,0,0,1,0,0,1,0,1,1,1,1,Assembly Defect
2623,69.56,119.68,3.22,89.82,68.83,46.2,51.02,3.14,754.3,3.18,1054.6,455.0,CNC,Steel,Morning,Expert,Line_B,0,0,0,0,0,0,0,0,1,0,0,0,0,0,0,0,No Defect
2624,77.27,117.63,2.13,92.06,77.1,52.64,65.42,6.37,664.0,4.41,2082.6,368.0,Injection_Molding,Steel,Night,Experienced,Line_C,0,0,1,0,0,1,0,1,1,1,0,0,1,0,0,0,No Defect
2625,,100.18,3.72,106.38,62.77,62.43,68.04,10.2,624.3,3.03,1896.3,476.0,Lathe,Steel,Evening,Intermediate,Line_B,1,0,0,0,1,1,1,0,0,0,0,0,0,0,0,0,No Defect
2626,68.47,129.13,2.44,92.61,55.73,51.17,47.63,5.14,676.0,2.57,811.5,366.0,Press,Aluminum,Morning,Expert,Line_A,0,0,0,1,0,0,0,0,0,0,0,0,0,0,0,0,No Defect
2627,76.75,113.18,3.05,117.43,73.6,44.13,51.06,4.45,740.4,3.41,1781.5,359.0,CNC,Steel,Night,Experienced,Line_B,0,0,0,0,0,0,1,0,1,0,0,0,1,0,0,0,No Defect
2628,74.76,126.32,3.48,89.28,65.37,,51.01,4.48,684.4,3.58,1822.8,472.0,Injection_Molding,Composite,Morning,Expert,Line_B,0,0,0,1,0,0,0,0,0,0,0,0,0,0,0,0,No Defect
2629,71.2,132.66,2.94,111.93,75.26,,45.16,2.18,728.5,4.36,1646.0,434.0,CNC,Composite,Morning,Intermediate,Line_D,0,0,0,1,0,0,1,1,1,0,0,0,0,0,0,0,No Defect
2630,79.24,105.64,4.96,93.23,52.75,55.97,68.93,11.67,652.3,3.32,1756.2,379.0,CNC,Aluminum,Evening,Expert,Line_A,1,0,1,0,1,1,0,0,0,0,0,0,0,0,0,1,Dimensional Defect
2631,79.83,117.9,3.4,117.45,69.2,,43.11,6.35,854.2,2.71,938.7,427.0,Lathe,Alloy,Morning,Intermediate,Line_C,0,1,1,0,0,0,1,0,0,0,0,0,0,0,0,0,No Defect
2632,76.53,125.67,2.06,84.57,58.48,48.9,,5.85,628.1,2.94,602.4,290.0,Press,Alloy,Night,Intermediate,Line_B,0,0,0,1,0,0,0,0,0,0,0,0,1,0,0,0,No Defect
2633,74.83,114.1,2.98,83.62,,48.54,38.22,6.0,773.6,1.89,1084.4,508.0,Lathe,Aluminum,Night,Experienced,Line_A,0,0,0,0,0,0,0,0,0,0,1,0,1,0,0,0,No Defect
2634,79.28,117.73,4.93,89.27,45.0,52.46,55.49,10.24,664.0,3.58,2187.4,354.0,Injection_Molding,Plastic,Night,Intermediate,Line_A,1,0,1,0,1,0,0,0,0,1,0,0,1,0,0,1,Dimensional Defect
2635,79.63,115.51,1.97,72.29,54.09,43.5,,2.04,752.9,2.64,1086.8,329.0,Milling,Composite,Night,Experienced,Line_C,0,0,1,0,0,0,0,0,0,0,0,0,1,0,0,0,No Defect
2636,72.89,120.93,3.91,103.85,58.43,60.05,39.42,3.61,789.7,2.72,1423.6,305.0,CNC,Aluminum,Evening,Experienced,Line_D,0,0,0,0,1,0,0,0,0,0,0,0,0,0,0,0,No Defect
2637,69.97,118.11,2.1,85.64,60.09,57.23,51.26,3.37,667.8,2.94,886.6,371.0,Milling,Aluminum,Evening,Intermediate,Line_D,0,0,0,0,0,0,0,0,0,0,0,0,0,0,0,0,No Defect
2638,73.64,120.23,2.19,89.73,51.5,44.08,64.67,3.05,718.0,3.01,913.8,462.0,Press,Aluminum,Evening,Experienced,Line_A,0,0,0,0,0,1,0,0,0,0,0,0,0,0,0,1,Dimensional Defect
2639,74.14,120.99,2.49,,72.23,49.99,45.53,4.31,874.6,3.21,954.1,510.0,Press,Steel,Morning,Intermediate,Line_D,0,1,0,0,0,0,0,0,1,0,1,0,0,0,1,0,No Defect
2640,69.99,,3.63,107.13,73.72,38.12,48.07,5.18,719.7,3.82,1032.3,458.0,Press,Steel,Morning,Expert,Line_D,0,0,0,0,0,0,1,1,1,0,0,0,0,0,0,1,Material Defect
2641,71.71,118.48,2.66,81.18,58.83,49.67,51.58,6.46,761.3,2.56,1178.1,351.0,Milling,Alloy,Evening,Intermediate,Line_D,0,0,0,0,0,0,0,0,0,0,0,0,0,0,0,0,No Defect
2642,76.45,126.49,2.88,130.0,76.46,45.06,64.56,3.73,656.0,4.06,1706.2,,Press,Alloy,Evening,Expert,Line_A,0,0,0,1,0,1,1,1,1,0,0,0,0,0,0,1,Dimensional Defect
2643,75.86,136.81,1.9,99.42,82.75,47.71,51.5,5.23,666.8,3.98,2028.6,452.0,CNC,Steel,Morning,Intermediate,Line_C,0,0,0,1,0,0,0,1,1,1,0,0,0,0,0,0,No Defect
2644,64.63,127.01,3.09,115.08,64.64,47.99,48.48,4.9,695.9,4.58,1972.8,321.0,Lathe,Plastic,Night,Experienced,Line_A,0,0,0,1,0,0,1,1,0,1,0,0,1,0,0,0,No Defect
2645,69.78,107.12,5.02,96.45,53.15,56.17,48.99,9.31,,3.39,1722.3,282.0,CNC,Plastic,Evening,Experienced,Line_C,1,0,0,0,1,0,0,0,0,0,0,0,0,0,0,0,No Defect
2646,70.45,133.04,2.23,115.12,77.92,51.45,71.99,6.17,670.4,4.83,1793.3,521.0,Milling,Steel,Morning,New,Line_C,0,0,0,1,0,1,1,1,1,0,1,0,0,1,0,1,Assembly Defect
2647,75.6,128.44,3.62,116.05,73.26,46.91,42.67,4.35,723.9,4.5,2221.5,534.0,Injection_Molding,Alloy,Morning,Experienced,Line_C,0,0,0,1,0,0,1,1,1,1,1,0,0,0,0,1,Dimensional Defect
2648,74.51,115.88,2.43,116.25,52.19,69.19,42.38,3.75,832.7,2.93,1791.7,464.0,CNC,Plastic,Night,Experienced,Line_B,0,1,0,0,0,0,1,0,0,0,0,1,1,0,0,0,No Defect
2649,70.71,125.51,3.77,100.43,56.95,41.03,64.23,6.04,636.1,5.28,1757.7,462.0,Lathe,Composite,Evening,Intermediate,Line_D,0,0,0,1,1,1,0,1,0,0,0,0,0,0,0,0,No Defect
2650,74.19,131.46,4.04,109.57,53.08,44.41,37.91,3.69,850.0,2.98,1034.8,441.0,Injection_Molding,Alloy,Night,Expert,Line_B,0,1,0,1,1,0,1,0,0,0,0,0,1,0,0,0,No Defect
2651,77.35,93.55,3.22,92.24,51.56,66.62,60.83,11.23,,2.58,2615.5,378.0,CNC,Aluminum,Night,Expert,Line_A,1,0,1,0,0,0,0,0,0,1,0,1,1,0,0,0,No Defect
2652,70.31,120.95,1.68,85.98,,44.58,44.15,2.57,694.3,3.25,952.7,465.0,Press,Steel,Morning,New,Line_A,0,0,0,0,0,0,0,0,0,0,0,0,0,1,0,1,Assembly Defect
2653,69.66,113.24,2.3,92.23,59.5,52.39,50.74,6.37,742.0,3.22,634.8,326.0,Injection_Molding,Alloy,Night,Intermediate,Line_D,0,0,0,0,0,0,0,0,0,0,0,0,1,0,0,0,No Defect
2654,76.23,120.06,2.27,80.3,65.13,52.71,48.68,2.62,694.3,2.67,1186.3,347.0,Press,Steel,Night,Intermediate,Line_D,0,0,0,0,0,0,0,0,0,0,0,0,1,0,0,0,No Defect
2655,82.72,133.07,3.59,115.1,67.3,41.92,39.98,2.56,820.6,2.44,1232.5,595.0,Injection_Molding,Steel,Evening,Intermediate,Line_D,0,1,1,1,0,0,1,0,0,0,1,0,0,0,1,0,No Defect
2656,68.95,121.54,2.99,116.35,77.3,41.24,61.43,4.7,763.4,3.46,1997.9,271.0,Lathe,Plastic,Evening,Experienced,Line_C,0,0,0,0,0,0,1,0,1,0,0,0,0,0,0,0,No Defect
2657,73.71,131.23,2.06,118.61,79.88,49.97,70.36,6.57,671.1,4.37,1530.6,593.0,CNC,Alloy,Night,New,Line_B,0,0,0,1,0,1,1,1,1,0,1,0,1,1,0,0,No Defect
2658,79.31,119.14,2.62,117.17,80.02,49.15,64.18,7.7,698.8,4.12,1894.0,322.0,CNC,Alloy,Night,Expert,Line_B,0,0,1,0,0,1,1,1,1,0,0,0,1,0,0,0,No Defect
2659,70.42,140.0,2.97,115.19,65.55,48.15,58.37,3.68,750.8,4.87,1773.3,346.0,Press,Aluminum,Night,Intermediate,Line_B,0,0,0,1,0,0,1,1,0,0,0,0,1,0,0,1,Structural Defect
2660,78.83,122.32,1.97,,68.82,47.01,42.21,4.96,874.0,2.94,993.8,590.0,CNC,Aluminum,Morning,Intermediate,Line_D,0,1,1,0,0,0,0,0,0,0,1,0,0,0,1,1,Dimensional Defect
2661,73.85,110.23,4.49,87.57,49.28,49.69,,13.86,747.0,2.61,2463.4,380.0,Injection_Molding,Plastic,Evening,Intermediate,Line_A,1,0,0,0,1,0,0,0,0,1,0,0,0,0,0,0,No Defect
2662,75.58,120.47,2.7,77.45,50.59,48.07,,3.58,680.5,3.2,831.9,389.0,Lathe,Composite,Morning,Experienced,Line_C,0,0,0,0,0,0,0,0,0,0,0,0,0,0,0,0,No Defect
2663,73.43,122.49,2.92,98.14,63.46,41.93,64.76,7.45,710.9,4.24,1748.7,616.0,Injection_Molding,Plastic,Morning,Experienced,Line_B,0,0,0,0,0,1,0,1,0,0,1,0,0,0,0,0,No Defect
2664,74.01,120.53,2.56,72.74,60.6,60.5,43.07,4.32,774.5,3.05,1302.1,409.0,CNC,Alloy,Evening,Expert,Line_C,0,0,0,0,0,0,0,0,0,0,0,1,0,0,0,0,No Defect
2665,,112.68,1.53,107.75,66.18,63.76,46.4,3.51,792.8,2.94,1337.7,512.0,Milling,Composite,Evening,Expert,Line_C,0,0,0,0,0,0,1,0,0,0,1,1,0,0,1,0,No Defect
2666,76.86,114.93,3.04,84.32,57.42,49.05,42.73,4.57,791.6,2.97,1579.6,419.0,Milling,Steel,Evening,Experienced,Line_D,0,1,0,0,0,0,0,0,0,0,0,0,0,0,0,0,No Defect
2667,78.53,106.17,2.85,108.23,57.29,56.55,60.68,2.54,713.3,4.34,1332.2,360.0,Milling,Steel,Evening,New,Line_C,0,0,1,0,0,0,1,1,0,0,0,0,0,1,0,0,No Defect
2668,69.18,105.0,3.18,85.78,69.84,39.51,47.93,6.01,,3.4,640.8,470.0,Milling,Alloy,Morning,Expert,Line_C,0,0,0,0,0,0,0,0,0,0,0,0,0,0,0,0,No Defect
2669,78.51,128.1,1.92,,59.54,62.38,40.12,4.63,771.7,2.48,1003.5,401.0,Press,Alloy,Evening,Expert,Line_C,0,0,1,1,0,0,0,0,0,0,0,0,0,0,0,0,No Defect
2670,72.15,111.19,3.54,100.18,70.47,48.86,72.25,11.86,666.5,2.52,1857.3,383.0,Injection_Molding,Alloy,Morning,Expert,Line_B,1,0,0,0,0,1,0,0,1,0,0,0,0,0,0,0,No Defect
2671,73.84,119.14,2.85,88.29,63.47,52.42,53.56,4.56,781.2,3.88,910.9,524.0,Lathe,Steel,Morning,Experienced,Line_B,0,0,0,0,0,0,0,1,0,0,1,0,0,0,1,0,No Defect
2672,78.98,125.88,,120.06,47.65,56.0,57.74,1.56,828.4,2.72,858.5,409.0,Press,Composite,Night,Experienced,Line_B,0,1,1,1,0,0,1,0,0,0,0,0,1,0,0,0,No Defect
2673,70.42,99.51,2.82,67.05,,,57.81,3.4,747.9,2.4,1006.7,326.0,Lathe,Plastic,Morning,Expert,Line_A,0,0,0,0,0,0,0,0,0,0,0,0,0,0,0,0,No Defect
2674,73.01,131.88,1.94,100.17,69.94,52.47,68.3,4.1,616.9,3.29,1201.0,427.0,Press,Aluminum,Morning,Expert,Line_D,0,0,0,1,0,1,0,0,0,0,0,0,0,0,0,0,No Defect
2675,71.92,119.59,2.39,73.35,55.26,56.47,47.21,1.53,630.1,3.06,603.1,282.0,CNC,Composite,Evening,Intermediate,Line_C,0,0,0,0,0,0,0,0,0,0,0,0,0,0,0,0,No Defect
2676,77.02,124.62,2.62,99.67,84.78,51.95,70.87,5.3,666.7,3.87,1745.2,405.0,Milling,Alloy,Morning,Expert,Line_A,0,0,1,0,0,1,0,1,1,0,0,0,0,0,0,0,No Defect
2677,73.61,107.57,2.16,89.31,61.34,46.18,49.15,1.75,724.3,2.25,1076.9,308.0,Injection_Molding,Aluminum,Morning,Expert,Line_B,0,0,0,0,0,0,0,0,0,0,0,0,0,0,0,0,No Defect
2678,68.6,123.84,2.43,93.57,53.86,45.08,39.07,2.12,783.9,2.97,1288.0,346.0,Milling,Composite,Night,Experienced,Line_D,0,0,0,0,0,0,0,0,0,0,0,0,1,0,0,0,No Defect
2679,70.48,110.34,4.47,86.93,52.94,61.95,67.18,11.48,645.3,2.9,2332.1,356.0,Lathe,Aluminum,Night,New,Line_D,1,0,0,0,1,1,0,0,0,1,0,1,1,1,0,1,Surface Defect
2680,72.91,131.6,3.38,113.64,66.73,46.28,71.22,8.83,607.6,4.16,2250.8,350.0,Lathe,Steel,Evening,Expert,Line_D,0,0,0,1,0,1,1,1,0,1,0,0,0,0,0,1,Material Defect
2681,81.29,121.58,3.58,94.55,73.95,58.67,38.33,5.98,866.0,3.36,1338.6,471.0,Lathe,Steel,Evening,Expert,Line_A,0,1,1,0,0,0,0,0,1,0,0,0,0,0,1,0,No Defect
2682,81.69,116.34,2.43,98.8,60.12,51.7,50.0,2.62,853.7,2.88,,423.0,Injection_Molding,Composite,Evening,New,Line_B,0,1,1,0,0,0,0,0,0,0,0,0,0,1,0,0,No Defect
2683,72.8,115.93,3.95,96.69,63.45,36.96,39.66,2.02,762.1,3.5,1138.9,366.0,Injection_Molding,Steel,Evening,Intermediate,Line_D,0,0,0,0,1,0,0,0,0,0,0,0,0,0,0,0,No Defect
2684,64.02,108.18,3.45,86.16,61.53,61.65,67.78,8.79,714.1,3.71,2378.1,397.0,CNC,Steel,Night,Experienced,Line_C,0,0,0,0,0,1,0,1,0,1,0,0,1,0,0,0,No Defect
2685,75.59,134.6,2.87,119.75,80.42,43.48,50.37,3.47,728.3,5.0,1930.3,402.0,Press,Steel,Night,Experienced,Line_A,0,0,0,1,0,0,1,1,1,0,0,0,1,0,0,1,Material Defect
2686,72.77,,2.34,75.97,56.38,37.45,55.12,5.43,646.7,2.86,1119.8,315.0,CNC,Plastic,Evening,Experienced,Line_B,0,0,0,0,0,0,0,0,0,0,0,0,0,0,0,0,No Defect
2687,75.29,122.25,3.67,117.31,53.11,53.6,41.76,4.03,806.5,3.01,1530.5,406.0,Injection_Molding,Plastic,Morning,Experienced,Line_B,0,0,0,0,1,0,1,0,0,0,0,0,0,0,0,0,No Defect
2688,75.3,118.84,4.52,,62.73,59.07,59.66,13.2,701.2,2.9,2142.9,478.0,CNC,Plastic,Night,Intermediate,Line_C,1,0,0,0,1,0,0,0,0,1,0,0,1,0,0,0,No Defect
2689,71.64,124.85,3.31,119.76,85.0,,75.2,4.32,663.2,4.78,1492.6,479.0,Injection_Molding,Steel,Evening,Experienced,Line_A,0,0,0,0,0,1,1,1,1,0,0,0,0,0,0,0,No Defect
2690,70.29,117.59,1.0,98.23,55.65,52.77,51.41,5.09,673.6,3.15,1073.4,388.0,Injection_Molding,Composite,Morning,Intermediate,Line_B,0,0,0,0,0,0,0,0,0,0,0,0,0,0,0,0,No Defect
2691,68.85,118.12,4.92,105.49,72.9,51.52,72.45,9.31,701.3,3.66,2549.7,351.0,Injection_Molding,Steel,Morning,Experienced,Line_A,1,0,0,0,1,1,1,0,1,1,0,0,0,0,0,1,Structural Defect
2692,73.54,112.67,2.47,84.9,65.57,41.66,58.49,5.23,729.2,2.57,878.3,294.0,CNC,Steel,Morning,New,Line_D,0,0,0,0,0,0,0,0,0,0,0,0,0,1,0,0,No Defect
2693,67.03,117.73,2.12,77.42,62.01,47.7,38.37,1.88,741.3,3.54,,460.0,Milling,Steel,Evening,Experienced,Line_C,0,0,0,0,0,0,0,0,0,0,0,0,0,0,0,0,No Defect
2694,74.67,113.22,5.9,100.4,67.39,67.08,60.39,10.95,684.5,4.21,2002.3,391.0,CNC,Composite,Evening,Intermediate,Line_D,1,0,0,0,1,0,0,1,0,1,0,1,0,0,0,1,Surface Defect
2695,69.49,112.21,1.47,60.0,47.83,54.22,41.68,3.34,697.5,3.07,942.2,334.0,CNC,Plastic,Morning,Experienced,Line_C,0,0,0,0,0,0,0,0,0,0,0,0,0,0,0,0,No Defect
2696,76.02,112.37,,110.63,59.29,58.9,38.67,4.93,789.0,3.18,1475.7,592.0,Milling,Steel,Night,New,Line_D,0,0,0,0,0,0,1,0,0,0,1,0,1,1,1,1,Structural Defect
2697,72.16,130.71,,117.41,61.45,44.34,45.4,5.58,751.7,3.79,,443.0,Injection_Molding,Composite,Evening,Intermediate,Line_C,0,0,0,1,0,0,1,1,0,0,0,0,0,0,0,0,No Defect
2698,77.94,112.15,3.5,95.13,55.66,48.59,67.6,10.73,658.2,3.36,2390.0,475.0,Milling,Plastic,Evening,Expert,Line_D,1,0,1,0,0,1,0,0,0,1,1,0,0,0,0,0,No Defect
2699,70.9,117.15,2.59,89.35,70.38,35.0,53.8,3.33,697.4,2.85,548.4,263.0,CNC,Alloy,Morning,Expert,Line_A,0,0,0,0,0,0,0,0,1,0,0,0,0,0,0,0,No Defect
2700,74.81,116.37,3.56,120.15,57.99,43.58,34.16,1.82,752.7,2.75,1420.9,404.0,Press,Aluminum,Morning,Expert,Line_B,0,0,0,0,0,0,1,0,0,0,0,0,0,0,0,0,No Defect
2701,70.38,117.31,3.74,104.25,,46.33,38.39,1.45,809.1,2.29,1481.2,447.0,Injection_Molding,Aluminum,Morning,New,Line_A,0,1,0,0,1,0,0,0,0,0,0,0,0,1,0,0,No Defect
2702,65.49,113.51,2.3,80.66,51.02,45.76,49.42,6.15,849.2,2.97,693.6,326.0,Milling,Aluminum,Night,New,Line_A,0,1,0,0,0,0,0,0,0,0,0,0,1,1,0,0,No Defect
2703,75.66,116.22,2.92,,56.45,37.74,38.24,6.09,793.9,2.88,1415.1,,Injection_Molding,Aluminum,Morning,Intermediate,Line_A,0,1,0,0,0,0,0,0,0,0,0,0,0,0,0,0,No Defect
2704,69.63,116.19,3.13,86.82,67.82,42.39,64.45,3.74,749.9,3.34,593.8,372.0,Injection_Molding,Steel,Morning,Intermediate,Line_A,0,0,0,0,0,1,0,0,0,0,0,0,0,0,0,0,No Defect
2705,73.41,113.49,3.95,87.56,61.11,59.55,54.69,5.09,820.7,3.94,522.9,484.0,CNC,Steel,Night,Intermediate,Line_B,0,1,0,0,1,0,0,1,0,0,0,0,1,0,1,1,Structural Defect
2706,72.33,115.05,4.6,,61.83,68.69,63.99,12.25,711.2,3.01,2096.7,401.0,Injection_Molding,Aluminum,Morning,Expert,Line_D,1,0,0,0,1,1,0,0,0,1,0,1,0,0,0,1,Dimensional Defect
2707,71.76,112.22,2.99,81.3,66.91,50.55,61.92,2.23,677.7,3.67,948.0,373.0,Lathe,Steel,Morning,Experienced,Line_C,0,0,0,0,0,0,0,0,0,0,0,0,0,0,0,0,No Defect
2708,78.35,128.36,3.13,104.75,68.61,50.05,64.76,2.89,670.1,4.49,1898.8,478.0,Milling,Aluminum,Evening,Expert,Line_A,0,0,1,1,0,1,0,1,0,0,0,0,0,0,0,1,Structural Defect
2709,69.51,135.38,3.07,100.67,60.68,38.72,48.53,4.91,800.8,3.51,1369.2,385.0,Milling,Plastic,Morning,Experienced,Line_A,0,0,0,1,0,0,0,0,0,0,0,0,0,0,0,1,Surface Defect
2710,76.27,121.43,1.92,77.48,74.89,46.19,54.79,5.66,760.7,3.66,936.7,549.0,Injection_Molding,Steel,Evening,Expert,Line_D,0,0,0,0,0,0,0,0,1,0,1,0,0,0,0,0,No Defect
2711,75.75,106.1,3.82,99.18,45.0,50.23,55.89,13.77,772.3,3.42,2202.6,514.0,Injection_Molding,Aluminum,Evening,Experienced,Line_A,1,0,1,0,1,0,0,0,0,1,1,0,0,0,0,1,Surface Defect
2712,75.79,132.0,2.95,113.03,80.04,50.81,90.0,3.89,569.6,5.05,1579.0,439.0,CNC,Steel,Evening,Expert,Line_C,0,0,0,1,0,1,1,1,1,0,0,0,0,0,0,0,No Defect
2713,81.91,120.03,3.87,108.36,51.47,45.2,50.28,2.01,730.2,3.12,1148.8,464.0,Injection_Molding,Steel,Evening,Experienced,Line_C,0,0,1,0,1,0,1,0,0,0,0,0,0,0,0,0,No Defect
2714,77.65,113.15,2.35,98.79,45.0,56.25,30.98,5.85,802.9,3.04,1432.8,504.0,Lathe,Plastic,Morning,Expert,Line_D,0,0,1,0,0,0,0,0,0,0,1,0,0,0,1,0,No Defect
2715,66.58,112.66,2.58,103.6,57.8,52.41,45.22,6.12,780.6,3.56,953.4,538.0,Milling,Steel,Morning,Expert,Line_A,0,0,0,0,0,0,0,0,0,0,1,0,0,0,1,0,No Defect
2716,66.05,103.45,2.1,88.48,51.53,43.09,60.69,5.74,732.8,3.14,1170.9,403.0,Milling,Aluminum,Morning,Experienced,Line_C,0,0,0,0,0,1,0,0,0,0,0,0,0,0,0,0,No Defect
2717,67.8,112.54,2.89,91.49,57.06,58.9,53.65,4.86,774.3,2.64,809.0,311.0,Lathe,Steel,Night,Experienced,Line_A,0,0,0,0,0,0,0,0,0,0,0,0,1,0,0,0,No Defect
2718,77.82,112.58,4.12,112.05,59.53,54.88,59.17,8.66,688.8,2.83,2421.0,519.0,Injection_Molding,Composite,Morning,Experienced,Line_A,0,0,1,0,1,0,1,0,0,1,1,0,0,0,0,1,Dimensional Defect
2719,73.88,126.85,3.48,101.74,79.61,43.12,66.21,6.54,602.3,4.23,1401.5,428.0,CNC,Composite,Morning,Intermediate,Line_A,0,0,0,1,0,1,0,1,1,0,0,0,0,0,0,0,No Defect
2720,81.53,120.05,2.22,110.67,56.62,54.59,49.46,3.14,765.7,2.29,1026.3,554.0,Press,Composite,Night,Expert,Line_B,0,0,1,0,0,0,1,0,0,0,1,0,1,0,0,0,No Defect
2721,77.09,124.34,3.22,,59.42,58.9,34.82,3.65,864.6,2.58,778.4,507.0,Injection_Molding,Alloy,Evening,Expert,Line_A,0,1,1,0,0,0,0,0,0,0,1,0,0,0,1,0,No Defect
2722,74.38,126.25,2.48,87.9,53.29,49.87,56.97,0.5,698.0,3.61,613.9,410.0,Lathe,Composite,Evening,Experienced,Line_A,0,0,0,1,0,0,0,0,0,0,0,0,0,0,0,0,No Defect
2723,75.47,109.28,1.62,78.76,63.77,48.14,57.77,2.29,694.2,3.4,1682.1,466.0,Milling,Steel,Morning,Expert,Line_C,0,0,0,0,0,0,0,0,0,0,0,0,0,0,0,0,No Defect
2724,68.81,115.69,1.44,95.84,68.24,53.27,,5.47,737.2,4.16,1116.9,615.0,Lathe,Steel,Morning,Expert,Line_C,0,0,0,0,0,0,0,1,0,0,1,0,0,0,0,0,No Defect
2725,76.3,105.33,4.22,100.61,64.72,66.28,52.46,10.19,769.1,3.03,1999.7,488.0,Injection_Molding,Aluminum,Evening,Experienced,Line_B,1,0,0,0,1,0,0,0,0,0,1,1,0,0,0,0,No Defect
2726,69.9,125.58,1.85,65.87,65.81,48.72,43.78,6.58,791.5,,1187.9,438.0,Injection_Molding,Steel,Evening,New,Line_B,0,0,0,1,0,0,0,0,0,0,0,0,0,1,0,0,No Defect
2727,71.01,121.29,1.32,74.82,56.07,44.78,49.31,5.99,725.8,3.03,921.6,282.0,CNC,Steel,Evening,Intermediate,Line_A,0,0,0,0,0,0,0,0,0,0,0,0,0,0,0,1,Material Defect
2728,72.23,112.57,3.89,90.68,63.71,51.1,61.3,11.19,677.4,3.0,1809.0,344.0,Milling,Alloy,Evening,New,Line_A,1,0,0,0,1,0,0,0,0,0,0,0,0,1,0,0,No Defect
2729,70.93,127.21,2.93,118.92,64.63,52.91,67.45,5.49,645.8,5.06,,434.0,Milling,Plastic,Evening,Experienced,Line_B,0,0,0,1,0,1,1,1,0,0,0,0,0,0,0,0,No Defect
2730,73.63,122.62,2.47,63.56,56.68,49.23,46.64,5.65,746.5,2.88,713.7,390.0,CNC,Aluminum,Evening,Experienced,Line_B,0,0,0,0,0,0,0,0,0,0,0,0,0,0,0,0,No Defect
2731,72.62,114.15,4.72,107.33,64.52,47.43,58.3,13.39,710.0,3.11,2410.1,367.0,Lathe,Aluminum,Evening,Experienced,Line_C,1,0,0,0,1,0,1,0,0,1,0,0,0,0,0,1,Surface Defect
2732,80.23,114.89,3.2,96.48,62.27,50.48,43.0,2.21,851.7,2.22,1422.1,421.0,CNC,Plastic,Night,Experienced,Line_B,0,1,1,0,0,0,0,0,0,0,0,0,1,0,0,0,No Defect
2733,72.83,114.37,2.27,87.29,56.66,42.34,45.27,7.61,749.1,3.09,1042.0,,CNC,Steel,Morning,New,Line_C,0,0,0,0,0,0,0,0,0,0,0,0,0,1,0,0,No Defect
2734,69.36,113.4,2.68,95.78,60.41,52.12,44.2,3.56,734.5,3.0,655.2,434.0,Lathe,Composite,Evening,New,Line_B,0,0,0,0,0,0,0,0,0,0,0,0,0,1,0,0,No Defect
2735,80.46,126.44,2.42,119.65,81.51,60.56,68.8,4.99,602.4,4.89,1836.2,334.0,Milling,Aluminum,Evening,Intermediate,Line_A,0,0,1,1,0,1,1,1,1,0,0,1,0,0,0,0,No Defect
2736,78.74,120.48,1.0,82.1,55.96,48.54,47.39,3.77,757.5,2.75,1109.5,324.0,Press,Composite,Night,Intermediate,Line_A,0,0,1,0,0,0,0,0,0,0,0,0,1,0,0,0,No Defect
2737,76.13,122.57,2.11,127.79,65.59,47.02,39.76,2.04,829.0,3.85,,512.0,CNC,Steel,Evening,Expert,Line_C,0,1,0,0,0,0,1,1,0,0,1,0,0,0,1,0,No Defect
2738,69.44,124.5,4.45,93.25,63.62,47.2,63.38,12.96,699.0,,2304.6,377.0,Milling,Composite,Morning,Experienced,Line_C,1,0,0,0,1,1,0,0,0,1,0,0,0,0,0,1,Assembly Defect
2739,73.48,125.68,4.19,95.25,71.58,58.9,59.05,9.52,700.1,2.77,2194.2,287.0,Press,Steel,Morning,Expert,Line_A,1,0,0,1,1,0,0,0,1,1,0,0,0,0,0,0,No Defect
2740,71.25,121.46,1.92,84.81,64.72,59.7,54.26,,715.3,3.23,793.9,485.0,Injection_Molding,Alloy,Night,Experienced,Line_B,0,0,0,0,0,0,0,0,0,0,0,0,1,0,0,0,No Defect
2741,72.51,119.56,1.13,88.92,63.31,49.52,57.16,3.73,764.6,2.38,1180.7,378.0,Lathe,Steel,Morning,Experienced,Line_D,0,0,0,0,0,0,0,0,0,0,0,0,0,0,0,0,No Defect
2742,77.69,138.47,2.89,105.66,72.86,42.96,59.76,7.27,713.0,4.48,1638.7,435.0,Milling,Alloy,Evening,Expert,Line_D,0,0,1,1,0,0,1,1,1,0,0,0,0,0,0,0,No Defect
2743,67.38,115.25,2.77,95.46,54.36,45.87,36.85,6.4,758.4,2.52,1199.2,441.0,Milling,Alloy,Evening,Experienced,Line_A,0,0,0,0,0,0,0,0,0,0,0,0,0,0,0,0,No Defect
2744,77.58,127.1,2.82,113.59,60.88,57.19,67.38,5.42,695.9,4.2,1910.5,420.0,Injection_Molding,Aluminum,Night,Intermediate,Line_A,0,0,1,1,0,1,1,1,0,0,0,0,1,0,0,0,No Defect
2745,80.18,115.84,2.95,126.85,68.95,60.07,45.02,,768.4,2.86,1194.3,624.0,Lathe,Composite,Evening,Intermediate,Line_B,0,0,1,0,0,0,1,0,0,0,1,0,0,0,0,0,No Defect
2746,74.21,115.21,3.33,119.57,68.55,54.48,41.1,3.39,863.1,2.81,1371.8,493.0,Milling,Steel,Night,Expert,Line_C,0,1,0,0,0,0,1,0,0,0,0,0,1,0,1,0,No Defect
2747,79.16,122.63,3.84,123.18,59.76,59.68,39.12,2.62,792.9,2.08,1391.9,477.0,Lathe,Aluminum,Night,Expert,Line_B,0,0,1,0,1,0,1,0,0,0,0,0,1,0,1,1,Structural Defect
2748,78.08,,2.12,122.29,60.1,58.6,49.01,3.82,769.4,2.27,1260.5,449.0,Lathe,Composite,Evening,Experienced,Line_B,0,0,1,0,0,0,1,0,0,0,0,0,0,0,0,0,No Defect
2749,73.42,116.02,2.54,85.77,62.78,35.0,57.06,3.69,652.7,2.57,760.9,232.0,Press,Alloy,Evening,Expert,Line_C,0,0,0,0,0,0,0,0,0,0,0,0,0,0,0,0,No Defect
2750,69.9,113.94,1.62,105.04,73.99,,48.52,3.81,824.4,2.63,972.6,624.0,Milling,Steel,Evening,Experienced,Line_C,0,1,0,0,0,0,1,0,1,0,1,0,0,0,1,0,No Defect
2751,84.71,129.56,2.75,128.98,64.37,55.11,39.43,2.4,829.4,2.55,1548.1,569.0,Milling,Alloy,Morning,Intermediate,Line_D,0,1,1,1,0,0,1,0,0,0,1,0,0,0,1,0,No Defect
2752,78.63,135.22,2.37,130.0,76.41,54.54,60.71,3.94,,4.14,1261.9,471.0,Press,Steel,Night,Experienced,Line_A,0,0,1,1,0,0,1,1,1,0,0,0,1,0,0,1,Structural Defect
2753,69.11,117.13,1.0,79.27,48.6,46.44,57.28,1.57,740.4,1.99,514.9,334.0,Press,Composite,Morning,Intermediate,Line_B,0,0,0,0,0,0,0,0,0,0,0,0,0,0,0,0,No Defect
2754,75.35,122.95,3.29,121.87,48.45,43.28,49.12,4.25,827.0,3.05,1345.5,353.0,Injection_Molding,Composite,Evening,Expert,Line_D,0,1,0,0,0,0,1,0,0,0,0,0,0,0,0,0,No Defect
2755,71.8,111.6,4.59,86.57,60.85,65.67,56.83,15.43,606.7,2.71,2666.1,372.0,CNC,Composite,Morning,New,Line_D,1,0,0,0,1,0,0,0,0,1,0,1,0,1,0,1,Surface Defect
2756,72.23,127.2,2.52,93.28,74.34,51.76,57.64,4.81,804.6,2.61,536.0,519.0,Milling,Alloy,Evening,Experienced,Line_A,0,1,0,1,0,0,0,0,1,0,1,0,0,0,1,0,No Defect
2757,74.49,125.57,1.98,83.61,67.36,47.27,47.37,3.11,774.1,2.9,681.9,396.0,Milling,Alloy,Morning,Expert,Line_B,0,0,0,1,0,0,0,0,1,0,0,0,0,0,0,0,No Defect
2758,78.46,118.98,2.36,88.81,70.42,48.62,47.06,6.75,689.3,3.89,987.9,370.0,Injection_Molding,Steel,Morning,Intermediate,Line_D,0,0,1,0,0,0,0,1,1,0,0,0,0,0,0,0,No Defect
2759,80.78,,2.59,104.5,62.45,43.51,58.7,6.35,652.0,4.38,2221.0,515.0,CNC,Plastic,Morning,Expert,Line_D,0,0,1,0,0,0,0,1,0,1,1,0,0,0,0,0,No Defect
2760,76.63,113.76,3.43,115.95,67.1,65.87,40.47,2.69,942.8,2.67,1308.2,415.0,Injection_Molding,Steel,Evening,Expert,Line_C,0,1,0,0,1,0,1,0,0,0,0,1,0,0,0,0,No Defect
2761,76.56,112.61,2.19,100.23,56.58,66.0,53.45,4.78,678.4,3.36,895.6,449.0,Milling,Aluminum,Morning,New,Line_A,0,0,0,0,0,0,0,0,0,0,0,1,0,1,0,0,No Defect
2762,73.66,128.05,1.61,94.39,47.03,,41.44,3.12,856.2,3.24,1496.2,591.0,CNC,Composite,Morning,Intermediate,Line_D,0,1,0,1,0,0,0,0,0,0,1,0,0,0,1,0,No Defect
2763,77.66,126.31,2.75,130.0,62.81,58.74,37.1,5.05,881.8,2.91,942.2,527.0,Lathe,Alloy,Night,Expert,Line_D,0,1,1,1,0,0,1,0,0,0,1,0,1,0,1,0,No Defect
2764,72.5,,1.94,86.95,58.74,57.37,42.19,6.94,688.5,3.57,1101.9,358.0,Press,Steel,Night,Experienced,Line_D,0,0,0,0,0,0,0,0,0,0,0,0,1,0,0,0,No Defect
2765,75.07,123.52,3.76,119.45,78.4,40.31,51.72,6.9,752.8,4.84,1754.7,403.0,Lathe,Aluminum,Morning,Expert,Line_B,0,0,0,0,1,0,1,1,1,0,0,0,0,0,0,1,Structural Defect
2766,79.62,124.76,2.92,117.42,45.24,47.15,32.74,4.73,819.1,3.92,941.2,411.0,Press,Composite,Morning,Experienced,Line_A,0,0,1,0,0,0,1,1,0,0,0,0,0,0,0,0,No Defect
2767,71.14,128.1,3.76,109.0,65.22,52.91,64.8,3.15,713.4,4.43,2007.2,444.0,CNC,Alloy,Evening,Expert,Line_D,0,0,0,1,1,1,1,1,0,1,0,0,0,0,0,0,No Defect
2768,69.27,131.45,3.24,102.37,66.14,41.67,,3.31,776.1,4.55,1888.0,475.0,Milling,Plastic,Evening,Experienced,Line_C,0,0,0,1,0,0,0,1,0,0,0,0,0,0,0,0,No Defect
2769,76.4,116.52,2.75,76.86,50.44,46.79,40.08,3.09,722.3,3.09,880.5,440.0,Injection_Molding,Composite,Evening,Intermediate,Line_A,0,0,0,0,0,0,0,0,0,0,0,0,0,0,0,0,No Defect
2770,75.93,122.56,1.45,126.33,73.75,50.75,64.87,5.98,703.8,5.15,1584.0,476.0,Injection_Molding,Steel,Morning,New,Line_C,0,0,0,0,0,1,1,1,1,0,0,0,0,1,0,0,No Defect
2771,80.54,114.59,3.13,,67.46,47.73,36.48,2.29,810.7,2.92,1360.0,505.0,Lathe,Steel,Morning,Intermediate,Line_C,0,0,1,0,0,0,0,0,0,0,1,0,0,0,1,0,No Defect
2772,76.47,122.01,2.7,89.22,64.44,44.85,51.06,2.64,791.8,3.64,988.5,496.0,Press,Steel,Night,Experienced,Line_B,0,1,0,0,0,0,0,0,0,0,0,0,1,0,1,0,No Defect
2773,76.99,126.91,3.42,112.29,65.67,50.75,39.81,5.31,786.5,2.39,889.9,312.0,CNC,Steel,Night,Intermediate,Line_C,0,0,0,1,0,0,1,0,0,0,0,0,1,0,0,0,No Defect
2774,80.65,106.97,2.26,84.17,53.48,43.64,47.21,0.64,719.4,2.53,1190.7,528.0,Lathe,Steel,Evening,Experienced,Line_A,0,0,1,0,0,0,0,0,0,0,1,0,0,0,0,0,No Defect
2775,,124.19,3.44,101.4,85.0,,64.42,5.1,627.1,5.22,1786.1,484.0,Milling,Steel,Morning,Experienced,Line_C,0,0,0,0,0,1,0,1,1,0,0,0,0,0,0,1,Dimensional Defect
2776,78.51,119.54,2.96,122.32,65.05,55.2,44.71,5.19,787.9,2.77,1257.6,416.0,CNC,Alloy,Evening,Intermediate,Line_A,0,0,1,0,0,0,1,0,0,0,0,0,0,0,0,0,No Defect
2777,76.47,133.42,3.07,120.64,68.38,41.4,63.1,4.35,739.7,4.33,1366.3,546.0,CNC,Plastic,Night,Experienced,Line_C,0,0,0,1,0,1,1,1,0,0,1,0,1,0,0,0,No Defect
2778,71.85,121.21,5.54,87.85,57.18,61.17,71.48,11.05,641.8,3.61,2173.4,357.0,Milling,Plastic,Morning,Experienced,Line_A,1,0,0,0,1,1,0,0,0,1,0,0,0,0,0,1,Dimensional Defect
2779,72.47,116.41,2.21,68.94,48.41,50.18,44.7,4.04,,3.32,954.2,272.0,Milling,Plastic,Morning,Experienced,Line_A,0,0,0,0,0,0,0,0,0,0,0,0,0,0,0,0,No Defect
2780,77.6,130.56,4.24,120.89,56.21,,34.23,6.8,882.2,2.41,,419.0,Press,Aluminum,Morning,Intermediate,Line_D,0,1,1,1,1,0,1,0,0,0,0,0,0,0,0,0,No Defect
2781,70.13,126.77,2.97,80.39,59.59,46.87,42.22,2.27,790.1,2.49,,408.0,Milling,Plastic,Evening,New,Line_B,0,0,0,1,0,0,0,0,0,0,0,0,0,1,0,0,No Defect
2782,74.91,117.21,3.17,97.38,69.31,52.53,48.22,4.78,778.4,2.72,615.8,368.0,CNC,Steel,Morning,Intermediate,Line_D,0,0,0,0,0,0,0,0,0,0,0,0,0,0,0,0,No Defect
2783,78.96,117.58,3.57,127.17,68.05,59.8,48.05,4.23,832.8,3.13,1590.8,471.0,CNC,Composite,Morning,Expert,Line_A,0,1,1,0,0,0,1,0,0,0,0,0,0,0,1,0,No Defect
2784,70.13,124.15,1.78,94.46,60.96,45.2,52.58,3.78,770.9,3.25,812.8,490.0,Press,Alloy,Evening,New,Line_C,0,0,0,0,0,0,0,0,0,0,1,0,0,1,0,0,No Defect
2785,80.31,116.51,3.19,109.02,81.25,50.11,48.63,1.39,761.7,3.6,2149.5,383.0,CNC,Alloy,Morning,Experienced,Line_B,0,0,1,0,0,0,1,0,1,1,0,0,0,0,0,1,Structural Defect
2786,73.16,118.0,1.69,101.1,77.81,44.59,50.13,3.01,694.5,2.99,988.4,343.0,Press,Alloy,Morning,Intermediate,Line_D,0,0,0,0,0,0,0,0,1,0,0,0,0,0,0,0,No Defect
2787,74.15,127.51,2.8,103.3,60.84,56.44,56.52,3.09,815.3,,819.5,295.0,Lathe,Aluminum,Morning,Intermediate,Line_A,0,0,0,1,0,0,0,0,0,0,0,0,0,0,0,0,No Defect
2788,,118.51,2.33,90.98,54.35,58.03,51.88,,730.7,2.98,1171.2,277.0,CNC,Aluminum,Night,Expert,Line_C,0,0,0,0,0,0,0,0,0,0,0,0,1,0,0,0,No Defect
2789,70.12,105.25,1.86,90.15,64.3,45.59,41.65,3.27,655.3,2.87,338.4,339.0,Injection_Molding,Composite,Morning,Intermediate,Line_D,0,0,0,0,0,0,0,0,0,0,0,0,0,0,0,0,No Defect
2790,77.62,116.51,2.88,119.2,76.37,46.51,61.43,7.75,648.8,4.63,2026.1,507.0,Injection_Molding,Alloy,Night,Experienced,Line_C,1,0,1,0,0,0,1,1,1,1,1,0,1,0,0,0,No Defect
2791,80.48,109.28,3.14,113.47,75.11,56.09,43.91,2.47,835.8,3.46,1477.2,476.0,CNC,Steel,Morning,New,Line_A,0,1,1,0,0,0,1,0,1,0,1,0,0,1,1,0,No Defect
2792,73.01,112.99,2.3,86.94,66.61,,49.8,1.14,799.0,3.37,765.5,357.0,Injection_Molding,Composite,Evening,Expert,Line_B,0,0,0,0,0,0,0,0,0,0,0,0,0,0,0,0,No Defect
2793,75.84,118.14,2.58,81.52,52.1,49.1,51.79,4.47,762.5,3.4,1340.4,446.0,CNC,Composite,Night,Experienced,Line_B,0,0,0,0,0,0,0,0,0,0,0,0,1,0,0,0,No Defect
2794,74.72,121.02,3.36,103.3,51.2,48.52,45.88,6.16,823.7,3.13,1850.1,474.0,Milling,Plastic,Morning,Experienced,Line_D,0,1,0,0,0,0,0,0,0,0,0,0,0,0,1,0,No Defect
2795,78.84,108.77,2.06,85.79,60.66,47.34,66.18,6.02,692.1,3.17,1018.4,275.0,Press,Aluminum,Morning,Experienced,Line_B,0,0,1,0,0,1,0,0,0,0,0,0,0,0,0,0,No Defect
2796,71.39,102.01,,71.91,61.52,43.39,45.52,5.62,730.6,3.55,753.7,441.0,CNC,Steel,Evening,Intermediate,Line_D,0,0,0,0,0,0,0,0,0,0,0,0,0,0,0,0,No Defect
2797,74.09,126.51,2.77,,59.89,54.33,54.98,3.65,714.3,3.38,968.8,527.0,Lathe,Aluminum,Evening,Expert,Line_B,0,0,0,1,0,0,0,0,0,0,1,0,0,0,0,0,No Defect
2798,72.1,106.84,2.56,99.17,57.1,41.04,49.4,4.52,748.1,3.58,758.4,,Lathe,Aluminum,Night,Expert,Line_D,0,0,0,0,0,0,0,0,0,0,0,0,1,0,0,0,No Defect
2799,74.65,115.53,4.27,99.23,53.75,52.7,59.3,13.88,702.0,3.13,2135.6,277.0,Lathe,Plastic,Morning,Intermediate,Line_D,1,0,0,0,1,1,0,0,0,1,0,0,0,0,0,0,No Defect
2800,72.13,126.17,2.31,111.51,85.0,39.4,75.57,3.4,705.8,5.06,1623.4,343.0,Injection_Molding,Steel,Morning,Expert,Line_B,0,0,0,1,0,1,1,1,1,0,0,0,0,0,0,1,Structural Defect
2801,72.86,132.39,1.82,130.0,82.28,46.33,42.88,5.14,596.1,4.79,2164.8,434.0,Injection_Molding,Steel,Morning,Experienced,Line_C,0,0,0,1,0,0,1,1,1,1,0,0,0,0,0,1,Dimensional Defect
2802,69.16,105.69,4.26,96.23,58.1,56.71,69.01,12.34,712.5,2.72,2071.5,436.0,Lathe,Aluminum,Morning,Experienced,Line_B,1,0,0,0,1,1,0,0,0,1,0,0,0,0,0,0,No Defect
2803,70.77,122.93,4.59,91.63,69.32,58.51,54.6,10.8,722.5,3.5,2266.9,409.0,CNC,Alloy,Night,Expert,Line_D,1,0,0,0,1,0,0,0,0,1,0,0,1,0,0,1,Material Defect
2804,76.53,115.96,3.81,99.82,58.19,52.47,59.92,8.07,698.4,3.75,1744.3,350.0,Milling,Aluminum,Evening,Experienced,Line_D,0,0,1,0,1,0,0,1,0,0,0,0,0,0,0,0,No Defect
2805,79.28,122.22,3.72,96.82,51.86,46.5,50.5,9.95,661.3,3.5,2202.4,512.0,Injection_Molding,Composite,Morning,Expert,Line_D,1,0,1,0,1,0,0,1,0,1,1,0,0,0,0,0,No Defect
2806,79.78,110.04,4.33,85.31,68.89,59.59,58.46,12.97,701.5,3.43,2428.4,359.0,Lathe,Steel,Evening,New,Line_A,1,0,1,0,1,1,0,0,0,1,0,0,0,1,0,1,Surface Defect
2807,75.73,110.7,3.63,82.93,65.67,54.88,72.03,10.06,637.6,2.54,1489.6,259.0,CNC,Composite,Night,Expert,Line_A,1,0,0,0,0,1,0,0,0,0,0,0,1,0,0,0,No Defect
2808,77.63,106.79,1.53,82.6,53.29,54.93,34.93,6.63,707.7,3.07,794.4,280.0,Milling,Steel,Evening,Experienced,Line_C,0,0,1,0,0,0,0,0,0,0,0,0,0,0,0,0,No Defect
2809,71.0,117.22,3.5,106.42,82.01,50.32,66.61,6.81,758.3,4.53,2023.0,578.0,Press,Alloy,Evening,Intermediate,Line_A,0,0,0,0,1,1,1,1,1,1,1,0,0,0,0,1,Structural Defect
2810,,120.39,2.97,98.14,58.37,52.41,43.27,6.25,868.7,2.08,1551.8,484.0,Lathe,Plastic,Evening,Experienced,Line_D,0,1,0,0,0,0,0,0,0,0,0,0,0,0,1,1,Surface Defect
2811,79.89,133.84,3.81,115.77,78.95,,49.93,5.81,712.5,4.56,2110.7,410.0,Press,Steel,Evening,Experienced,Line_A,0,0,1,1,1,0,1,1,1,1,0,0,0,0,0,1,Material Defect
2812,77.88,132.66,1.66,130.0,77.12,52.4,50.41,6.68,742.9,3.66,2078.9,386.0,Milling,Aluminum,Evening,Intermediate,Line_A,0,0,1,1,0,0,1,0,1,1,0,0,0,0,0,0,No Defect
2813,77.38,103.48,2.47,82.84,64.86,38.65,56.64,3.91,697.2,2.68,937.3,432.0,Injection_Molding,Alloy,Night,Expert,Line_B,0,0,1,0,0,0,0,0,0,0,0,0,1,0,0,0,No Defect
2814,74.41,117.19,3.35,95.35,68.84,52.41,52.36,3.42,731.7,3.46,383.7,402.0,Press,Steel,Morning,Experienced,Line_C,0,0,0,0,0,0,0,0,1,0,0,0,0,0,0,0,No Defect
2815,76.73,115.12,2.68,,58.72,66.32,46.79,9.81,671.9,2.8,2191.8,270.0,CNC,Alloy,Evening,Experienced,Line_A,1,0,0,0,0,0,1,0,0,1,0,1,0,0,0,0,No Defect
2816,71.13,109.54,4.07,96.92,54.52,41.52,68.85,12.66,686.6,2.76,2027.8,365.0,CNC,Aluminum,Night,Intermediate,Line_C,1,0,0,0,1,1,0,0,0,1,0,0,1,0,0,0,No Defect
2817,76.81,110.46,2.97,67.92,59.63,61.72,49.05,5.77,691.8,2.76,582.0,398.0,Milling,Alloy,Evening,Experienced,Line_C,0,0,0,0,0,0,0,0,0,0,0,0,0,0,0,0,No Defect
2818,72.44,109.99,3.98,111.95,51.26,52.33,65.6,9.68,692.6,3.43,2590.1,515.0,Injection_Molding,Plastic,Evening,Expert,Line_B,1,0,0,0,1,1,1,0,0,1,1,0,0,0,0,1,Surface Defect
2819,77.95,119.77,3.8,109.51,55.06,50.66,47.2,5.4,754.1,3.93,973.6,355.0,Milling,Composite,Evening,Expert,Line_C,0,0,1,0,1,0,1,1,0,0,0,0,0,0,0,0,No Defect
2820,72.06,98.42,5.44,96.58,55.6,49.32,57.03,11.08,749.5,3.31,2380.8,161.0,Injection_Molding,Composite,Evening,New,Line_B,1,0,0,0,1,0,0,0,0,1,0,0,0,1,0,1,Assembly Defect
2821,65.86,110.23,4.92,121.32,53.83,65.51,65.59,15.61,720.4,3.61,2780.5,431.0,CNC,Steel,Morning,Intermediate,Line_C,1,0,0,0,1,1,1,0,0,1,0,1,0,0,0,0,No Defect
2822,69.25,120.7,1.19,88.06,71.17,57.51,55.9,2.81,723.7,3.51,583.3,241.0,Injection_Molding,Steel,Morning,New,Line_B,0,0,0,0,0,0,0,0,1,0,0,0,0,1,0,0,No Defect
2823,75.18,129.1,2.67,130.0,85.0,49.94,54.65,9.47,730.4,4.53,1684.8,539.0,Press,Steel,Morning,Expert,Line_D,1,0,0,1,0,0,1,1,1,0,1,0,0,0,0,1,Structural Defect
2824,74.38,106.41,2.52,85.66,60.46,52.0,42.13,5.1,768.8,3.42,834.5,473.0,Press,Composite,Morning,Expert,Line_C,0,0,0,0,0,0,0,0,0,0,1,0,0,0,0,0,No Defect
2825,67.93,105.64,3.66,89.72,68.58,59.27,62.43,11.57,675.8,,1965.3,326.0,Milling,Steel,Morning,Experienced,Line_C,1,0,0,0,0,1,0,0,0,0,0,0,0,0,0,0,No Defect
2826,79.22,111.13,3.1,110.08,56.98,58.33,42.37,9.11,896.8,2.03,1314.3,468.0,Lathe,Alloy,Evening,Intermediate,Line_B,1,1,1,0,0,0,1,0,0,0,0,0,0,0,0,0,No Defect
2827,,117.74,1.71,73.36,61.85,46.56,53.48,5.6,713.7,2.83,568.0,333.0,CNC,Aluminum,Night,Expert,Line_D,0,0,0,0,0,0,0,0,0,0,0,0,1,0,0,0,No Defect
2828,71.04,,1.66,83.46,51.13,44.77,,2.13,710.4,3.06,1108.3,290.0,Press,Plastic,Morning,Experienced,Line_C,0,0,0,0,0,0,0,0,0,0,0,0,0,0,0,0,No Defect
2829,77.35,123.61,2.79,,63.28,61.86,59.18,4.69,671.3,4.69,1968.6,527.0,Press,Plastic,Night,Expert,Line_D,0,0,1,0,0,0,0,1,0,0,1,0,1,0,0,0,No Defect
2830,77.38,108.0,2.77,109.12,79.07,53.08,39.25,3.69,811.8,2.74,1153.7,398.0,Milling,Steel,Evening,Experienced,Line_A,0,1,1,0,0,0,1,0,1,0,0,0,0,0,0,0,No Defect
2831,66.01,115.2,2.48,102.15,65.25,55.85,37.93,0.5,830.2,2.89,1477.9,448.0,Lathe,Steel,Evening,Experienced,Line_B,0,1,0,0,0,0,0,0,0,0,0,0,0,0,0,0,No Defect
2832,76.17,109.16,4.64,84.78,60.98,49.82,65.82,10.57,682.8,3.45,2338.2,367.0,CNC,Composite,Evening,Intermediate,Line_D,1,0,0,0,1,1,0,0,0,1,0,0,0,0,0,1,Structural Defect
2833,71.1,135.61,3.25,111.54,84.74,44.36,71.2,6.34,620.9,3.6,2208.1,477.0,CNC,Alloy,Evening,Intermediate,Line_B,0,0,0,1,0,1,1,0,1,1,0,0,0,0,0,0,No Defect
2834,69.12,122.16,2.68,88.12,66.53,49.83,47.99,0.59,731.2,2.62,816.7,297.0,Press,Steel,Night,Intermediate,Line_A,0,0,0,0,0,0,0,0,0,0,0,0,1,0,0,1,Structural Defect
2835,78.81,,2.99,116.04,76.33,58.46,43.81,5.08,791.5,3.45,1210.5,498.0,CNC,Steel,Morning,Experienced,Line_D,0,0,1,0,0,0,1,0,1,0,0,0,0,0,1,0,No Defect
2836,78.68,114.11,1.38,86.76,55.94,48.92,47.23,5.25,748.7,3.13,1187.2,522.0,Lathe,Aluminum,Night,Expert,Line_A,0,0,1,0,0,0,0,0,0,0,1,0,1,0,0,0,No Defect
2837,68.61,117.11,3.0,88.96,48.12,43.66,,4.7,791.5,3.49,1075.9,393.0,Milling,Composite,Evening,New,Line_A,0,0,0,0,0,0,0,0,0,0,0,0,0,1,0,1,Surface Defect
2838,77.83,124.71,3.24,130.0,67.98,48.06,65.78,2.66,684.0,3.69,2044.5,494.0,CNC,Aluminum,Morning,Intermediate,Line_D,0,0,1,1,0,1,1,0,1,1,0,0,0,0,0,0,No Defect
2839,74.12,132.64,2.58,112.6,80.65,56.37,62.41,6.3,735.8,4.79,1855.0,417.0,CNC,Alloy,Night,Intermediate,Line_A,0,0,0,1,0,1,1,1,1,0,0,0,1,0,0,0,No Defect
2840,69.42,124.48,1.78,85.74,67.35,41.08,52.36,3.33,811.1,2.55,1304.8,389.0,Milling,Aluminum,Morning,Experienced,Line_A,0,0,0,1,0,0,0,0,0,0,0,0,0,0,0,1,Structural Defect
2841,74.41,109.29,2.37,109.88,53.74,46.6,,5.68,769.3,2.64,1336.3,445.0,Press,Steel,Evening,New,Line_D,0,0,0,0,0,0,1,0,0,0,0,0,0,1,0,0,No Defect
2842,79.23,119.67,2.71,124.88,65.87,57.28,43.07,2.15,819.7,2.75,1211.9,391.0,Injection_Molding,Alloy,Evening,Experienced,Line_B,0,0,1,0,0,0,1,0,0,0,0,0,0,0,0,0,No Defect
2843,71.3,121.46,3.87,88.65,57.55,54.2,52.38,11.76,706.6,,2329.1,524.0,Lathe,Plastic,Evening,Intermediate,Line_B,1,0,0,0,1,0,0,0,0,1,1,0,0,0,0,1,Structural Defect
2844,71.99,119.62,2.44,86.94,56.39,60.52,45.91,6.25,782.5,2.9,576.8,483.0,CNC,Composite,Morning,Expert,Line_B,0,0,0,0,0,0,0,0,0,0,0,0,0,0,1,0,No Defect
2845,72.29,126.08,2.95,108.58,79.75,45.77,61.55,3.43,700.0,4.35,1904.4,304.0,CNC,Aluminum,Evening,Experienced,Line_B,0,0,0,1,0,0,1,1,1,0,0,0,0,0,0,0,No Defect
2846,77.1,127.84,3.0,123.72,77.42,48.71,49.58,7.56,649.8,4.03,2072.5,433.0,Milling,Steel,Night,Expert,Line_B,0,0,1,1,0,0,1,1,1,1,0,0,1,0,0,0,No Defect
2847,76.61,115.45,2.12,106.82,85.0,45.21,62.2,8.03,687.7,4.76,1732.2,548.0,Injection_Molding,Steel,Evening,Experienced,Line_A,0,0,0,0,0,1,1,1,1,0,1,0,0,0,0,1,Dimensional Defect
2848,71.02,127.4,2.74,98.14,53.99,55.9,40.94,4.84,755.3,3.41,674.4,539.0,Lathe,Aluminum,Evening,Experienced,Line_D,0,0,0,1,0,0,0,0,0,0,1,0,0,0,1,1,Material Defect
2849,70.82,108.88,2.29,78.24,70.45,36.73,56.79,3.05,661.0,3.34,908.8,356.0,CNC,Steel,Night,Expert,Line_B,0,0,0,0,0,0,0,0,1,0,0,0,1,0,0,0,No Defect
2850,78.93,123.19,3.95,105.51,57.69,47.86,47.09,4.78,833.8,2.97,1495.3,379.0,Press,Alloy,Evening,Intermediate,Line_A,0,1,1,0,1,0,1,0,0,0,0,0,0,0,0,0,No Defect
2851,70.58,125.07,2.36,101.1,50.56,56.09,58.46,1.3,,2.96,388.0,406.0,CNC,Plastic,Night,Intermediate,Line_D,0,0,0,1,0,0,0,0,0,0,0,0,1,0,0,0,No Defect
2852,69.53,115.76,1.71,91.19,64.68,41.3,36.81,6.89,752.2,2.61,724.6,323.0,Injection_Molding,Alloy,Morning,Experienced,Line_C,0,0,0,0,0,0,0,0,0,0,0,0,0,0,0,0,No Defect
2853,76.9,123.23,2.56,117.79,63.63,49.87,40.72,4.22,849.3,2.44,1167.5,446.0,Lathe,Steel,Evening,New,Line_B,0,1,0,1,0,0,1,0,0,0,0,0,0,1,0,0,No Defect
2854,76.84,132.28,2.51,127.34,76.44,48.1,57.22,7.04,742.1,4.88,,507.0,CNC,Alloy,Night,Intermediate,Line_B,1,0,0,1,0,0,1,1,1,0,1,0,1,0,0,1,Structural Defect
2855,74.3,110.08,1.78,86.97,56.56,41.32,37.17,2.03,744.5,3.37,1218.0,389.0,CNC,Aluminum,Morning,Expert,Line_A,0,0,0,0,0,0,0,0,0,0,0,0,0,0,0,0,No Defect
2856,77.81,120.74,2.85,100.88,69.08,58.48,43.39,5.32,724.1,3.37,1374.8,486.0,CNC,Steel,Night,Expert,Line_C,0,0,1,0,0,0,0,0,1,0,0,0,1,0,0,0,No Defect
2857,76.64,100.71,2.16,119.06,55.89,,38.11,0.56,912.4,2.71,1207.1,480.0,Milling,Alloy,Night,Intermediate,Line_B,0,1,0,0,0,0,1,0,0,0,1,0,1,0,1,0,No Defect
2858,72.44,105.52,1.82,75.83,67.23,55.17,48.87,6.06,722.0,3.75,516.2,344.0,Milling,Steel,Night,Expert,Line_A,0,0,0,0,0,0,0,1,0,0,0,0,1,0,0,0,No Defect
2859,70.34,114.18,1.81,73.01,56.45,47.53,41.24,3.38,670.9,3.36,938.4,333.0,Press,Aluminum,Evening,Experienced,Line_B,0,0,0,0,0,0,0,0,0,0,0,0,0,0,0,0,No Defect
2860,75.62,112.19,3.57,101.0,60.43,51.26,66.69,14.45,648.6,3.39,2429.7,304.0,Milling,Alloy,Evening,Experienced,Line_B,1,0,0,0,0,1,1,0,0,1,0,0,0,0,0,0,No Defect
2861,74.18,112.62,3.1,75.77,65.09,42.99,34.91,5.49,783.4,3.79,522.0,428.0,Injection_Molding,Alloy,Morning,Intermediate,Line_A,0,0,0,0,0,0,0,1,0,0,0,0,0,0,0,0,No Defect
2862,81.62,128.42,3.17,116.52,56.56,57.36,40.09,5.81,870.5,2.54,1607.5,431.0,Injection_Molding,Aluminum,Morning,Expert,Line_D,0,1,1,1,0,0,1,0,0,0,0,0,0,0,0,0,No Defect
2863,78.28,115.67,5.06,102.18,64.37,62.82,62.12,9.71,688.4,3.6,2204.7,289.0,Lathe,Aluminum,Night,Expert,Line_C,1,0,1,0,1,1,0,0,0,1,0,0,1,0,0,0,No Defect
2864,76.1,105.72,1.0,76.0,,38.72,34.93,4.31,762.5,3.45,634.0,356.0,CNC,Steel,Morning,New,Line_C,0,0,0,0,0,0,0,0,0,0,0,0,0,1,0,0,No Defect
2865,70.05,118.09,3.04,92.61,53.82,56.96,59.84,4.7,726.3,,780.4,402.0,Milling,Aluminum,Night,Experienced,Line_B,0,0,0,0,0,0,0,0,0,0,0,0,1,0,0,0,No Defect
2866,77.19,121.66,3.4,130.0,58.64,54.13,42.42,3.72,827.2,2.98,1277.8,393.0,Injection_Molding,Alloy,Evening,Expert,Line_D,0,1,1,0,0,0,1,0,0,0,0,0,0,0,0,0,No Defect
2867,69.1,128.43,4.04,99.4,74.21,48.13,56.73,3.29,711.5,3.63,1948.2,348.0,Injection_Molding,Plastic,Evening,Intermediate,Line_D,0,0,0,1,1,0,0,0,1,0,0,0,0,0,0,0,No Defect
2868,72.41,130.03,2.11,103.65,69.76,54.91,52.16,6.72,734.1,3.4,2144.3,507.0,Injection_Molding,Plastic,Night,Experienced,Line_A,0,0,0,1,0,0,0,0,0,1,1,0,1,0,0,0,No Defect
2869,80.66,112.33,3.25,123.1,56.52,56.67,38.91,5.0,859.2,2.91,1274.6,508.0,Lathe,Composite,Morning,Experienced,Line_D,0,1,1,0,0,0,1,0,0,0,1,0,0,0,1,0,No Defect
2870,75.45,134.3,2.66,130.0,78.7,48.5,57.62,9.72,726.8,4.56,2066.2,498.0,Press,Alloy,Night,Expert,Line_A,1,0,0,1,0,0,1,1,1,1,0,0,1,0,0,0,No Defect
2871,76.19,115.49,2.73,117.59,67.12,54.18,47.17,5.32,737.8,,1067.6,478.0,Injection_Molding,Steel,Morning,Experienced,Line_A,0,0,1,0,0,0,1,0,0,0,0,0,0,0,0,0,No Defect
2872,68.8,120.41,3.04,85.21,62.51,51.5,40.5,3.88,,3.43,707.0,380.0,Injection_Molding,Steel,Evening,Expert,Line_A,0,0,0,0,0,0,0,0,0,0,0,0,0,0,0,0,No Defect
2873,73.2,123.98,1.89,82.32,57.55,50.56,46.95,0.95,823.0,3.03,1369.9,422.0,CNC,Aluminum,Morning,New,Line_A,0,1,0,0,0,0,0,0,0,0,0,0,0,1,0,0,No Defect
2874,71.54,120.6,1.86,74.72,63.9,44.04,44.83,2.4,668.0,3.0,1036.3,,Injection_Molding,Steel,Evening,Expert,Line_B,0,0,0,0,0,0,0,0,0,0,0,0,0,0,0,0,No Defect
2875,72.03,126.86,2.68,128.56,67.98,46.79,55.83,13.69,699.3,4.07,2047.9,312.0,Milling,Steel,Night,Intermediate,Line_A,1,0,0,1,0,0,1,1,0,1,0,0,1,0,0,0,No Defect
2876,68.91,103.15,2.58,94.27,67.94,49.28,53.07,2.86,792.6,3.0,878.2,323.0,CNC,Alloy,Morning,New,Line_B,0,0,0,0,0,0,0,0,0,0,0,0,0,1,0,0,No Defect
2877,73.39,115.59,5.34,112.63,62.15,50.63,68.51,11.5,717.1,3.78,1599.2,359.0,Injection_Molding,Composite,Evening,Experienced,Line_C,1,0,0,0,1,1,1,1,0,0,0,0,0,0,0,0,No Defect
2878,78.03,140.0,2.99,126.51,77.63,43.72,63.52,5.47,715.7,4.07,1614.7,572.0,Press,Composite,Night,Experienced,Line_A,0,0,1,1,0,1,1,1,1,0,1,0,1,0,0,0,No Defect
2879,71.81,136.25,2.75,118.87,61.66,62.76,57.52,3.2,687.5,3.19,1621.5,496.0,Milling,Aluminum,Morning,Experienced,Line_B,0,0,0,1,0,0,1,0,0,0,0,0,0,0,0,1,Structural Defect
2880,74.89,123.99,3.15,108.15,55.8,56.58,52.34,10.55,704.3,3.38,2064.3,416.0,Lathe,Composite,Morning,Experienced,Line_C,1,0,0,0,0,0,1,0,0,1,0,0,0,0,0,0,No Defect
2881,75.77,115.88,2.29,87.53,60.29,44.53,36.35,2.33,769.7,2.74,1247.1,398.0,Milling,Alloy,Morning,Intermediate,Line_A,0,0,0,0,0,0,0,0,0,0,0,0,0,0,0,0,No Defect
2882,78.39,126.42,3.1,105.65,64.96,58.29,42.35,0.72,846.0,2.24,1604.5,478.0,CNC,Composite,Night,Expert,Line_B,0,1,1,1,0,0,1,0,0,0,0,0,1,0,1,1,Material Defect
2883,73.88,111.83,4.64,97.27,67.02,65.03,51.9,8.92,696.7,2.84,1995.7,346.0,CNC,Alloy,Evening,Intermediate,Line_C,0,0,0,0,1,0,0,0,0,0,0,1,0,0,0,0,No Defect
2884,80.92,112.14,3.76,93.74,57.39,46.5,60.48,13.17,654.8,3.18,2075.2,406.0,Injection_Molding,Aluminum,Night,Experienced,Line_C,1,0,1,0,1,0,0,0,0,1,0,0,1,0,0,1,Surface Defect
2885,72.0,111.96,3.51,,45.93,62.42,,11.78,722.2,3.14,2059.5,334.0,Milling,Alloy,Night,Expert,Line_A,1,0,0,0,0,0,0,0,0,1,0,0,1,0,0,0,No Defect
2886,71.98,126.08,1.0,90.28,65.17,37.69,,4.66,714.2,2.88,873.5,358.0,CNC,Aluminum,Night,New,Line_A,0,0,0,1,0,0,0,0,0,0,0,0,1,1,0,1,Assembly Defect
2887,75.1,115.57,4.27,117.68,54.86,65.94,55.65,7.19,748.0,3.51,1871.1,509.0,CNC,Plastic,Night,Expert,Line_A,0,0,0,0,1,0,1,0,0,0,1,1,1,0,0,0,No Defect
2888,,107.01,5.04,94.68,45.85,46.28,58.78,9.24,776.6,2.94,1985.1,383.0,Injection_Molding,Plastic,Evening,Intermediate,Line_A,1,0,0,0,1,0,0,0,0,0,0,0,0,0,0,0,No Defect
2889,79.22,126.59,3.41,95.78,54.61,42.52,48.94,5.29,813.8,2.73,1105.3,420.0,Lathe,Alloy,Night,Experienced,Line_D,0,0,1,1,0,0,0,0,0,0,0,0,1,0,0,0,No Defect
2890,76.9,132.54,3.33,115.83,71.71,50.16,64.11,5.92,673.5,4.63,1731.8,483.0,Press,Steel,Morning,Intermediate,Line_B,0,0,0,1,0,1,1,1,1,0,0,0,0,0,0,1,Structural Defect
2891,80.0,112.8,3.61,105.32,70.25,60.48,28.0,6.58,880.0,3.43,1468.9,538.0,Milling,Steel,Night,Intermediate,Line_C,0,1,1,0,0,0,1,0,1,0,1,0,1,0,1,0,No Defect
2892,73.06,124.87,3.56,112.25,73.53,45.66,69.05,,662.0,3.97,2168.6,499.0,Lathe,Alloy,Evening,Experienced,Line_A,0,0,0,0,0,1,1,1,1,1,0,0,0,0,0,0,No Defect
2893,73.59,122.06,4.46,106.06,70.7,53.88,75.26,10.14,652.2,2.81,2140.2,299.0,CNC,Alloy,Evening,Experienced,Line_A,1,0,0,0,1,1,1,0,1,1,0,0,0,0,0,1,Material Defect
2894,73.92,127.52,1.68,72.69,52.35,56.5,50.67,2.84,751.7,1.94,1080.4,398.0,CNC,Plastic,Evening,Experienced,Line_C,0,0,0,1,0,0,0,0,0,0,0,0,0,0,0,0,No Defect
2895,74.55,115.81,1.97,85.18,54.67,45.18,34.86,3.38,816.1,2.59,976.8,264.0,Injection_Molding,Composite,Morning,Experienced,Line_C,0,0,0,0,0,0,0,0,0,0,0,0,0,0,0,0,No Defect
2896,78.65,130.91,3.05,116.74,68.77,44.34,60.98,7.44,781.5,4.29,2036.2,402.0,Lathe,Alloy,Evening,New,Line_B,1,0,1,1,0,0,1,1,1,1,0,0,0,1,0,0,No Defect
2897,74.64,122.61,3.22,121.67,58.65,49.21,49.8,4.97,829.7,2.67,1757.5,456.0,CNC,Steel,Evening,Experienced,Line_C,0,1,0,1,0,0,1,0,0,0,0,0,0,0,0,0,No Defect
2898,74.36,117.8,3.42,113.17,54.17,48.69,37.22,2.49,841.0,3.13,1816.2,532.0,CNC,Composite,Morning,Expert,Line_B,0,1,0,0,0,0,1,0,0,0,1,0,0,0,1,0,No Defect
2899,69.98,122.32,2.37,93.44,58.39,,56.78,3.61,692.2,3.42,1097.3,373.0,Press,Steel,Morning,Intermediate,Line_B,0,0,0,0,0,0,0,0,0,0,0,0,0,0,0,0,No Defect
2900,78.89,107.31,1.39,67.96,50.81,45.92,55.33,2.11,692.4,2.82,640.3,455.0,CNC,Plastic,Night,Expert,Line_B,0,0,1,0,0,0,0,0,0,0,0,0,1,0,0,0,No Defect
2901,83.92,115.32,3.36,109.89,78.23,39.68,65.76,4.16,699.8,4.04,1898.6,382.0,Injection_Molding,Alloy,Night,Experienced,Line_A,0,0,1,0,0,1,1,1,1,0,0,0,1,0,0,0,No Defect
2902,68.02,118.57,2.87,72.38,64.76,44.77,52.1,3.15,761.7,3.45,,357.0,Lathe,Composite,Evening,Expert,Line_A,0,0,0,0,0,0,0,0,0,0,0,0,0,0,0,1,Surface Defect
2903,67.61,112.73,1.14,82.26,58.3,51.86,57.44,4.21,754.6,3.32,1374.2,354.0,Milling,Steel,Night,Intermediate,Line_C,0,0,0,0,0,0,0,0,0,0,0,0,1,0,0,0,No Defect
2904,70.64,130.64,2.12,121.21,78.36,53.82,65.58,8.59,699.9,3.43,1667.2,472.0,Milling,Aluminum,Morning,Experienced,Line_A,0,0,0,1,0,1,1,0,1,0,0,0,0,0,0,0,No Defect
2905,79.86,121.74,3.06,129.67,52.58,55.25,38.65,4.78,806.9,2.36,1140.4,433.0,Milling,Plastic,Morning,Expert,Line_D,0,0,1,0,0,0,1,0,0,0,0,0,0,0,0,0,No Defect
2906,76.72,118.74,4.8,92.88,78.54,56.41,72.3,11.24,622.3,2.85,2015.1,249.0,CNC,Alloy,Morning,Experienced,Line_D,1,0,0,0,1,1,0,0,1,1,0,0,0,0,0,0,No Defect
2907,74.74,123.33,2.65,98.97,52.54,42.29,43.18,5.15,745.2,3.13,1229.8,229.0,Lathe,Aluminum,Morning,Intermediate,Line_A,0,0,0,1,0,0,0,0,0,0,0,0,0,0,0,0,No Defect
2908,72.35,93.73,4.98,68.47,61.51,48.88,67.89,12.91,637.9,3.59,2207.7,388.0,Injection_Molding,Steel,Evening,Experienced,Line_C,1,0,0,0,1,1,0,1,0,1,0,0,0,0,0,1,Dimensional Defect
2909,76.7,125.41,2.96,116.39,72.82,44.59,58.15,3.74,636.8,4.04,2010.5,479.0,Injection_Molding,Steel,Evening,Expert,Line_B,0,0,0,1,0,0,1,1,1,1,0,0,0,0,0,0,No Defect
2910,74.26,105.37,2.78,80.56,56.05,50.15,53.23,1.84,714.2,,1401.2,505.0,Press,Steel,Morning,Expert,Line_D,0,0,0,0,0,0,0,0,0,0,1,0,0,0,0,0,No Defect
2911,78.82,127.88,4.22,101.08,55.74,57.11,33.77,0.83,861.1,3.21,574.0,502.0,Injection_Molding,Plastic,Morning,New,Line_B,0,1,1,1,1,0,0,0,0,0,1,0,0,1,1,1,Surface Defect
2912,79.87,108.86,2.27,117.2,51.78,51.31,51.79,6.1,796.7,3.03,1036.6,532.0,Milling,Aluminum,Night,New,Line_B,0,0,1,0,0,0,1,0,0,0,1,0,1,1,1,1,Surface Defect
2913,73.99,125.36,2.44,101.88,67.51,45.49,57.92,4.64,698.4,3.06,1058.0,526.0,Lathe,Aluminum,Night,Intermediate,Line_A,0,0,0,1,0,0,0,0,0,0,1,0,1,0,0,0,No Defect
2914,74.03,120.15,1.9,85.58,66.39,43.27,,4.56,781.1,3.37,895.4,209.0,Milling,Alloy,Evening,Intermediate,Line_B,0,0,0,0,0,0,0,0,0,0,0,0,0,0,0,0,No Defect
2915,84.86,130.58,3.29,119.33,61.23,51.53,46.91,3.05,783.0,3.03,1152.6,476.0,CNC,Composite,Morning,Intermediate,Line_C,0,0,1,1,0,0,1,0,0,0,1,0,0,0,1,1,Assembly Defect
2916,68.87,127.05,2.85,87.36,,48.43,58.39,3.47,739.3,3.78,872.5,441.0,Lathe,Composite,Night,Expert,Line_C,0,0,0,1,0,0,0,1,0,0,0,0,1,0,0,1,Dimensional Defect
2917,77.26,129.33,2.57,116.34,61.95,50.69,54.22,6.87,738.0,4.05,2571.5,415.0,Lathe,Aluminum,Evening,Experienced,Line_B,0,0,1,1,0,0,1,1,0,1,0,0,0,0,0,0,No Defect
2918,67.28,106.07,5.57,91.15,64.32,,55.17,9.28,730.1,3.66,2367.3,462.0,CNC,Aluminum,Night,Intermediate,Line_B,1,0,0,0,1,0,0,0,0,1,0,0,1,0,0,0,No Defect
2919,74.61,120.76,2.41,86.14,62.44,54.24,58.65,2.06,726.6,2.91,467.4,349.0,Press,Alloy,Evening,Intermediate,Line_C,0,0,0,0,0,0,0,0,0,0,0,0,0,0,0,0,No Defect
2920,68.56,111.07,1.94,79.71,56.74,46.67,58.53,,689.1,3.02,912.7,429.0,CNC,Composite,Evening,New,Line_D,0,0,0,0,0,0,0,0,0,0,0,0,0,1,0,0,No Defect
2921,71.82,134.77,3.11,121.38,78.56,55.57,68.01,5.27,,4.15,1648.8,546.0,Milling,Steel,Night,Expert,Line_C,0,0,0,1,0,1,1,1,1,0,1,0,1,0,0,1,Assembly Defect
2922,69.72,113.1,3.34,66.38,57.4,53.51,48.22,5.78,759.6,2.82,1500.0,397.0,CNC,Composite,Evening,New,Line_A,0,0,0,0,0,0,0,0,0,0,0,0,0,1,0,0,No Defect
2923,67.5,111.11,4.82,102.98,56.33,58.4,62.4,10.2,660.9,3.34,2598.7,324.0,CNC,Composite,Night,Intermediate,Line_A,1,0,0,0,1,1,0,0,0,1,0,0,1,0,0,0,No Defect
2924,77.08,125.77,3.21,113.34,58.26,53.78,28.8,1.33,807.2,2.63,1216.3,439.0,CNC,Aluminum,Night,Intermediate,Line_C,0,0,1,1,0,0,1,0,0,0,0,0,1,0,0,0,No Defect
2925,73.19,119.37,2.95,90.25,64.58,48.27,54.89,6.89,753.0,3.72,672.1,511.0,Press,Steel,Evening,New,Line_A,0,0,0,0,0,0,0,1,0,0,1,0,0,1,0,0,No Defect
2926,72.57,121.33,1.76,85.57,54.37,48.87,59.48,5.13,754.5,3.37,,368.0,Press,Composite,Evening,Expert,Line_D,0,0,0,0,0,0,0,0,0,0,0,0,0,0,0,1,Dimensional Defect
2927,76.07,131.6,3.59,119.32,80.68,52.75,59.95,7.54,739.3,3.66,2058.2,353.0,Lathe,Composite,Evening,Experienced,Line_C,0,0,0,1,1,0,1,0,1,1,0,0,0,0,0,1,Structural Defect
2928,72.12,122.49,2.65,87.07,58.65,47.78,43.65,2.09,785.3,3.31,1026.0,351.0,Press,Alloy,Morning,Intermediate,Line_C,0,0,0,0,0,0,0,0,0,0,0,0,0,0,0,0,No Defect
2929,74.06,111.55,2.37,100.58,70.28,61.63,52.42,12.25,770.4,3.33,2358.8,292.0,Lathe,Alloy,Morning,Expert,Line_B,1,0,0,0,0,0,0,0,1,1,0,0,0,0,0,0,No Defect
2930,75.94,126.37,2.69,110.25,80.17,44.69,73.57,5.49,655.3,3.22,1612.7,459.0,Lathe,Alloy,Evening,Intermediate,Line_B,0,0,0,1,0,1,1,0,1,0,0,0,0,0,0,1,Dimensional Defect
2931,75.59,120.85,2.39,75.48,66.2,46.29,53.28,3.89,663.7,3.59,1468.3,385.0,Milling,Steel,Morning,Expert,Line_C,0,0,0,0,0,0,0,0,0,0,0,0,0,0,0,0,No Defect
2932,75.56,124.88,3.66,122.2,77.9,47.69,46.52,4.23,683.1,4.49,1824.9,523.0,Milling,Aluminum,Morning,Experienced,Line_D,0,0,0,0,1,0,1,1,1,0,1,0,0,0,0,0,No Defect
2933,73.29,125.76,2.25,130.0,83.49,43.25,57.09,4.9,786.6,4.74,1837.5,440.0,Press,Alloy,Evening,Expert,Line_A,0,0,0,1,0,0,1,1,1,0,0,0,0,0,0,0,No Defect
2934,72.89,117.64,1.68,79.33,64.77,36.6,52.62,2.97,787.3,3.12,961.7,389.0,CNC,Alloy,Morning,Experienced,Line_B,0,0,0,0,0,0,0,0,0,0,0,0,0,0,0,0,No Defect
2935,73.95,132.44,2.24,78.02,57.0,37.87,46.53,5.27,622.0,2.53,1084.4,369.0,CNC,Aluminum,Morning,Experienced,Line_A,0,0,0,1,0,0,0,0,0,0,0,0,0,0,0,0,No Defect
2936,77.32,133.38,2.96,119.45,76.36,39.04,61.11,6.89,788.6,4.73,1548.2,523.0,Injection_Molding,Aluminum,Night,Experienced,Line_D,0,0,1,1,0,0,1,1,1,0,1,0,1,0,1,1,Assembly Defect
2937,77.5,111.61,3.37,104.74,75.25,52.19,48.41,2.94,801.4,2.29,814.9,384.0,Injection_Molding,Alloy,Morning,Experienced,Line_C,0,0,1,0,0,0,0,0,1,0,0,0,0,0,0,1,Surface Defect
2938,,118.38,2.07,74.28,69.91,57.51,55.59,4.12,746.2,3.45,570.2,322.0,Lathe,Steel,Morning,New,Line_A,0,0,0,0,0,0,0,0,0,0,0,0,0,1,0,0,No Defect
2939,79.05,127.62,3.48,95.92,62.62,44.81,58.48,4.73,694.0,4.37,1628.3,449.0,Injection_Molding,Plastic,Evening,New,Line_D,0,0,1,1,0,0,0,1,0,0,0,0,0,1,0,0,No Defect
2940,76.67,116.36,2.86,101.68,60.86,57.45,37.49,4.74,788.8,3.14,1158.7,354.0,Press,Alloy,Morning,Experienced,Line_B,0,0,0,0,0,0,0,0,0,0,0,0,0,0,0,0,No Defect
2941,73.35,131.11,2.71,130.0,79.05,47.05,52.02,6.1,732.5,4.6,1823.6,377.0,CNC,Composite,Night,Intermediate,Line_B,0,0,0,1,0,0,1,1,1,0,0,0,1,0,0,0,No Defect
2942,70.82,111.65,5.06,89.53,69.13,47.11,69.13,10.06,692.5,3.19,2238.6,353.0,CNC,Steel,Evening,Expert,Line_B,1,0,0,0,1,1,0,0,0,1,0,0,0,0,0,1,Assembly Defect
2943,79.9,,4.06,112.78,62.57,52.67,45.95,4.87,783.2,3.09,1712.6,507.0,Lathe,Plastic,Morning,New,Line_C,0,0,1,0,1,0,1,0,0,0,1,0,0,1,1,1,Assembly Defect
2944,66.53,121.74,1.22,84.68,69.79,46.52,43.45,4.0,653.5,2.72,905.0,218.0,CNC,Alloy,Evening,Expert,Line_B,0,0,0,0,0,0,0,0,0,0,0,0,0,0,0,0,No Defect
2945,71.11,111.96,2.86,74.53,56.28,51.41,41.29,6.35,652.3,2.65,978.7,347.0,Lathe,Composite,Evening,Experienced,Line_D,0,0,0,0,0,0,0,0,0,0,0,0,0,0,0,0,No Defect
2946,70.03,112.67,6.0,78.82,59.41,57.76,53.7,9.96,709.4,3.43,2349.3,424.0,Milling,Composite,Evening,Expert,Line_C,1,0,0,0,1,0,0,0,0,1,0,0,0,0,0,1,Surface Defect
2947,72.17,125.63,2.68,104.73,61.04,39.67,51.07,4.69,737.0,3.38,810.9,325.0,Press,Steel,Morning,Intermediate,Line_D,0,0,0,1,0,0,0,0,0,0,0,0,0,0,0,0,No Defect
2948,74.09,120.05,2.41,60.0,53.99,48.99,48.47,7.88,755.4,2.73,1104.2,441.0,Press,Aluminum,Morning,Intermediate,Line_A,0,0,0,0,0,0,0,0,0,0,0,0,0,0,0,0,No Defect
2949,72.59,136.95,1.74,127.44,69.68,44.62,50.78,4.19,679.0,4.19,1445.9,355.0,Press,Aluminum,Evening,Experienced,Line_D,0,0,0,1,0,0,1,1,0,0,0,0,0,0,0,0,No Defect
2950,76.03,134.62,1.43,112.85,55.87,41.17,36.4,4.33,817.1,3.1,1469.3,471.0,CNC,Steel,Evening,Experienced,Line_B,0,0,0,1,0,0,1,0,0,0,0,0,0,0,1,0,No Defect
2951,70.48,108.82,1.77,84.8,49.18,38.19,52.06,4.82,712.1,3.03,688.6,350.0,Press,Plastic,Night,Experienced,Line_C,0,0,0,0,0,0,0,0,0,0,0,0,1,0,0,0,No Defect
2952,73.26,126.97,3.12,100.87,76.41,43.37,83.75,5.81,659.3,3.85,1521.1,453.0,Lathe,Alloy,Evening,Intermediate,Line_B,0,0,0,1,0,1,0,1,1,0,0,0,0,0,0,1,Structural Defect
2953,70.61,139.0,2.29,110.88,85.0,40.44,70.69,5.67,736.1,4.22,1522.9,462.0,CNC,Steel,Morning,Intermediate,Line_C,0,0,0,1,0,1,1,1,1,0,0,0,0,0,0,1,Dimensional Defect
2954,75.09,126.38,2.15,108.01,63.93,51.86,37.2,3.81,809.0,2.23,1188.9,452.0,Lathe,Plastic,Morning,Experienced,Line_D,0,0,0,1,0,0,1,0,0,0,0,0,0,0,0,1,Structural Defect
2955,74.19,108.65,2.57,76.55,65.58,53.31,53.86,3.32,717.4,3.63,620.9,357.0,CNC,Composite,Morning,New,Line_C,0,0,0,0,0,0,0,0,0,0,0,0,0,1,0,0,No Defect
2956,81.02,126.01,2.56,112.93,63.0,56.75,50.23,4.79,703.8,2.85,1499.1,400.0,CNC,Aluminum,Morning,Experienced,Line_C,0,0,1,1,0,0,1,0,0,0,0,0,0,0,0,1,Surface Defect
2957,72.49,110.35,2.55,101.37,67.41,55.68,62.24,3.76,682.0,3.38,381.0,419.0,CNC,Steel,Night,Experienced,Line_C,0,0,0,0,0,1,1,0,0,0,0,0,1,0,0,0,No Defect
2958,73.16,124.41,2.95,130.0,85.0,53.15,60.85,4.77,629.5,4.47,2152.9,505.0,Press,Steel,Night,Experienced,Line_B,0,0,0,0,0,0,1,1,1,1,1,0,1,0,0,0,No Defect
2959,74.01,116.11,3.11,81.53,66.06,53.76,42.12,5.4,739.0,3.34,877.7,313.0,Milling,Steel,Morning,Experienced,Line_B,0,0,0,0,0,0,0,0,0,0,0,0,0,0,0,1,Structural Defect
2960,76.43,131.77,2.94,130.0,83.06,48.56,64.03,9.18,726.4,4.89,1865.2,408.0,Press,Alloy,Morning,New,Line_C,1,0,1,1,0,1,1,1,1,0,0,0,0,1,0,1,Material Defect
2961,78.85,138.73,2.14,,82.34,57.86,58.58,3.03,644.3,3.76,1496.0,362.0,CNC,Alloy,Night,Intermediate,Line_C,0,0,1,1,0,1,0,1,1,0,0,0,1,0,0,1,Material Defect
2962,78.53,119.08,3.9,87.23,64.9,47.59,,1.82,691.5,2.8,839.4,361.0,Lathe,Steel,Morning,Experienced,Line_A,0,0,1,0,1,0,0,0,0,0,0,0,0,0,0,0,No Defect
2963,72.5,129.62,2.38,118.72,81.58,41.26,49.06,3.4,735.9,3.97,1452.1,426.0,Injection_Molding,Aluminum,Evening,Intermediate,Line_B,0,0,0,1,0,0,1,1,1,0,0,0,0,0,0,0,No Defect
2964,73.64,125.44,2.77,82.31,54.45,56.33,46.75,5.16,688.7,3.55,1309.7,358.0,Lathe,Steel,Night,Intermediate,Line_B,0,0,0,1,0,0,0,0,0,0,0,0,1,0,0,0,No Defect
2965,74.5,118.34,2.35,92.99,49.67,57.85,56.38,5.36,672.9,3.2,918.4,270.0,Milling,Aluminum,Night,Expert,Line_C,0,0,0,0,0,0,0,0,0,0,0,0,1,0,0,0,No Defect
2966,74.84,109.04,4.29,72.15,47.9,57.51,42.84,12.36,708.0,3.31,2052.8,298.0,Lathe,Plastic,Night,Experienced,Line_C,1,0,0,0,1,0,0,0,0,1,0,0,1,0,0,0,No Defect
2967,70.32,113.84,2.51,82.36,63.22,45.79,48.78,6.38,720.3,3.6,1466.0,346.0,Press,Alloy,Morning,Expert,Line_B,0,0,0,0,0,0,0,0,0,0,0,0,0,0,0,0,No Defect
2968,66.55,108.61,2.16,102.3,68.12,42.99,43.38,3.25,747.6,3.21,1080.0,529.0,CNC,Aluminum,Evening,Experienced,Line_B,0,0,0,0,0,0,0,0,0,0,1,0,0,0,0,0,No Defect
2969,76.76,128.59,3.68,105.15,80.37,54.18,53.23,5.83,711.3,3.55,2020.0,414.0,Milling,Steel,Morning,New,Line_A,0,0,0,1,0,0,1,0,1,1,0,0,0,1,0,0,No Defect
2970,72.49,111.12,5.0,87.16,60.46,56.54,67.03,13.74,679.7,2.85,2157.5,339.0,CNC,Composite,Evening,New,Line_B,1,0,0,0,1,1,0,0,0,1,0,0,0,1,0,0,No Defect
2971,67.01,121.84,2.74,77.98,48.15,54.87,43.41,2.25,771.8,,593.9,321.0,Injection_Molding,Aluminum,Evening,Experienced,Line_D,0,0,0,0,0,0,0,0,0,0,0,0,0,0,0,0,No Defect
2972,71.39,106.26,2.69,70.16,62.77,54.1,42.68,4.44,729.8,2.74,640.7,357.0,Lathe,Aluminum,Night,Expert,Line_A,0,0,0,0,0,0,0,0,0,0,0,0,1,0,0,0,No Defect
2973,70.91,120.32,1.23,92.2,68.25,45.29,49.14,4.45,757.9,3.39,1266.5,405.0,Milling,Steel,Evening,Experienced,Line_D,0,0,0,0,0,0,0,0,0,0,0,0,0,0,0,0,No Defect
2974,75.47,115.0,4.33,92.17,65.21,56.36,61.28,13.24,650.8,3.68,1904.2,469.0,CNC,Steel,Evening,Intermediate,Line_B,1,0,0,0,1,0,0,0,0,0,0,0,0,0,0,0,No Defect
2975,68.67,110.46,4.93,106.57,,57.39,57.92,10.41,781.3,,2101.4,391.0,Injection_Molding,Aluminum,Morning,Expert,Line_A,1,0,0,0,1,0,1,0,0,1,0,0,0,0,0,0,No Defect
2976,68.66,,4.65,89.67,63.48,42.88,65.51,8.96,567.8,2.72,1891.7,347.0,CNC,Steel,Evening,Intermediate,Line_C,0,0,0,0,1,1,0,0,0,0,0,0,0,0,0,0,No Defect
2977,71.79,113.84,3.23,97.05,67.01,45.65,46.63,5.04,729.9,2.66,1121.0,495.0,CNC,Steel,Night,Experienced,Line_D,0,0,0,0,0,0,0,0,0,0,0,0,1,0,0,0,No Defect
2978,77.57,126.13,2.94,123.26,83.23,53.3,61.04,7.31,716.2,4.33,1461.0,399.0,CNC,Steel,Night,Experienced,Line_A,0,0,1,1,0,0,1,1,1,0,0,0,1,0,0,0,No Defect
2979,75.73,134.18,3.01,90.62,45.0,46.78,42.43,4.99,805.5,2.22,1605.6,461.0,CNC,Plastic,Evening,Expert,Line_B,0,1,0,1,0,0,0,0,0,0,0,0,0,0,0,1,Structural Defect
2980,79.21,104.32,4.12,82.32,45.33,64.52,64.09,11.01,750.2,2.85,1856.9,430.0,CNC,Aluminum,Morning,Expert,Line_B,1,0,1,0,1,1,0,0,0,0,0,1,0,0,0,0,No Defect
2981,75.07,117.18,2.73,113.17,56.23,54.02,40.48,6.09,813.1,3.52,1436.4,533.0,CNC,Composite,Evening,New,Line_B,0,0,0,0,0,0,1,0,0,0,1,0,0,1,1,1,Structural Defect
2982,71.03,104.09,1.09,72.26,64.5,49.33,39.48,3.98,760.1,3.06,832.7,334.0,Injection_Molding,Composite,Night,Expert,Line_D,0,0,0,0,0,0,0,0,0,0,0,0,1,0,0,0,No Defect
2983,75.92,123.42,5.27,61.45,56.9,54.05,73.37,9.42,709.8,3.28,2476.6,,Milling,Plastic,Morning,Expert,Line_A,1,0,0,0,1,1,0,0,0,1,0,0,0,0,0,1,Assembly Defect
2984,73.62,110.79,4.95,98.38,52.91,61.23,62.79,13.07,598.2,3.21,2470.9,488.0,Press,Plastic,Morning,Experienced,Line_B,1,0,0,0,1,1,0,0,0,1,0,0,0,0,0,1,Surface Defect
2985,76.48,122.09,2.7,103.66,63.42,45.24,46.27,0.58,803.2,3.09,973.5,481.0,Press,Alloy,Morning,Expert,Line_C,0,0,0,0,0,0,0,0,0,0,1,0,0,0,1,0,No Defect
2986,73.72,123.4,2.63,87.07,60.74,47.83,58.77,3.87,715.6,3.64,1727.2,472.0,Lathe,Plastic,Morning,Intermediate,Line_C,0,0,0,0,0,0,0,0,0,0,0,0,0,0,0,0,No Defect
2987,70.33,114.38,3.64,77.85,45.31,53.53,,9.71,718.1,2.73,2403.5,383.0,Injection_Molding,Aluminum,Evening,Intermediate,Line_B,1,0,0,0,0,0,0,0,0,1,0,0,0,0,0,0,No Defect
2988,72.62,119.19,4.22,94.91,54.26,53.97,69.09,8.76,700.4,3.46,2355.4,373.0,Milling,Plastic,Evening,Intermediate,Line_B,0,0,0,0,1,1,0,0,0,1,0,0,0,0,0,0,No Defect
2989,72.33,125.13,3.14,127.5,67.62,53.77,50.44,7.67,689.3,4.74,2539.1,462.0,Press,Steel,Morning,Expert,Line_C,0,0,0,1,0,0,1,1,0,1,0,0,0,0,0,0,No Defect
2990,72.58,124.62,2.24,95.41,85.0,47.75,66.63,2.86,675.8,3.82,1555.7,489.0,Milling,Steel,Evening,Experienced,Line_B,0,0,0,0,0,1,0,1,1,0,0,0,0,0,0,0,No Defect
2991,76.33,116.55,,78.38,45.0,56.58,42.17,5.33,796.4,2.51,976.3,328.0,CNC,Plastic,Morning,Expert,Line_A,0,0,0,0,0,0,0,0,0,0,0,0,0,0,0,1,Dimensional Defect
2992,74.52,105.1,2.12,74.59,65.97,37.08,53.26,3.96,724.3,3.12,862.6,435.0,Milling,Aluminum,Morning,Experienced,Line_B,0,0,0,0,0,0,0,0,0,0,0,0,0,0,0,0,No Defect
2993,78.23,115.46,1.76,81.45,61.39,52.67,46.49,3.68,657.7,2.95,1312.0,196.0,Press,Steel,Morning,Intermediate,Line_D,0,0,1,0,0,0,0,0,0,0,0,0,0,0,0,0,No Defect
2994,73.77,119.07,3.13,116.83,65.24,59.84,37.0,3.29,883.7,3.11,1648.8,372.0,Lathe,Steel,Morning,Experienced,Line_D,0,1,0,0,0,0,1,0,0,0,0,0,0,0,0,0,No Defect
2995,74.16,123.52,2.31,87.95,60.93,58.92,,6.28,639.4,3.27,1180.6,346.0,Injection_Molding,Aluminum,Night,Experienced,Line_A,0,0,0,0,0,0,0,0,0,0,0,0,1,0,0,0,No Defect
2996,67.69,112.24,2.53,83.86,65.24,53.05,36.24,6.0,762.5,3.71,1004.0,410.0,Press,Steel,Night,Experienced,Line_A,0,0,0,0,0,0,0,1,0,0,0,0,1,0,0,0,No Defect
2997,78.06,133.56,3.0,113.6,80.94,46.57,65.37,6.15,694.4,4.01,1997.7,441.0,Injection_Molding,Steel,Evening,Intermediate,Line_A,0,0,1,1,0,1,1,1,1,0,0,0,0,0,0,0,No Defect
2998,74.6,106.38,3.87,93.19,67.31,44.47,68.83,12.82,673.6,2.77,2328.4,312.0,Lathe,Steel,Night,Intermediate,Line_C,1,0,0,0,1,1,0,0,0,1,0,0,1,0,0,0,No Defect
2999,71.35,122.35,3.17,117.52,73.38,46.33,62.48,6.28,776.7,4.05,1790.6,413.0,Milling,Plastic,Evening,New,Line_D,0,0,0,0,0,1,1,1,1,0,0,0,0,1,0,0,No Defect
3000,72.5,113.11,1.84,83.07,58.49,46.28,,4.13,811.1,3.1,992.0,463.0,CNC,Composite,Evening,Experienced,Line_A,0,0,0,0,0,0,0,0,0,0,0,0,0,0,0,0,No Defect
3001,79.64,126.9,,125.57,65.63,44.86,46.06,1.72,,2.43,999.0,490.0,CNC,Steel,Morning,Expert,Line_B,0,0,1,1,0,0,1,0,0,0,0,0,0,0,1,1,Assembly Defect
3002,73.97,116.53,1.22,89.32,66.72,50.41,42.39,2.47,642.5,3.15,1030.2,350.0,Milling,Steel,Evening,Intermediate,Line_A,0,0,0,0,0,0,0,0,0,0,0,0,0,0,0,0,No Defect
3003,70.97,125.42,2.23,120.6,79.0,55.57,59.32,5.8,661.3,3.64,2283.0,481.0,Lathe,Composite,Morning,Expert,Line_D,0,0,0,1,0,0,1,0,1,1,0,0,0,0,0,0,No Defect
3004,74.58,137.42,2.24,118.88,81.65,55.72,48.06,7.57,807.3,4.74,1890.3,398.0,Injection_Molding,Alloy,Evening,Intermediate,Line_C,1,1,0,1,0,0,1,1,1,0,0,0,0,0,0,0,No Defect
3005,74.53,120.15,2.7,93.05,61.85,54.85,43.87,3.11,763.7,3.5,375.2,487.0,Milling,Aluminum,Night,Experienced,Line_C,0,0,0,0,0,0,0,0,0,0,0,0,1,0,0,0,No Defect
3006,75.07,122.12,1.88,68.38,60.22,38.99,48.72,2.95,728.7,3.21,1155.0,293.0,CNC,Plastic,Evening,Expert,Line_B,0,0,0,0,0,0,0,0,0,0,0,0,0,0,0,0,No Defect
3007,83.15,126.52,2.16,125.1,63.61,60.54,52.57,3.15,794.9,2.15,823.8,372.0,Press,Alloy,Evening,New,Line_B,0,0,1,1,0,0,1,0,0,0,0,0,0,1,0,1,Dimensional Defect
3008,77.99,105.15,2.79,103.22,55.63,57.96,43.98,2.73,779.0,3.11,1060.9,366.0,Lathe,Alloy,Night,Intermediate,Line_A,0,0,1,0,0,0,0,0,0,0,0,0,1,0,0,0,No Defect
3009,72.5,140.0,2.86,130.0,71.84,50.29,45.3,6.85,749.3,3.86,1522.7,412.0,Milling,Alloy,Evening,Experienced,Line_D,0,0,0,1,0,0,1,1,1,0,0,0,0,0,0,0,No Defect
3010,69.94,104.46,1.83,96.27,66.86,39.75,59.24,2.31,744.9,3.04,728.5,216.0,Milling,Alloy,Evening,Intermediate,Line_A,0,0,0,0,0,1,0,0,0,0,0,0,0,0,0,0,No Defect
3011,67.72,122.58,1.0,82.82,46.2,45.17,41.71,3.22,777.3,3.11,1346.9,359.0,CNC,Alloy,Evening,Intermediate,Line_A,0,0,0,0,0,0,0,0,0,0,0,0,0,0,0,0,No Defect
3012,70.19,123.84,3.64,124.79,65.26,46.55,,2.56,748.2,3.73,1487.1,421.0,Press,Steel,Night,New,Line_C,0,0,0,0,0,0,1,1,0,0,0,0,1,1,0,0,No Defect
3013,72.53,109.37,1.13,76.25,63.5,56.57,34.75,6.83,799.5,2.48,535.1,355.0,CNC,Aluminum,Night,Experienced,Line_D,0,0,0,0,0,0,0,0,0,0,0,0,1,0,0,0,No Defect
3014,77.25,116.61,1.57,113.21,57.62,45.26,43.65,4.15,787.5,2.68,1986.2,407.0,Injection_Molding,Aluminum,Evening,Experienced,Line_A,0,0,1,0,0,0,1,0,0,0,0,0,0,0,0,0,No Defect
3015,67.73,113.68,2.5,77.49,63.14,42.81,48.28,5.1,708.3,3.49,786.6,567.0,Milling,Steel,Night,Experienced,Line_B,0,0,0,0,0,0,0,0,0,0,1,0,1,0,0,1,Assembly Defect
3016,74.22,114.1,2.13,86.99,52.75,54.54,51.49,3.41,773.7,3.05,717.8,383.0,Press,Plastic,Night,New,Line_B,0,0,0,0,0,0,0,0,0,0,0,0,1,1,0,0,No Defect
3017,75.84,125.01,2.29,67.34,61.8,52.32,56.84,2.74,733.1,2.5,864.5,250.0,Milling,Aluminum,Evening,Intermediate,Line_C,0,0,0,1,0,0,0,0,0,0,0,0,0,0,0,1,Dimensional Defect
3018,71.75,126.01,2.62,111.98,72.4,40.94,57.58,5.98,733.9,3.22,1650.8,511.0,Milling,Alloy,Evening,Experienced,Line_B,0,0,0,1,0,0,1,0,1,0,1,0,0,0,0,0,No Defect
3019,79.98,128.15,3.33,121.59,58.89,61.62,47.36,2.89,829.3,2.47,1730.5,652.0,Injection_Molding,Aluminum,Night,Intermediate,Line_B,0,1,1,1,0,0,1,0,0,0,1,0,1,0,1,1,Surface Defect
3020,74.06,132.74,3.88,117.58,72.78,58.93,56.03,4.39,704.5,4.44,1730.6,430.0,CNC,Alloy,Evening,Experienced,Line_C,0,0,0,1,1,0,1,1,1,0,0,0,0,0,0,0,No Defect
3021,77.73,108.52,2.92,68.62,56.61,53.69,43.33,3.74,665.2,3.22,798.6,432.0,Milling,Steel,Night,Experienced,Line_A,0,0,1,0,0,0,0,0,0,0,0,0,1,0,0,0,No Defect
3022,77.8,120.32,3.0,123.11,76.18,44.05,59.02,7.5,669.7,4.29,1574.3,393.0,CNC,Composite,Evening,Intermediate,Line_C,0,0,1,0,0,0,1,1,1,0,0,0,0,0,0,0,No Defect
3023,74.95,108.41,2.29,77.46,52.37,57.96,44.31,5.45,764.2,3.05,411.5,395.0,CNC,Aluminum,Evening,Intermediate,Line_B,0,0,0,0,0,0,0,0,0,0,0,0,0,0,0,0,No Defect
3024,85.8,102.13,2.62,124.7,60.54,63.24,39.25,5.11,798.6,3.42,1145.2,379.0,Lathe,Steel,Night,Experienced,Line_A,0,0,1,0,0,0,1,0,0,0,0,1,1,0,0,0,No Defect
3025,78.35,115.57,3.95,111.04,54.44,54.54,33.3,5.43,834.7,2.13,1312.2,471.0,CNC,Aluminum,Evening,Experienced,Line_A,0,1,1,0,1,0,1,0,0,0,0,0,0,0,1,0,No Defect
3026,72.14,120.89,2.94,109.96,59.02,42.24,34.35,3.48,823.3,3.17,1042.4,341.0,CNC,Steel,Morning,Expert,Line_A,0,1,0,0,0,0,1,0,0,0,0,0,0,0,0,0,No Defect
3027,79.94,126.31,,106.13,74.53,46.24,55.05,7.04,684.8,3.63,1667.2,390.0,Milling,Steel,Morning,Experienced,Line_C,0,0,1,1,0,0,1,0,1,0,0,0,0,0,0,0,No Defect
3028,71.02,114.45,4.64,98.26,,48.8,67.1,11.59,664.9,3.64,2070.2,352.0,CNC,Aluminum,Night,Experienced,Line_B,1,0,0,0,1,1,0,1,0,1,0,0,1,0,0,1,Structural Defect
3029,79.11,139.83,4.04,113.73,70.78,42.33,64.91,5.17,618.4,4.12,2101.9,501.0,Lathe,Steel,Morning,Experienced,Line_C,0,0,1,1,1,1,1,1,1,1,1,0,0,0,0,1,Structural Defect
3030,,119.35,2.02,83.02,67.57,37.81,52.47,3.09,722.5,3.72,750.2,363.0,Press,Steel,Evening,Expert,Line_D,0,0,0,0,0,0,0,1,0,0,0,0,0,0,0,0,No Defect
3031,78.46,119.33,5.45,101.91,70.55,58.3,71.39,11.16,678.4,3.68,2286.0,469.0,Press,Steel,Morning,Intermediate,Line_D,1,0,1,0,1,1,0,0,1,1,0,0,0,0,0,0,No Defect
3032,74.09,103.49,2.45,90.66,55.83,40.06,48.07,2.84,677.4,2.89,1334.3,435.0,Injection_Molding,Composite,Evening,Experienced,Line_C,0,0,0,0,0,0,0,0,0,0,0,0,0,0,0,0,No Defect
3033,73.57,114.81,2.61,83.17,69.05,47.41,52.99,4.77,762.1,3.05,564.6,440.0,CNC,Aluminum,Night,Intermediate,Line_D,0,0,0,0,0,0,0,0,0,0,0,0,1,0,0,0,No Defect
3034,67.09,113.5,1.87,86.03,52.05,39.93,51.98,5.8,801.0,3.14,359.9,415.0,Milling,Steel,Morning,Experienced,Line_C,0,0,0,0,0,0,0,0,0,0,0,0,0,0,0,0,No Defect
3035,68.33,115.14,2.51,75.6,53.24,48.92,71.72,5.55,704.3,2.78,985.9,298.0,Milling,Aluminum,Night,Experienced,Line_B,0,0,0,0,0,1,0,0,0,0,0,0,1,0,0,0,No Defect
3036,74.04,115.22,4.92,104.3,62.97,66.23,65.18,10.82,667.1,2.49,2101.8,400.0,Milling,Alloy,Morning,Experienced,Line_A,1,0,0,0,1,1,0,0,0,1,0,1,0,0,0,1,Structural Defect
3037,80.16,119.57,3.75,106.02,57.1,60.4,46.89,1.53,839.8,3.54,641.4,355.0,CNC,Steel,Night,Intermediate,Line_C,0,1,1,0,1,0,1,0,0,0,0,1,1,0,0,1,Assembly Defect
3038,78.92,113.02,4.01,98.67,66.17,50.87,46.39,6.21,850.9,2.6,1760.4,378.0,CNC,Steel,Night,Intermediate,Line_D,0,1,1,0,1,0,0,0,0,0,0,0,1,0,0,0,No Defect
3039,73.58,123.31,2.59,104.42,63.69,55.78,47.09,2.99,742.2,3.09,889.4,485.0,Press,Plastic,Morning,New,Line_C,0,0,0,0,0,0,0,0,0,0,0,0,0,1,0,1,Dimensional Defect
3040,75.29,113.58,2.85,82.07,59.47,51.46,52.81,3.73,611.4,2.91,858.3,370.0,Injection_Molding,Steel,Morning,Experienced,Line_A,0,0,0,0,0,0,0,0,0,0,0,0,0,0,0,0,No Defect
3041,70.93,117.43,2.85,83.41,67.33,55.66,42.24,1.74,727.4,3.0,757.0,272.0,CNC,Composite,Morning,Intermediate,Line_B,0,0,0,0,0,0,0,0,0,0,0,0,0,0,0,0,No Defect
3042,74.01,128.34,5.47,91.16,70.24,65.22,57.87,10.43,695.6,2.77,1566.8,405.0,Lathe,Alloy,Evening,New,Line_B,1,0,0,1,1,0,0,0,1,0,0,1,0,1,0,0,No Defect
3043,73.84,116.82,3.71,89.16,58.49,49.14,45.84,5.57,916.4,2.95,1302.6,531.0,CNC,Aluminum,Evening,Experienced,Line_A,0,1,0,0,1,0,0,0,0,0,1,0,0,0,1,0,No Defect
3044,80.53,115.95,3.85,118.08,61.32,45.33,42.75,2.56,895.0,2.77,995.3,408.0,CNC,Alloy,Morning,New,Line_A,0,1,1,0,1,0,1,0,0,0,0,0,0,1,0,0,No Defect
3045,81.02,128.05,4.08,126.34,57.44,69.31,46.17,6.6,756.6,2.9,886.8,497.0,Milling,Composite,Night,Experienced,Line_A,0,0,1,1,1,0,1,0,0,0,0,1,1,0,0,1,Structural Defect
3046,73.99,100.24,4.15,101.32,62.42,57.54,67.42,11.07,690.6,3.0,2145.3,236.0,CNC,Steel,Night,Expert,Line_D,1,0,0,0,1,1,0,0,0,1,0,0,1,0,0,1,Assembly Defect
3047,76.46,126.56,3.46,113.62,60.8,54.64,34.17,3.76,839.8,2.46,1444.3,442.0,Press,Alloy,Evening,Experienced,Line_C,0,1,0,1,0,0,1,0,0,0,0,0,0,0,0,0,No Defect
3048,77.38,139.01,2.63,116.76,68.54,51.32,64.79,5.15,665.2,3.68,1858.0,381.0,CNC,Aluminum,Night,Experienced,Line_D,0,0,1,1,0,1,1,0,1,1,0,0,1,0,0,0,No Defect
3049,68.69,114.32,3.46,91.43,62.23,59.83,50.83,11.03,693.7,3.64,2252.9,403.0,Injection_Molding,Aluminum,Morning,New,Line_A,1,0,0,0,1,0,0,0,0,1,0,0,0,1,0,0,No Defect
3050,74.55,104.98,2.45,90.61,57.99,50.61,49.55,3.52,769.5,3.54,1121.0,580.0,CNC,Steel,Evening,Expert,Line_B,0,0,0,0,0,0,0,0,0,0,1,0,0,0,0,0,No Defect
3051,79.45,134.88,1.83,105.09,67.07,56.64,63.34,6.66,679.0,4.66,1999.3,430.0,CNC,Composite,Morning,Expert,Line_B,0,0,1,1,0,1,1,1,0,1,0,0,0,0,0,0,No Defect
3052,82.99,125.42,3.01,120.01,64.47,46.92,33.58,3.28,907.2,3.0,1193.3,549.0,Injection_Molding,Steel,Evening,Experienced,Line_C,0,1,1,1,0,0,1,0,0,0,1,0,0,0,1,0,No Defect
3053,74.68,123.9,3.98,109.5,64.89,52.86,59.63,12.29,,3.61,2350.1,485.0,Press,Alloy,Night,Intermediate,Line_D,1,0,0,0,1,0,1,0,0,1,0,0,1,0,0,0,No Defect
3054,76.03,107.01,2.51,87.48,67.92,35.0,44.88,3.59,732.2,3.28,970.2,417.0,Lathe,Steel,Evening,Expert,Line_B,0,0,0,0,0,0,0,0,0,0,0,0,0,0,0,0,No Defect
3055,74.29,118.86,2.26,127.94,66.77,45.06,43.33,2.63,800.4,2.24,1053.7,467.0,Injection_Molding,Steel,Evening,Expert,Line_B,0,0,0,0,0,0,1,0,0,0,0,0,0,0,0,0,No Defect
3056,77.24,121.91,2.11,93.39,74.85,43.54,48.08,2.34,744.8,2.68,1547.6,420.0,Milling,Steel,Morning,New,Line_D,0,0,1,0,0,0,0,0,1,0,0,0,0,1,0,0,No Defect
3057,69.66,129.3,1.4,84.26,61.68,46.89,48.53,4.22,727.1,3.48,880.9,289.0,Press,Steel,Night,Expert,Line_D,0,0,0,1,0,0,0,1,0,0,0,0,1,0,0,0,No Defect
3058,74.25,129.0,3.74,100.9,64.92,44.48,65.45,7.41,622.9,3.29,1747.5,380.0,Press,Plastic,Morning,Intermediate,Line_A,0,0,0,1,1,1,0,0,0,0,0,0,0,0,0,0,No Defect
3059,67.38,113.65,4.16,99.81,48.78,52.0,63.37,10.42,693.6,2.88,2534.6,395.0,CNC,Aluminum,Evening,Expert,Line_A,1,0,0,0,1,1,0,0,0,1,0,0,0,0,0,0,No Defect
3060,74.54,131.67,,96.38,68.21,46.02,46.03,1.54,770.8,3.28,841.0,405.0,Press,Steel,Morning,Expert,Line_D,0,0,0,1,0,0,0,0,0,0,0,0,0,0,0,1,Dimensional Defect
3061,71.79,125.63,3.27,120.32,70.95,46.13,59.59,3.99,723.3,4.45,1787.4,476.0,CNC,Composite,Night,Intermediate,Line_D,0,0,0,1,0,0,1,1,1,0,0,0,1,0,0,0,No Defect
3062,72.27,140.0,2.94,118.28,80.86,43.79,80.06,7.04,651.7,4.48,1811.6,380.0,Press,Steel,Evening,Experienced,Line_A,0,0,0,1,0,1,1,1,1,1,0,0,0,0,0,0,No Defect
3063,74.93,117.12,2.42,78.64,57.77,65.02,38.28,0.55,698.6,3.05,1210.0,331.0,CNC,Aluminum,Night,Experienced,Line_B,0,0,0,0,0,0,0,0,0,0,0,1,1,0,0,0,No Defect
3064,74.56,116.87,2.58,86.02,59.62,57.22,45.42,1.48,676.9,3.25,1068.2,373.0,Lathe,Alloy,Night,Intermediate,Line_B,0,0,0,0,0,0,0,0,0,0,0,0,1,0,0,0,No Defect
3065,80.31,122.52,3.31,126.68,59.41,55.32,40.33,3.89,797.5,2.89,1296.1,404.0,CNC,Aluminum,Morning,Experienced,Line_C,0,0,1,0,0,0,1,0,0,0,0,0,0,0,0,0,No Defect
3066,76.4,135.09,4.07,126.14,67.85,52.83,54.57,5.89,731.2,4.23,1368.9,474.0,Press,Steel,Night,New,Line_A,0,0,0,1,1,0,1,1,0,0,1,0,1,1,0,1,Structural Defect
3067,69.33,114.58,2.56,83.28,64.23,38.99,49.69,3.32,737.6,2.85,767.8,457.0,CNC,Steel,Morning,New,Line_C,0,0,0,0,0,0,0,0,0,0,0,0,0,1,0,0,No Defect
3068,79.01,140.0,2.63,114.72,78.88,44.43,70.32,5.68,644.6,4.26,1650.1,492.0,CNC,Aluminum,Morning,Intermediate,Line_C,0,0,1,1,0,1,1,1,1,0,0,0,0,0,0,1,Structural Defect
3069,68.02,117.83,2.15,66.84,64.13,49.88,55.21,3.26,763.7,3.1,1192.0,321.0,Lathe,Plastic,Morning,Intermediate,Line_A,0,0,0,0,0,0,0,0,0,0,0,0,0,0,0,0,No Defect
3070,69.54,117.24,3.87,110.92,75.67,53.62,40.13,5.43,768.1,3.75,2189.8,481.0,CNC,Composite,Evening,Intermediate,Line_C,0,0,0,0,1,0,1,1,1,1,1,0,0,0,0,0,No Defect
3071,69.0,123.77,2.34,71.12,51.54,,61.95,5.13,653.3,2.61,881.7,362.0,Milling,Aluminum,Morning,Experienced,Line_B,0,0,0,1,0,0,0,0,0,0,0,0,0,0,0,0,No Defect
3072,73.88,103.13,3.57,88.98,57.57,43.66,56.84,13.61,,2.63,2344.5,422.0,Milling,Alloy,Morning,Intermediate,Line_D,1,0,0,0,0,0,0,0,0,1,0,0,0,0,0,0,No Defect
3073,66.0,125.2,2.81,113.14,63.99,60.51,62.61,12.15,726.8,2.87,2553.5,379.0,CNC,Aluminum,Evening,Expert,Line_B,1,0,0,1,0,1,1,0,0,1,0,0,0,0,0,0,No Defect
3074,78.43,132.4,2.88,115.37,69.98,50.79,67.89,4.53,596.0,3.94,2139.9,501.0,Lathe,Composite,Morning,Expert,Line_B,0,0,1,1,0,1,1,1,0,1,1,0,0,0,0,1,Dimensional Defect
3075,73.73,122.74,3.88,116.74,67.94,46.68,,4.87,893.6,3.01,1340.0,555.0,Press,Steel,Morning,Experienced,Line_D,0,1,0,1,1,0,1,0,0,0,1,0,0,0,1,0,No Defect
3076,76.63,107.3,1.33,80.55,56.25,46.8,39.22,3.94,775.2,3.26,922.1,,Milling,Aluminum,Evening,Intermediate,Line_C,0,0,0,0,0,0,0,0,0,0,0,0,0,0,0,0,No Defect
3077,81.43,123.65,3.5,119.78,51.75,59.0,45.89,5.1,833.2,2.27,1177.1,589.0,Injection_Molding,Aluminum,Evening,Experienced,Line_C,0,1,1,0,0,0,1,0,0,0,1,0,0,0,1,1,Material Defect
3078,74.42,117.6,1.77,72.38,54.75,56.16,39.17,3.36,729.2,2.97,1089.0,358.0,Injection_Molding,Aluminum,Evening,Experienced,Line_A,0,0,0,0,0,0,0,0,0,0,0,0,0,0,0,0,No Defect
3079,74.77,113.26,4.62,86.01,,53.11,67.54,10.62,582.7,3.4,2328.9,456.0,Injection_Molding,Aluminum,Morning,Intermediate,Line_C,1,0,0,0,1,1,0,0,0,1,0,0,0,0,0,0,No Defect
3080,68.78,117.66,2.59,92.16,57.52,53.09,53.72,6.44,797.0,3.38,801.3,458.0,CNC,Plastic,Night,New,Line_B,0,0,0,0,0,0,0,0,0,0,0,0,1,1,0,0,No Defect
3081,72.21,130.23,,86.62,45.0,39.87,55.01,0.5,664.9,3.71,1189.7,472.0,Milling,Plastic,Night,New,Line_C,0,0,0,1,0,0,0,1,0,0,0,0,1,1,0,1,Dimensional Defect
3082,72.71,104.8,1.64,71.74,59.4,55.05,46.51,0.67,809.3,2.84,602.0,413.0,Injection_Molding,Plastic,Night,Experienced,Line_B,0,0,0,0,0,0,0,0,0,0,0,0,1,0,0,0,No Defect
3083,69.19,101.52,3.76,86.5,67.42,55.27,71.11,10.43,641.2,2.71,2698.7,339.0,Lathe,Composite,Morning,Expert,Line_C,1,0,0,0,1,1,0,0,1,1,0,0,0,0,0,1,Dimensional Defect
3084,70.17,111.81,2.03,99.67,61.69,44.61,47.35,5.53,727.9,3.27,610.5,328.0,Lathe,Steel,Morning,Experienced,Line_D,0,0,0,0,0,0,0,0,0,0,0,0,0,0,0,0,No Defect
3085,74.9,100.86,4.81,96.25,55.58,50.14,72.27,9.66,587.2,3.35,2019.5,304.0,Injection_Molding,Steel,Morning,Intermediate,Line_C,1,0,0,0,1,1,0,0,0,1,0,0,0,0,0,0,No Defect
3086,77.62,125.37,1.94,108.43,64.41,54.04,39.21,6.02,847.8,3.24,1074.0,424.0,CNC,Steel,Morning,New,Line_B,0,1,1,1,0,0,1,0,0,0,0,0,0,1,0,0,No Defect
3087,75.17,127.31,4.42,130.0,85.0,43.18,52.29,5.36,757.7,4.81,2055.6,503.0,Injection_Molding,Steel,Evening,Intermediate,Line_A,0,0,0,1,1,0,1,1,1,1,1,0,0,0,0,0,No Defect
3088,83.43,122.1,2.46,124.58,61.37,45.89,,0.5,817.1,2.75,808.9,553.0,Press,Composite,Night,Intermediate,Line_D,0,0,1,0,0,0,1,0,0,0,1,0,1,0,1,0,No Defect
3089,70.11,119.13,,116.97,85.0,52.26,65.31,7.68,728.6,4.25,1926.9,412.0,Injection_Molding,Alloy,Morning,Expert,Line_A,0,0,0,0,0,1,1,1,1,0,0,0,0,0,0,0,No Defect
3090,73.53,136.73,2.72,118.21,69.06,64.57,76.29,0.5,667.3,4.6,1900.6,301.0,Milling,Alloy,Evening,New,Line_C,0,0,0,1,0,1,1,1,0,0,0,1,0,1,0,1,Dimensional Defect
3091,71.15,130.18,2.25,97.31,56.81,44.7,42.76,6.98,807.8,3.49,667.3,413.0,Lathe,Alloy,Morning,Experienced,Line_B,0,0,0,1,0,0,0,1,0,0,0,0,0,0,0,0,No Defect
3092,68.86,113.97,2.21,77.6,57.7,49.47,49.42,2.36,689.7,3.11,,463.0,CNC,Composite,Evening,Expert,Line_B,0,0,0,0,0,0,0,0,0,0,0,0,0,0,0,0,No Defect
3093,70.9,127.62,2.47,124.45,72.19,50.18,57.94,4.79,717.4,3.51,1757.9,524.0,Injection_Molding,Steel,Evening,Experienced,Line_B,0,0,0,1,0,0,1,0,1,0,1,0,0,0,0,0,No Defect
3094,68.18,110.77,4.84,95.09,63.41,45.55,65.28,11.33,653.0,3.11,1936.3,388.0,CNC,Aluminum,Morning,New,Line_B,1,0,0,0,1,1,0,0,0,0,0,0,0,1,0,0,No Defect
3095,80.02,119.7,3.58,112.87,67.55,48.83,65.64,3.27,700.4,4.09,1763.5,456.0,Lathe,Aluminum,Night,Intermediate,Line_D,0,0,1,0,0,1,1,1,0,0,0,0,1,0,0,0,No Defect
3096,68.85,116.54,2.57,98.12,59.61,47.0,40.92,4.01,673.1,3.97,1533.0,388.0,Press,Aluminum,Evening,Experienced,Line_A,0,0,0,0,0,0,0,1,0,0,0,0,0,0,0,0,No Defect
3097,73.2,119.06,3.88,,50.01,66.37,38.32,2.1,841.1,3.19,1313.4,360.0,CNC,Aluminum,Morning,Intermediate,Line_A,0,1,0,0,1,0,1,0,0,0,0,1,0,0,0,0,No Defect
3098,66.64,112.35,2.89,75.26,50.98,51.64,39.3,8.1,757.9,2.73,496.4,301.0,Lathe,Plastic,Morning,New,Line_B,0,0,0,0,0,0,0,0,0,0,0,0,0,1,0,0,No Defect
3099,82.96,135.89,3.0,130.0,82.29,63.1,56.94,5.61,711.2,4.79,2056.4,471.0,CNC,Steel,Night,Intermediate,Line_C,0,0,1,1,0,0,1,1,1,1,0,1,1,0,0,1,Assembly Defect
3100,72.38,115.01,2.25,85.04,66.85,35.88,47.23,4.41,760.1,2.65,881.7,270.0,Injection_Molding,Alloy,Evening,Experienced,Line_B,0,0,0,0,0,0,0,0,0,0,0,0,0,0,0,0,No Defect
3101,73.68,110.67,2.41,93.29,65.3,38.07,54.08,3.83,749.9,3.63,794.1,321.0,Milling,Steel,Evening,Expert,Line_D,0,0,0,0,0,0,0,0,0,0,0,0,0,0,0,0,No Defect
3102,76.07,122.7,3.03,108.76,63.84,55.17,48.92,5.12,832.5,3.34,694.1,405.0,Injection_Molding,Steel,Morning,New,Line_D,0,1,0,0,0,0,1,0,0,0,0,0,0,1,0,0,No Defect
3103,70.59,112.97,2.78,84.0,64.14,44.35,57.09,3.77,621.5,3.24,730.1,343.0,Lathe,Steel,Morning,Experienced,Line_A,0,0,0,0,0,0,0,0,0,0,0,0,0,0,0,0,No Defect
3104,75.13,113.17,3.66,65.56,47.39,40.16,54.13,1.87,688.2,3.52,447.5,354.0,Injection_Molding,Composite,Morning,Experienced,Line_A,0,0,0,0,0,0,0,0,0,0,0,0,0,0,0,0,No Defect
3105,76.56,119.25,3.65,97.3,60.63,52.52,48.84,2.68,793.5,3.78,1890.5,551.0,Lathe,Steel,Evening,New,Line_C,0,0,0,0,0,0,0,1,0,0,1,0,0,1,1,1,Structural Defect
3106,78.16,122.77,3.43,123.06,67.49,46.54,50.38,3.99,845.2,3.34,1380.7,424.0,Press,Steel,Evening,Intermediate,Line_D,0,1,1,0,0,0,1,0,0,0,0,0,0,0,0,0,No Defect
3107,74.76,115.57,2.39,89.59,63.45,54.0,53.07,5.18,696.9,2.89,979.9,322.0,Milling,Alloy,Night,Intermediate,Line_A,0,0,0,0,0,0,0,0,0,0,0,0,1,0,0,0,No Defect
3108,71.39,123.98,3.23,119.51,58.32,52.22,44.52,2.12,764.8,2.32,1254.9,430.0,CNC,Steel,Evening,Experienced,Line_D,0,0,0,0,0,0,1,0,0,0,0,0,0,0,0,0,No Defect
3109,81.21,109.59,1.86,86.61,,,48.83,3.47,805.8,3.64,1119.0,330.0,Press,Plastic,Night,Experienced,Line_C,0,0,1,0,0,0,0,0,0,0,0,0,1,0,0,0,No Defect
3110,69.35,114.37,1.65,83.05,65.4,56.77,43.26,1.69,841.8,3.15,887.8,361.0,CNC,Steel,Morning,Experienced,Line_C,0,1,0,0,0,0,0,0,0,0,0,0,0,0,0,0,No Defect
3111,76.43,112.78,3.01,80.39,60.91,44.78,52.28,0.85,680.3,2.76,984.4,439.0,Injection_Molding,Aluminum,Evening,Intermediate,Line_B,0,0,1,0,0,0,0,0,0,0,0,0,0,0,0,0,No Defect
3112,76.73,115.25,5.13,102.47,65.32,54.27,83.11,14.19,600.8,2.92,2208.7,312.0,Injection_Molding,Aluminum,Evening,Expert,Line_B,1,0,0,0,1,1,0,0,0,1,0,0,0,0,0,1,Structural Defect
3113,63.27,108.18,3.75,97.87,62.37,52.58,65.56,11.19,750.5,3.07,1744.8,366.0,Lathe,Steel,Evening,Intermediate,Line_B,1,0,0,0,1,1,0,0,0,0,0,0,0,0,0,1,Assembly Defect
3114,76.1,126.88,1.78,76.03,71.39,35.0,42.03,3.01,786.6,3.43,906.8,366.0,Press,Steel,Evening,Experienced,Line_C,0,0,0,1,0,0,0,0,1,0,0,0,0,0,0,0,No Defect
3115,75.82,103.57,4.41,101.11,56.48,56.94,62.39,8.8,727.2,3.96,2310.8,327.0,CNC,Steel,Morning,Expert,Line_A,1,0,0,0,1,1,0,1,0,1,0,0,0,0,0,0,No Defect
3116,69.56,115.02,2.6,82.45,61.72,57.6,40.68,4.19,764.7,2.88,1918.5,276.0,Press,Alloy,Morning,Intermediate,Line_C,0,0,0,0,0,0,0,0,0,0,0,0,0,0,0,0,No Defect
3117,78.2,135.59,2.82,123.71,72.26,53.18,45.61,5.92,724.8,4.47,2144.0,452.0,Press,Steel,Morning,Expert,Line_D,0,0,1,1,0,0,1,1,1,1,0,0,0,0,0,0,No Defect
3118,84.62,118.72,4.26,107.89,69.62,59.68,36.31,3.35,785.3,2.72,1330.6,419.0,Lathe,Steel,Evening,Experienced,Line_C,0,0,1,0,1,0,1,0,0,0,0,0,0,0,0,1,Dimensional Defect
3119,73.56,129.42,2.7,120.86,79.13,57.34,48.6,2.91,673.7,4.11,1774.5,455.0,Press,Steel,Morning,Expert,Line_A,0,0,0,1,0,0,1,1,1,0,0,0,0,0,0,0,No Defect
3120,75.29,,2.2,94.83,,51.01,48.13,2.61,761.0,2.94,941.8,294.0,Press,Steel,Night,Expert,Line_A,0,0,0,0,0,0,0,0,0,0,0,0,1,0,0,1,Material Defect
3121,68.47,110.25,3.66,99.6,70.56,61.81,50.39,14.23,603.5,3.27,1776.0,295.0,Press,Steel,Morning,Experienced,Line_C,1,0,0,0,0,0,0,0,1,0,0,1,0,0,0,1,Material Defect
3122,69.65,129.0,1.68,85.57,70.18,43.98,47.8,1.33,620.8,2.85,738.6,394.0,CNC,Alloy,Morning,Experienced,Line_B,0,0,0,1,0,0,0,0,1,0,0,0,0,0,0,0,No Defect
3123,72.25,130.55,3.02,99.44,69.71,57.18,54.17,7.97,747.1,3.57,1972.4,504.0,Milling,Aluminum,Evening,Intermediate,Line_A,0,0,0,1,0,0,0,0,0,1,1,0,0,0,0,0,No Defect
3124,78.33,109.74,3.35,111.9,57.01,52.98,29.01,3.05,893.3,2.71,1535.0,372.0,CNC,Alloy,Morning,Intermediate,Line_D,0,1,1,0,0,0,1,0,0,0,0,0,0,0,0,0,No Defect
3125,74.66,115.52,3.54,101.65,61.8,35.01,67.92,7.61,665.0,,2174.9,480.0,Press,Aluminum,Evening,Expert,Line_D,0,0,0,0,0,1,0,0,0,1,0,0,0,0,0,1,Assembly Defect
3126,72.71,112.07,5.53,87.4,60.21,54.13,70.63,11.91,707.5,3.41,2073.1,302.0,Press,Aluminum,Evening,Experienced,Line_B,1,0,0,0,1,1,0,0,0,1,0,0,0,0,0,1,Structural Defect
3127,72.29,113.54,2.34,103.87,67.61,36.77,32.66,2.55,859.6,2.99,1214.8,483.0,Injection_Molding,Steel,Morning,Expert,Line_B,0,1,0,0,0,0,0,0,0,0,0,0,0,0,1,0,No Defect
3128,80.3,129.69,2.29,124.84,75.2,46.15,53.28,7.06,816.1,4.49,1190.1,506.0,Press,Steel,Night,New,Line_B,0,0,1,1,0,0,1,1,1,0,1,0,1,1,1,0,No Defect
3129,74.47,121.92,2.17,90.66,69.26,44.45,47.08,3.35,834.9,3.23,917.7,426.0,Press,Alloy,Evening,Intermediate,Line_D,0,1,0,0,0,0,0,0,0,0,0,0,0,0,0,1,Surface Defect
3130,71.33,134.53,3.66,116.62,77.45,43.71,60.1,6.67,762.5,4.79,1661.1,503.0,Lathe,Steel,Morning,New,Line_B,0,0,0,1,0,1,1,1,1,0,1,0,0,1,0,0,No Defect
3131,74.29,133.4,3.26,91.62,,46.82,53.02,6.33,752.6,2.76,1183.7,381.0,CNC,Aluminum,Morning,Expert,Line_B,0,0,0,1,0,0,0,0,0,0,0,0,0,0,0,1,Surface Defect
3132,72.19,124.21,,114.4,57.47,45.82,32.19,2.77,849.5,2.51,1119.7,524.0,Milling,Alloy,Evening,New,Line_D,0,1,0,1,0,0,1,0,0,0,1,0,0,1,1,0,No Defect
3133,72.41,131.47,3.45,116.36,62.45,42.97,40.52,3.06,818.6,3.18,1290.2,474.0,Injection_Molding,Alloy,Evening,Expert,Line_C,0,1,0,1,0,0,1,0,0,0,0,0,0,0,1,0,No Defect
3134,76.78,115.89,2.81,106.35,63.43,57.39,43.96,6.1,820.7,3.18,,372.0,Lathe,Alloy,Morning,New,Line_A,0,1,1,0,0,0,1,0,0,0,0,0,0,1,0,0,No Defect
3135,80.09,120.28,1.83,115.68,60.41,40.22,43.13,5.72,863.0,3.01,1044.2,449.0,Press,Aluminum,Morning,New,Line_C,0,1,1,0,0,0,1,0,0,0,0,0,0,1,0,0,No Defect
3136,68.3,113.51,1.28,95.89,65.15,46.72,40.39,3.47,828.7,3.37,1253.8,369.0,CNC,Steel,Morning,Expert,Line_A,0,1,0,0,0,0,0,0,0,0,0,0,0,0,0,0,No Defect
3137,75.59,109.47,2.72,96.42,81.95,42.36,42.29,7.57,699.7,2.66,1406.9,418.0,Injection_Molding,Alloy,Evening,Intermediate,Line_C,0,0,0,0,0,0,0,0,1,0,0,0,0,0,0,0,No Defect
3138,72.64,109.56,3.15,85.99,,53.7,69.22,5.66,732.3,3.54,336.3,457.0,CNC,Steel,Morning,Experienced,Line_C,0,0,0,0,0,1,0,0,0,0,0,0,0,0,0,0,No Defect
3139,68.35,109.47,1.97,88.41,55.18,56.9,53.35,2.02,736.9,2.96,906.7,587.0,Milling,Steel,Evening,Experienced,Line_A,0,0,0,0,0,0,0,0,0,0,1,0,0,0,0,0,No Defect
3140,72.37,129.06,2.13,124.17,71.13,47.84,43.49,4.22,866.7,2.82,852.8,519.0,Press,Steel,Morning,Experienced,Line_A,0,1,0,1,0,0,1,0,1,0,1,0,0,0,1,0,No Defect
3141,78.88,133.89,1.78,104.33,52.38,57.64,38.36,5.71,818.1,2.24,1233.2,372.0,Press,Aluminum,Morning,Intermediate,Line_C,0,1,1,1,0,0,0,0,0,0,0,0,0,0,0,0,No Defect
3142,83.07,114.58,3.17,110.84,70.41,54.25,43.01,3.14,782.2,2.88,1129.6,451.0,Press,Steel,Morning,Experienced,Line_A,0,0,1,0,0,0,1,0,1,0,0,0,0,0,1,0,No Defect
3143,78.11,109.84,2.91,108.27,,54.43,43.43,2.57,825.6,2.57,1155.0,444.0,CNC,Aluminum,Evening,Experienced,Line_B,0,1,1,0,0,0,1,0,0,0,0,0,0,0,0,0,No Defect
3144,72.95,116.5,2.57,77.52,59.57,43.61,44.42,3.3,674.1,3.42,995.1,233.0,Lathe,Steel,Morning,Experienced,Line_B,0,0,0,0,0,0,0,0,0,0,0,0,0,0,0,0,No Defect
3145,77.35,116.48,4.0,100.14,52.82,47.9,43.51,3.6,793.7,3.1,1342.6,441.0,Lathe,Alloy,Evening,Expert,Line_C,0,0,1,0,1,0,0,0,0,0,0,0,0,0,0,0,No Defect
3146,71.14,120.6,2.94,87.34,58.12,50.98,33.92,1.81,802.4,2.89,711.8,372.0,Lathe,Alloy,Night,Intermediate,Line_D,0,0,0,0,0,0,0,0,0,0,0,0,1,0,0,0,No Defect
3147,68.0,109.01,1.96,75.8,63.85,48.69,55.13,3.74,720.1,3.36,987.8,305.0,Lathe,Alloy,Night,Intermediate,Line_D,0,0,0,0,0,0,0,0,0,0,0,0,1,0,0,0,No Defect
3148,68.21,109.69,3.07,87.63,73.44,46.58,55.3,2.89,709.5,3.22,1081.1,471.0,Injection_Molding,Alloy,Night,New,Line_B,0,0,0,0,0,0,0,0,1,0,0,0,1,1,0,0,No Defect
3149,72.71,119.78,2.14,94.05,71.04,47.6,58.07,4.06,789.1,3.46,1006.7,491.0,Lathe,Alloy,Morning,Expert,Line_D,0,0,0,0,0,0,0,0,1,0,0,0,0,0,1,0,No Defect
3150,81.56,111.15,2.32,118.27,79.77,46.05,28.35,3.59,869.7,3.0,1554.4,325.0,Press,Steel,Morning,Intermediate,Line_D,0,1,1,0,0,0,1,0,1,0,0,0,0,0,0,1,Structural Defect
3151,78.3,103.12,2.31,72.56,67.97,67.48,54.88,3.79,808.8,3.31,794.8,444.0,Milling,Alloy,Night,Expert,Line_B,0,1,1,0,0,0,0,0,0,0,0,1,1,0,0,0,No Defect
3152,74.92,126.93,1.96,124.01,85.0,49.2,56.79,5.89,727.8,4.81,1958.7,377.0,Press,Steel,Night,Experienced,Line_B,0,0,0,1,0,0,1,1,1,1,0,0,1,0,0,0,No Defect
3153,68.37,123.49,2.41,71.43,69.58,57.19,43.37,3.81,640.2,2.33,783.9,341.0,CNC,Alloy,Evening,Expert,Line_D,0,0,0,0,0,0,0,0,0,0,0,0,0,0,0,0,No Defect
3154,72.14,129.02,2.08,82.22,55.03,47.62,48.66,6.38,727.3,2.94,625.4,359.0,Injection_Molding,Aluminum,Morning,Experienced,Line_B,0,0,0,1,0,0,0,0,0,0,0,0,0,0,0,0,No Defect
3155,77.24,129.88,1.84,120.91,83.97,43.97,45.79,7.1,802.0,3.93,1879.0,376.0,Press,Steel,Evening,Experienced,Line_A,0,0,1,1,0,0,1,1,1,0,0,0,0,0,0,0,No Defect
3156,77.89,108.28,4.34,85.87,61.52,48.64,60.02,11.16,652.8,2.39,2011.2,362.0,Injection_Molding,Plastic,Evening,Intermediate,Line_A,1,0,1,0,1,0,0,0,0,1,0,0,0,0,0,1,Surface Defect
3157,73.4,113.1,2.89,95.32,58.62,68.27,37.72,4.33,800.2,2.8,1219.5,470.0,CNC,Aluminum,Night,Expert,Line_C,0,0,0,0,0,0,0,0,0,0,0,1,1,0,0,0,No Defect
3158,72.82,92.48,3.12,75.89,56.76,53.25,60.36,3.87,657.7,2.73,749.2,452.0,Milling,Composite,Night,Expert,Line_A,0,0,0,0,0,0,0,0,0,0,0,0,1,0,0,0,No Defect
3159,76.91,121.51,4.23,117.67,46.74,53.1,36.49,3.89,821.2,2.35,1742.1,563.0,CNC,Plastic,Night,Intermediate,Line_B,0,1,0,0,1,0,1,0,0,0,1,0,1,0,1,1,Dimensional Defect
3160,75.7,125.03,1.77,87.1,64.01,47.76,43.78,2.85,752.1,2.88,549.5,334.0,Milling,Aluminum,Morning,Expert,Line_A,0,0,1,1,0,0,0,0,0,0,0,0,0,0,0,0,No Defect
3161,65.17,114.98,4.22,100.13,70.43,51.73,57.48,11.86,686.7,3.14,2033.8,369.0,CNC,Steel,Night,Expert,Line_A,1,0,0,0,1,0,0,0,1,1,0,0,1,0,0,0,No Defect
3162,75.81,129.42,2.79,119.36,71.25,38.34,62.74,5.27,726.3,4.68,2105.7,413.0,Lathe,Steel,Evening,Expert,Line_B,0,0,0,1,0,1,1,1,1,1,0,0,0,0,0,1,Material Defect
3163,75.68,112.87,2.35,79.06,59.35,45.49,43.04,2.82,663.4,3.12,666.1,332.0,Lathe,Alloy,Morning,Intermediate,Line_C,0,0,0,0,0,0,0,0,0,0,0,0,0,0,0,0,No Defect
3164,80.44,134.64,2.73,94.41,66.61,57.62,39.47,5.33,871.1,3.35,1774.0,,Lathe,Steel,Evening,Expert,Line_A,0,1,1,1,0,0,0,0,0,0,0,0,0,0,0,1,Dimensional Defect
3165,77.91,128.24,1.98,114.15,65.82,52.88,40.31,3.47,868.8,3.23,1138.4,385.0,CNC,Aluminum,Morning,Experienced,Line_B,0,1,1,1,0,0,1,0,0,0,0,0,0,0,0,1,Assembly Defect
3166,75.68,132.99,2.88,108.16,63.58,47.22,62.01,6.66,703.4,4.3,1518.8,413.0,Injection_Molding,Plastic,Evening,Expert,Line_A,0,0,0,1,0,1,1,1,0,0,0,0,0,0,0,0,No Defect
3167,76.81,121.12,2.63,113.67,68.02,55.57,39.91,1.24,829.4,3.78,1491.4,470.0,CNC,Steel,Morning,Intermediate,Line_A,0,1,0,0,0,0,1,1,1,0,0,0,0,0,1,1,Material Defect
3168,79.1,124.06,2.97,128.24,71.33,53.88,49.55,6.35,692.5,3.66,1853.7,509.0,Milling,Composite,Morning,Expert,Line_C,0,0,1,0,0,0,1,0,1,0,1,0,0,0,0,0,No Defect
3169,76.15,119.57,3.02,64.38,58.33,47.06,40.78,1.82,703.9,3.08,837.9,302.0,Injection_Molding,Alloy,Evening,Expert,Line_A,0,0,0,0,0,0,0,0,0,0,0,0,0,0,0,0,No Defect
3170,70.79,128.03,2.29,122.34,75.4,,75.16,6.86,620.2,4.6,1517.6,351.0,Milling,Alloy,Evening,Expert,Line_A,0,0,0,1,0,1,1,1,1,0,0,0,0,0,0,0,No Defect
3171,72.09,111.97,2.12,79.92,46.08,52.13,58.46,3.0,739.5,3.2,393.6,377.0,Milling,Composite,Morning,Expert,Line_D,0,0,0,0,0,1,0,0,0,0,0,0,0,0,0,0,No Defect
3172,80.66,111.49,4.6,106.16,60.35,62.61,37.15,3.94,862.8,3.71,1260.7,306.0,Press,Aluminum,Morning,Experienced,Line_B,0,1,1,0,1,0,1,1,0,0,0,0,0,0,0,0,No Defect
3173,81.36,112.89,2.56,107.13,60.52,52.48,44.32,6.73,750.9,3.0,1099.1,330.0,CNC,Composite,Evening,Expert,Line_A,0,0,1,0,0,0,1,0,0,0,0,0,0,0,0,0,No Defect
3174,78.4,130.29,3.05,130.0,67.57,54.57,62.08,7.14,711.8,4.13,2522.3,381.0,Injection_Molding,Composite,Morning,New,Line_A,0,0,1,1,0,1,1,1,0,1,0,0,0,1,0,0,No Defect
3175,67.69,110.0,1.76,83.11,70.21,42.93,41.3,2.55,777.9,3.48,1380.3,430.0,Lathe,Composite,Morning,Experienced,Line_A,0,0,0,0,0,0,0,1,1,0,0,0,0,0,0,0,No Defect
3176,79.05,111.81,2.37,115.4,66.84,49.23,38.9,3.82,932.7,3.44,1148.1,538.0,Injection_Molding,Steel,Evening,Intermediate,Line_D,0,1,1,0,0,0,1,0,0,0,1,0,0,0,1,0,No Defect
3177,72.8,124.35,3.48,101.29,69.3,46.75,63.05,,714.2,3.93,1925.2,443.0,Lathe,Plastic,Morning,Intermediate,Line_A,0,0,0,0,0,1,0,1,0,0,0,0,0,0,0,0,No Defect
3178,77.94,124.35,2.71,119.56,59.27,57.73,43.04,3.56,926.0,2.42,838.0,473.0,Milling,Composite,Evening,Intermediate,Line_D,0,1,1,0,0,0,1,0,0,0,0,0,0,0,1,0,No Defect
3179,75.48,118.34,2.78,102.26,64.61,46.93,39.34,2.53,799.3,3.06,1109.2,465.0,CNC,Steel,Evening,Experienced,Line_A,0,1,0,0,0,0,0,0,0,0,0,0,0,0,1,0,No Defect
3180,71.96,124.58,3.37,95.98,74.8,42.7,45.33,1.16,844.1,3.78,854.6,396.0,CNC,Steel,Morning,Expert,Line_C,0,1,0,0,0,0,0,1,1,0,0,0,0,0,0,0,No Defect
3181,72.15,112.24,1.76,77.12,55.8,41.3,58.56,5.39,673.6,3.65,313.8,312.0,CNC,Composite,Evening,Expert,Line_C,0,0,0,0,0,0,0,1,0,0,0,0,0,0,0,0,No Defect
3182,72.91,125.1,3.0,125.76,59.35,51.55,42.11,1.43,866.8,2.28,1618.3,378.0,Milling,Alloy,Morning,Intermediate,Line_C,0,1,0,1,0,0,1,0,0,0,0,0,0,0,0,0,No Defect
3183,73.32,126.32,1.31,87.67,59.2,52.55,47.17,3.1,696.9,2.44,964.2,364.0,Milling,Aluminum,Evening,New,Line_B,0,0,0,1,0,0,0,0,0,0,0,0,0,1,0,0,No Defect
3184,79.12,128.77,3.79,103.7,64.62,62.07,71.72,3.35,589.9,3.99,2115.3,524.0,Lathe,Aluminum,Morning,Expert,Line_A,0,0,1,1,1,1,0,1,0,1,1,0,0,0,0,1,Structural Defect
3185,72.53,131.29,1.82,86.82,53.75,51.28,40.29,4.9,749.5,3.55,764.7,263.0,Press,Alloy,Morning,Intermediate,Line_D,0,0,0,1,0,0,0,0,0,0,0,0,0,0,0,0,No Defect
3186,77.33,131.59,3.35,116.51,75.16,57.83,48.17,0.5,687.2,4.14,1616.8,374.0,CNC,Alloy,Evening,Expert,Line_D,0,0,1,1,0,0,1,1,1,0,0,0,0,0,0,0,No Defect
3187,72.65,110.44,4.2,90.91,52.49,57.93,64.66,8.86,,2.79,1750.0,362.0,CNC,Steel,Evening,Experienced,Line_A,0,0,0,0,1,1,0,0,0,0,0,0,0,0,0,0,No Defect
3188,80.0,127.41,2.64,111.35,70.33,43.48,58.93,5.46,693.3,4.21,2228.9,486.0,Lathe,Plastic,Morning,Expert,Line_B,0,0,1,1,0,1,1,1,1,1,0,0,0,0,0,1,Surface Defect
3189,78.25,126.29,3.61,118.95,57.81,52.45,39.71,4.52,885.4,2.14,906.5,429.0,Milling,Alloy,Morning,Experienced,Line_D,0,1,1,1,0,0,1,0,0,0,0,0,0,0,0,0,No Defect
3190,71.55,114.12,3.95,87.41,61.78,50.19,55.58,9.67,677.0,2.39,2379.3,491.0,CNC,Alloy,Night,Experienced,Line_B,1,0,0,0,1,0,0,0,0,1,0,0,1,0,0,1,Surface Defect
3191,78.77,113.2,4.26,108.36,55.93,55.24,56.07,2.74,762.0,2.78,1035.7,561.0,CNC,Composite,Morning,Experienced,Line_C,0,0,1,0,1,0,1,0,0,0,1,0,0,0,0,1,Structural Defect
3192,74.18,114.09,2.45,82.55,65.71,35.51,,1.58,686.3,3.95,1321.3,515.0,Injection_Molding,Steel,Morning,New,Line_D,0,0,0,0,0,0,0,1,0,0,1,0,0,1,0,0,No Defect
3193,71.11,128.51,3.87,120.92,70.21,53.91,41.84,3.55,766.8,4.5,1649.3,348.0,Injection_Molding,Composite,Night,Intermediate,Line_D,0,0,0,1,1,0,1,1,1,0,0,0,1,0,0,1,Material Defect
3194,69.63,120.44,3.33,90.71,50.23,43.9,53.79,1.56,720.2,2.79,544.5,364.0,Lathe,Aluminum,Evening,Experienced,Line_A,0,0,0,0,0,0,0,0,0,0,0,0,0,0,0,0,No Defect
3195,73.61,121.31,2.17,79.67,54.9,,53.98,5.86,747.8,3.66,1253.7,262.0,Injection_Molding,Aluminum,Morning,Expert,Line_B,0,0,0,0,0,0,0,0,0,0,0,0,0,0,0,0,No Defect
3196,73.08,122.04,4.05,96.3,66.54,41.3,41.39,2.97,765.7,3.53,839.0,352.0,Lathe,Alloy,Night,Experienced,Line_A,0,0,0,0,1,0,0,0,0,0,0,0,1,0,0,1,Material Defect
3197,75.66,134.0,2.14,130.0,61.63,48.45,32.45,5.86,849.7,3.73,1055.0,343.0,CNC,Composite,Morning,Intermediate,Line_A,0,1,0,1,0,0,1,1,0,0,0,0,0,0,0,0,No Defect
3198,82.18,121.99,2.68,98.26,64.91,49.85,45.51,2.5,752.5,2.83,1027.2,447.0,CNC,Composite,Night,Experienced,Line_C,0,0,1,0,0,0,0,0,0,0,0,0,1,0,0,0,No Defect
3199,70.25,113.14,1.24,83.01,55.98,50.32,48.96,5.55,722.9,3.78,779.9,,Press,Alloy,Evening,Experienced,Line_B,0,0,0,0,0,0,0,1,0,0,0,0,0,0,0,0,No Defect
3200,77.42,129.22,4.04,99.04,58.26,59.6,39.58,2.24,768.6,2.46,1693.1,447.0,CNC,Steel,Evening,New,Line_A,0,0,1,1,1,0,0,0,0,0,0,0,0,1,0,1,Material Defect
3201,70.44,125.53,2.22,112.67,66.63,52.4,65.26,4.24,669.4,4.65,1408.5,550.0,CNC,Aluminum,Evening,New,Line_D,0,0,0,1,0,1,1,1,0,0,1,0,0,1,0,0,No Defect
3202,70.04,115.74,2.99,84.42,70.78,49.85,43.81,4.46,758.8,3.45,836.1,404.0,Lathe,Aluminum,Night,Expert,Line_B,0,0,0,0,0,0,0,0,1,0,0,0,1,0,0,0,No Defect
3203,71.06,109.9,1.67,74.77,59.21,46.07,53.25,3.26,647.4,3.34,878.9,292.0,Milling,Steel,Morning,Experienced,Line_B,0,0,0,0,0,0,0,0,0,0,0,0,0,0,0,0,No Defect
3204,69.88,119.93,1.89,71.85,57.9,46.67,37.49,4.28,707.4,2.53,754.3,288.0,Injection_Molding,Aluminum,Evening,Experienced,Line_A,0,0,0,0,0,0,0,0,0,0,0,0,0,0,0,1,Dimensional Defect
3205,71.71,112.14,1.9,82.5,65.68,48.01,42.5,5.12,741.8,2.94,1015.8,394.0,Press,Steel,Evening,Expert,Line_D,0,0,0,0,0,0,0,0,0,0,0,0,0,0,0,0,No Defect
3206,69.9,118.15,2.76,76.94,45.84,45.71,46.96,3.21,733.0,3.11,809.2,369.0,Injection_Molding,Plastic,Morning,New,Line_B,0,0,0,0,0,0,0,0,0,0,0,0,0,1,0,0,No Defect
3207,72.12,128.07,2.45,85.17,63.8,49.09,60.47,5.35,677.0,2.26,504.5,,Injection_Molding,Composite,Morning,Experienced,Line_A,0,0,0,1,0,0,0,0,0,0,0,0,0,0,0,0,No Defect
3208,68.63,108.61,1.7,,51.35,41.59,52.39,2.26,771.5,2.61,,477.0,Milling,Aluminum,Morning,Experienced,Line_B,0,0,0,0,0,0,1,0,0,0,0,0,0,0,0,0,No Defect
3209,71.43,107.89,2.19,66.4,59.12,46.84,54.87,3.13,650.5,3.37,1131.8,250.0,Milling,Alloy,Night,Experienced,Line_C,0,0,0,0,0,0,0,0,0,0,0,0,1,0,0,0,No Defect
3210,76.52,124.01,4.21,120.87,75.02,51.01,71.1,8.77,684.1,5.0,1917.9,291.0,Lathe,Composite,Morning,Experienced,Line_D,0,0,0,0,1,1,1,1,1,0,0,0,0,0,0,1,Structural Defect
3211,66.27,113.57,4.19,94.7,61.39,58.71,56.17,12.44,776.1,3.29,2811.3,428.0,Injection_Molding,Aluminum,Evening,Experienced,Line_B,1,0,0,0,1,0,0,0,0,1,0,0,0,0,0,1,Surface Defect
3212,75.03,122.45,2.72,116.1,69.56,57.7,40.49,5.31,831.7,2.6,1197.2,441.0,Lathe,Steel,Evening,Expert,Line_A,0,1,0,0,0,0,1,0,0,0,0,0,0,0,0,0,No Defect
3213,71.24,113.27,1.23,96.33,56.34,44.79,47.38,2.14,724.4,2.64,887.8,292.0,Milling,Steel,Night,Experienced,Line_A,0,0,0,0,0,0,0,0,0,0,0,0,1,0,0,0,No Defect
3214,71.1,118.67,3.47,88.5,52.9,57.39,,1.57,690.1,3.27,,393.0,Milling,Alloy,Morning,Experienced,Line_B,0,0,0,0,0,0,0,0,0,0,0,0,0,0,0,0,No Defect
3215,73.36,117.83,2.29,82.85,72.04,38.67,60.76,6.45,782.4,3.11,1127.4,388.0,Press,Steel,Night,Experienced,Line_D,0,0,0,0,0,0,0,0,1,0,0,0,1,0,0,0,No Defect
3216,71.11,121.74,5.51,115.77,64.44,49.23,60.69,13.78,683.9,3.23,2389.3,431.0,Press,Steel,Morning,Expert,Line_B,1,0,0,0,1,0,1,0,0,1,0,0,0,0,0,1,Material Defect
3217,71.72,125.31,2.31,130.0,60.11,53.19,40.18,5.66,892.5,3.21,1164.4,428.0,Press,Composite,Night,Experienced,Line_C,0,1,0,1,0,0,1,0,0,0,0,0,1,0,0,0,No Defect
3218,70.26,126.46,2.92,79.94,52.13,48.5,63.08,5.74,671.5,3.64,893.5,295.0,Lathe,Plastic,Night,Expert,Line_C,0,0,0,1,0,1,0,1,0,0,0,0,1,0,0,0,No Defect
3219,77.78,125.44,2.65,116.57,61.38,54.1,53.9,6.34,782.2,4.05,1355.0,570.0,Milling,Steel,Evening,Experienced,Line_C,0,0,1,1,0,0,1,1,0,0,1,0,0,0,1,0,No Defect
3220,71.22,116.81,4.74,81.11,50.2,60.95,56.71,9.73,664.7,2.83,2033.3,204.0,Injection_Molding,Composite,Evening,Intermediate,Line_D,1,0,0,0,1,0,0,0,0,1,0,0,0,0,0,0,No Defect
3221,78.37,114.38,3.33,119.97,55.01,53.05,41.89,2.94,799.3,2.91,1095.2,354.0,Injection_Molding,Alloy,Evening,Intermediate,Line_D,0,0,1,0,0,0,1,0,0,0,0,0,0,0,0,0,No Defect
3222,71.71,113.68,3.34,105.22,65.72,53.19,36.82,7.28,917.5,2.87,1083.3,489.0,Milling,Steel,Morning,Experienced,Line_A,0,1,0,0,0,0,1,0,0,0,0,0,0,0,1,0,No Defect
3223,80.3,125.43,3.53,118.79,60.87,59.09,34.55,2.58,970.0,2.86,1403.1,486.0,Injection_Molding,Composite,Morning,Intermediate,Line_B,0,1,1,1,0,0,1,0,0,0,0,0,0,0,1,1,Structural Defect
3224,68.06,119.26,4.68,94.84,53.02,52.1,68.77,11.93,588.3,2.5,2108.5,400.0,CNC,Aluminum,Morning,Expert,Line_A,1,0,0,0,1,1,0,0,0,1,0,0,0,0,0,0,No Defect
3225,77.88,129.6,1.81,71.86,67.09,59.57,48.78,6.7,667.0,2.76,,222.0,Injection_Molding,Composite,Morning,Intermediate,Line_B,0,0,1,1,0,0,0,0,0,0,0,0,0,0,0,0,No Defect
3226,71.32,135.65,4.12,99.39,60.61,53.6,65.46,8.25,711.4,2.89,1907.4,383.0,CNC,Aluminum,Evening,Experienced,Line_D,0,0,0,1,1,1,0,0,0,0,0,0,0,0,0,0,No Defect
3227,73.33,105.03,4.02,101.94,51.38,47.73,62.98,9.07,753.2,3.42,1668.9,372.0,CNC,Composite,Evening,Expert,Line_B,1,0,0,0,1,1,0,0,0,0,0,0,0,0,0,1,Structural Defect
3228,77.07,117.6,2.04,127.64,72.65,51.09,44.44,2.25,863.9,3.22,1373.8,543.0,Press,Steel,Night,New,Line_C,0,1,1,0,0,0,1,0,1,0,1,0,1,1,1,1,Assembly Defect
3229,72.03,126.82,2.65,130.0,69.16,49.62,52.14,5.88,772.3,3.63,2072.6,480.0,Press,Composite,Morning,Intermediate,Line_A,0,0,0,1,0,0,1,0,0,1,0,0,0,0,0,0,No Defect
3230,76.76,120.56,1.95,75.76,49.89,44.53,46.21,0.5,741.9,2.86,1269.9,455.0,Lathe,Plastic,Morning,Experienced,Line_A,0,0,0,0,0,0,0,0,0,0,0,0,0,0,0,0,No Defect
3231,77.6,115.86,4.15,104.33,66.94,69.71,45.0,5.01,851.6,2.12,1146.3,473.0,Injection_Molding,Composite,Evening,Expert,Line_B,0,1,1,0,1,0,1,0,0,0,0,1,0,0,1,1,Surface Defect
3232,75.17,110.96,4.24,88.25,56.64,54.07,51.92,7.52,760.2,3.1,2232.8,287.0,Injection_Molding,Aluminum,Night,Experienced,Line_C,0,0,0,0,1,0,0,0,0,1,0,0,1,0,0,0,No Defect
3233,71.26,121.63,3.89,108.76,51.36,53.5,71.59,10.2,562.2,3.97,1798.4,,CNC,Aluminum,Evening,Intermediate,Line_A,1,0,0,0,1,1,1,1,0,0,0,0,0,0,0,0,No Defect
3234,71.83,119.57,2.45,91.19,67.11,55.07,,3.22,696.5,3.59,1236.6,428.0,CNC,Steel,Morning,Intermediate,Line_C,0,0,0,0,0,0,0,0,0,0,0,0,0,0,0,0,No Defect
3235,74.13,124.88,4.22,111.91,50.77,58.74,62.56,9.48,671.2,3.42,2057.9,366.0,Milling,Plastic,Evening,New,Line_B,1,0,0,0,1,1,1,0,0,1,0,0,0,1,0,1,Surface Defect
3236,77.52,113.58,1.74,93.46,56.26,45.44,50.18,4.62,694.4,3.3,784.8,402.0,Press,Steel,Morning,Intermediate,Line_B,0,0,1,0,0,0,0,0,0,0,0,0,0,0,0,0,No Defect
3237,74.43,116.58,1.43,88.58,68.97,48.06,44.94,2.29,696.1,3.26,756.1,361.0,Injection_Molding,Aluminum,Evening,Expert,Line_A,0,0,0,0,0,0,0,0,0,0,0,0,0,0,0,0,No Defect
3238,76.57,115.45,2.96,108.96,56.4,51.09,40.23,6.14,882.8,3.06,1856.3,591.0,CNC,Aluminum,Morning,New,Line_A,0,1,0,0,0,0,1,0,0,0,1,0,0,1,1,0,No Defect
3239,72.4,129.5,3.55,117.9,75.57,44.04,77.18,6.86,667.4,4.1,2123.3,396.0,Milling,Composite,Evening,Expert,Line_B,0,0,0,1,0,1,1,1,1,1,0,0,0,0,0,0,No Defect
3240,75.49,113.35,2.34,69.1,45.0,43.35,49.76,5.74,720.1,3.23,650.9,361.0,Lathe,Plastic,Morning,Expert,Line_A,0,0,0,0,0,0,0,0,0,0,0,0,0,0,0,0,No Defect
3241,71.98,118.54,2.83,73.58,52.52,50.6,58.26,6.03,718.3,2.58,1367.3,441.0,Injection_Molding,Plastic,Evening,Intermediate,Line_B,0,0,0,0,0,0,0,0,0,0,0,0,0,0,0,0,No Defect
3242,72.62,128.66,2.98,93.7,65.09,62.43,46.71,6.73,763.2,2.98,1102.9,568.0,CNC,Alloy,Morning,Intermediate,Line_D,0,0,0,1,0,0,0,0,0,0,1,0,0,0,0,0,No Defect
3243,74.41,107.65,2.44,103.24,54.72,49.92,37.77,3.19,825.5,3.13,1279.2,382.0,CNC,Aluminum,Morning,Experienced,Line_C,0,1,0,0,0,0,0,0,0,0,0,0,0,0,0,0,No Defect
3244,69.32,129.98,3.22,101.2,82.44,48.86,71.45,4.76,684.3,4.29,1568.4,502.0,Lathe,Steel,Night,Experienced,Line_D,0,0,0,1,0,1,0,1,1,0,1,0,1,0,0,1,Structural Defect
3245,68.91,109.76,4.38,85.85,52.98,49.65,57.93,12.25,614.2,3.77,2291.9,445.0,CNC,Composite,Morning,Experienced,Line_C,1,0,0,0,1,0,0,1,0,1,0,0,0,0,0,1,Surface Defect
3246,73.81,111.15,2.71,94.16,73.68,47.99,,0.96,724.1,3.57,548.4,265.0,Injection_Molding,Steel,Evening,Experienced,Line_A,0,0,0,0,0,0,0,0,1,0,0,0,0,0,0,0,No Defect
3247,71.76,116.15,2.2,98.09,63.84,52.51,,4.36,743.4,2.67,257.9,426.0,Press,Aluminum,Morning,Experienced,Line_B,0,0,0,0,0,0,0,0,0,0,0,0,0,0,0,1,Material Defect
3248,71.44,116.25,4.48,91.23,67.22,48.62,44.2,10.01,737.9,2.92,2053.5,380.0,Milling,Steel,Morning,Intermediate,Line_D,1,0,0,0,1,0,0,0,0,1,0,0,0,0,0,1,Surface Defect
3249,76.16,116.78,1.33,79.58,70.95,53.83,44.41,5.91,799.7,3.86,951.1,422.0,CNC,Steel,Evening,Expert,Line_B,0,0,0,0,0,0,0,1,1,0,0,0,0,0,0,0,No Defect
3250,78.64,127.12,2.49,130.0,76.23,41.18,69.4,7.31,729.6,5.14,1460.1,487.0,Press,Steel,Evening,Experienced,Line_B,0,0,1,1,0,1,1,1,1,0,0,0,0,0,0,1,Surface Defect
3251,75.88,106.88,5.33,90.22,56.29,46.69,77.52,12.31,664.8,2.82,2032.8,405.0,Injection_Molding,Alloy,Evening,New,Line_B,1,0,1,0,1,1,0,0,0,1,0,0,0,1,0,1,Assembly Defect
3252,71.05,107.05,2.79,99.85,62.89,41.37,64.52,1.66,750.0,3.45,1389.5,335.0,Milling,Steel,Evening,New,Line_B,0,0,0,0,0,1,0,0,0,0,0,0,0,1,0,0,No Defect
3253,69.62,126.99,1.59,82.69,60.18,45.54,36.0,2.53,790.2,2.34,577.9,448.0,CNC,Alloy,Morning,New,Line_C,0,0,0,1,0,0,0,0,0,0,0,0,0,1,0,0,No Defect
3254,83.51,132.92,3.27,124.16,68.25,56.97,27.57,2.72,910.0,2.99,978.3,509.0,CNC,Alloy,Evening,Experienced,Line_B,0,1,1,1,0,0,1,0,0,0,1,0,0,0,1,0,No Defect
3255,71.81,,3.29,91.65,63.39,57.94,44.42,4.24,778.4,3.12,903.5,473.0,Injection_Molding,Alloy,Evening,Expert,Line_B,0,0,0,0,0,0,0,0,0,0,0,0,0,0,0,0,No Defect
3256,65.57,111.11,2.05,79.0,61.5,49.76,45.62,4.39,726.2,3.14,993.2,,Milling,Steel,Morning,Intermediate,Line_B,0,0,0,0,0,0,0,0,0,0,0,0,0,0,0,0,No Defect
3257,70.76,109.92,1.88,82.18,,52.46,58.9,5.8,747.9,2.94,799.6,387.0,Injection_Molding,Alloy,Morning,New,Line_D,0,0,0,0,0,0,0,0,0,0,0,0,0,1,0,0,No Defect
3258,75.27,118.15,2.81,80.27,63.65,51.15,46.52,3.96,877.4,3.0,997.8,472.0,CNC,Composite,Night,New,Line_B,0,1,0,0,0,0,0,0,0,0,0,0,1,1,1,1,Assembly Defect
3259,71.97,123.44,3.48,77.26,56.3,53.22,45.88,6.63,730.4,3.82,923.0,502.0,Injection_Molding,Aluminum,Morning,Intermediate,Line_A,0,0,0,0,0,0,0,1,0,0,1,0,0,0,0,0,No Defect
3260,74.05,131.11,2.2,130.0,63.75,70.0,58.87,7.57,724.4,5.12,1874.9,509.0,Press,Aluminum,Evening,New,Line_A,0,0,0,1,0,1,1,1,0,0,1,1,0,1,0,0,No Defect
3261,71.69,140.0,1.76,130.0,70.37,47.86,64.28,5.92,705.8,4.73,1653.5,389.0,Press,Aluminum,Morning,New,Line_B,0,0,0,1,0,1,1,1,1,0,0,0,0,1,0,0,No Defect
3262,71.39,127.47,3.23,116.07,72.21,52.99,53.8,3.47,820.8,2.98,1722.9,431.0,CNC,Steel,Evening,Experienced,Line_D,0,1,0,1,0,0,1,0,1,0,0,0,0,0,0,0,No Defect
3263,73.9,113.11,2.41,130.0,71.2,51.48,44.79,4.74,788.7,3.16,1345.9,455.0,CNC,Steel,Morning,Intermediate,Line_A,0,0,0,0,0,0,1,0,1,0,0,0,0,0,0,0,No Defect
3264,75.22,108.56,4.41,101.58,60.28,62.34,56.07,9.63,746.2,2.93,2413.3,417.0,Injection_Molding,Aluminum,Evening,Expert,Line_B,1,0,0,0,1,0,0,0,0,1,0,0,0,0,0,0,No Defect
3265,74.74,114.97,2.63,86.11,62.29,51.31,44.23,2.17,758.3,2.72,1191.6,420.0,Injection_Molding,Alloy,Night,Expert,Line_A,0,0,0,0,0,0,0,0,0,0,0,0,1,0,0,0,No Defect
3266,71.1,127.17,2.0,80.06,64.6,43.79,59.84,3.84,684.8,2.99,1221.4,384.0,Press,Aluminum,Morning,Intermediate,Line_D,0,0,0,1,0,0,0,0,0,0,0,0,0,0,0,0,No Defect
3267,73.08,110.46,5.26,,52.31,66.83,56.9,8.64,689.3,3.02,1823.1,227.0,Press,Plastic,Night,Intermediate,Line_D,0,0,0,0,1,0,0,0,0,0,0,1,1,0,0,0,No Defect
3268,72.34,119.35,2.24,74.9,57.14,49.84,47.69,6.41,728.6,2.85,918.7,507.0,Injection_Molding,Composite,Morning,Intermediate,Line_A,0,0,0,0,0,0,0,0,0,0,1,0,0,0,0,0,No Defect
3269,79.78,123.25,2.1,104.68,69.43,57.39,47.92,4.27,788.1,2.91,,426.0,Injection_Molding,Alloy,Morning,Expert,Line_B,0,0,1,0,0,0,0,0,0,0,0,0,0,0,0,0,No Defect
3270,74.5,120.72,3.77,102.81,63.91,50.87,50.95,4.34,796.6,2.69,1103.5,444.0,Lathe,Alloy,Morning,Experienced,Line_B,0,0,0,0,1,0,0,0,0,0,0,0,0,0,0,0,No Defect
3271,74.87,105.67,1.61,74.93,60.54,51.9,55.02,1.86,769.6,3.56,572.7,307.0,Milling,Steel,Morning,Expert,Line_A,0,0,0,0,0,0,0,0,0,0,0,0,0,0,0,0,No Defect
3272,78.57,124.95,4.32,111.14,67.27,54.4,45.61,2.35,752.0,3.51,1509.3,410.0,Injection_Molding,Composite,Evening,Expert,Line_C,0,0,1,0,1,0,1,0,0,0,0,0,0,0,0,1,Dimensional Defect
3273,69.88,114.52,3.51,128.0,66.99,51.86,37.68,4.79,889.0,3.39,1343.8,580.0,Milling,Steel,Morning,Experienced,Line_C,0,1,0,0,1,0,1,0,0,0,1,0,0,0,1,1,Surface Defect
3274,75.11,125.42,4.48,115.66,51.59,44.64,46.96,7.07,771.1,2.84,1448.8,324.0,Press,Composite,Morning,Experienced,Line_B,0,0,0,1,1,0,1,0,0,0,0,0,0,0,0,1,Material Defect
3275,73.65,126.93,3.1,99.53,54.79,43.44,61.08,3.77,725.8,3.14,1243.6,414.0,Press,Plastic,Evening,Intermediate,Line_C,0,0,0,1,0,0,0,0,0,0,0,0,0,0,0,0,No Defect
3276,73.95,130.48,3.33,125.95,73.88,40.09,53.58,7.16,790.8,3.72,1934.7,487.0,CNC,Steel,Evening,Experienced,Line_B,0,1,0,1,0,0,1,1,1,0,0,0,0,0,1,1,Dimensional Defect
3277,77.7,127.39,4.99,114.14,60.58,56.67,74.96,11.12,733.8,3.49,2408.4,392.0,Press,Steel,Morning,Experienced,Line_D,1,0,1,1,1,1,1,0,0,1,0,0,0,0,0,1,Surface Defect
3278,71.66,121.16,2.89,84.19,65.39,48.71,37.79,3.12,764.0,3.47,819.6,370.0,Lathe,Steel,Evening,Experienced,Line_A,0,0,0,0,0,0,0,0,0,0,0,0,0,0,0,0,No Defect
3279,73.45,119.1,2.44,79.87,62.02,42.67,44.66,,688.0,2.99,802.4,492.0,Press,Composite,Evening,Experienced,Line_A,0,0,0,0,0,0,0,0,0,0,0,0,0,0,0,0,No Defect
3280,69.68,114.86,4.38,104.47,63.31,65.67,61.2,10.73,777.9,2.87,2276.1,395.0,Lathe,Aluminum,Night,Expert,Line_A,1,0,0,0,1,0,0,0,0,1,0,1,1,0,0,1,Surface Defect
3281,74.02,114.61,2.18,67.12,55.26,43.5,40.36,6.15,,2.83,982.5,425.0,CNC,Aluminum,Evening,New,Line_A,0,0,0,0,0,0,0,0,0,0,0,0,0,1,0,0,No Defect
3282,74.63,122.82,2.59,109.88,85.0,42.54,47.45,3.79,675.8,3.78,1996.4,335.0,CNC,Alloy,Evening,Expert,Line_A,0,0,0,0,0,0,1,1,1,0,0,0,0,0,0,0,No Defect
3283,72.37,125.0,2.48,98.54,,58.12,42.24,,751.2,,590.8,290.0,Press,Alloy,Evening,Expert,Line_B,0,0,0,1,0,0,0,0,0,0,0,0,0,0,0,0,No Defect
3284,78.51,128.3,2.8,116.81,63.05,53.83,45.63,1.59,822.3,3.04,1319.7,487.0,CNC,Aluminum,Morning,Experienced,Line_A,0,1,1,1,0,0,1,0,0,0,0,0,0,0,1,0,No Defect
3285,70.8,112.04,2.63,85.37,61.33,50.72,60.65,4.63,702.0,2.84,1119.0,434.0,Press,Aluminum,Morning,Intermediate,Line_A,0,0,0,0,0,0,0,0,0,0,0,0,0,0,0,0,No Defect
3286,70.79,109.14,4.54,107.63,63.3,44.08,81.46,9.6,,2.45,2421.7,339.0,Milling,Aluminum,Evening,Intermediate,Line_A,1,0,0,0,1,1,1,0,0,1,0,0,0,0,0,0,No Defect
3287,71.58,124.5,4.04,99.37,60.2,42.71,41.56,1.45,740.1,2.34,1050.6,546.0,Press,Plastic,Morning,New,Line_B,0,0,0,0,1,0,0,0,0,0,1,0,0,1,0,0,No Defect
3288,71.7,119.93,2.95,76.94,58.61,49.66,57.53,2.02,642.0,3.42,1555.1,378.0,CNC,Composite,Morning,Experienced,Line_D,0,0,0,0,0,0,0,0,0,0,0,0,0,0,0,0,No Defect
3289,80.06,115.33,3.26,103.01,58.88,44.0,42.49,4.72,870.3,2.06,1158.8,464.0,Press,Aluminum,Night,New,Line_A,0,1,1,0,0,0,0,0,0,0,0,0,1,1,1,1,Material Defect
3290,70.1,114.86,2.4,91.63,65.72,47.58,48.41,5.57,726.8,2.46,987.0,435.0,Milling,Alloy,Night,Intermediate,Line_D,0,0,0,0,0,0,0,0,0,0,0,0,1,0,0,0,No Defect
3291,71.98,123.66,2.46,129.82,,60.18,40.91,3.89,722.3,3.09,1045.7,514.0,Injection_Molding,Steel,Night,Intermediate,Line_C,0,0,0,0,0,0,1,0,0,0,1,0,1,0,0,0,No Defect
3292,73.14,110.61,3.01,118.03,45.0,58.67,41.85,4.09,793.1,2.47,1850.8,548.0,CNC,Plastic,Morning,Expert,Line_A,0,0,0,0,0,0,1,0,0,0,1,0,0,0,1,0,No Defect
3293,75.41,135.7,3.17,110.93,56.03,43.35,37.99,8.06,822.8,2.69,1216.1,436.0,Injection_Molding,Steel,Evening,Experienced,Line_C,1,1,0,1,0,0,1,0,0,0,0,0,0,0,0,0,No Defect
3294,77.81,118.4,2.37,105.71,61.46,56.89,34.32,4.48,786.6,2.79,977.5,554.0,Milling,Alloy,Morning,New,Line_C,0,0,1,0,0,0,1,0,0,0,1,0,0,1,1,0,No Defect
3295,80.21,117.92,1.97,87.21,61.72,47.65,63.26,2.19,665.6,2.98,698.5,389.0,Injection_Molding,Alloy,Night,Intermediate,Line_A,0,0,1,0,0,1,0,0,0,0,0,0,1,0,0,0,No Defect
3296,72.34,117.51,3.16,87.51,58.69,54.23,43.93,7.3,790.3,2.9,1120.4,342.0,Milling,Aluminum,Morning,Experienced,Line_B,0,0,0,0,0,0,0,0,0,0,0,0,0,0,0,0,No Defect
3297,76.18,128.27,3.65,119.16,62.9,62.08,43.79,5.52,871.6,3.05,1224.0,403.0,Press,Alloy,Morning,Expert,Line_C,0,1,1,1,0,0,1,0,0,0,0,0,0,0,0,1,Dimensional Defect
3298,77.51,134.23,2.62,104.28,77.35,48.53,40.95,2.95,689.3,4.27,1516.5,408.0,CNC,Plastic,Evening,Experienced,Line_B,0,0,1,1,0,0,0,1,1,0,0,0,0,0,0,0,No Defect
3299,73.9,126.48,3.32,111.89,67.04,49.81,53.4,3.39,724.4,4.97,1023.3,380.0,Lathe,Aluminum,Morning,Expert,Line_D,0,0,0,1,0,0,1,1,0,0,0,0,0,0,0,0,No Defect
3300,75.75,116.46,1.15,82.38,,52.96,52.49,5.56,711.5,3.7,1103.9,427.0,Injection_Molding,Steel,Morning,Expert,Line_B,0,0,0,0,0,0,0,0,0,0,0,0,0,0,0,0,No Defect
3301,74.15,139.78,2.42,122.44,75.14,38.76,70.3,7.43,606.0,4.31,1714.7,332.0,Lathe,Composite,Evening,Intermediate,Line_D,0,0,0,1,0,1,1,1,1,0,0,0,0,0,0,1,Structural Defect
3302,76.25,115.06,1.95,87.91,64.24,38.81,31.61,1.93,724.1,3.01,1250.6,424.0,Press,Alloy,Night,Expert,Line_C,0,0,0,0,0,0,0,0,0,0,0,0,1,0,0,1,Structural Defect
3303,76.72,107.29,3.95,91.41,56.52,,63.89,11.32,737.7,3.69,1923.7,431.0,Injection_Molding,Aluminum,Morning,Experienced,Line_C,1,0,0,0,1,1,0,0,0,0,0,0,0,0,0,1,Surface Defect
3304,80.88,122.25,3.04,123.32,59.41,53.23,40.37,4.89,901.5,2.55,921.3,485.0,Injection_Molding,Alloy,Morning,Intermediate,Line_B,0,1,1,0,0,0,1,0,0,0,0,0,0,0,1,0,No Defect
3305,82.03,115.3,2.17,112.35,45.0,60.33,34.47,0.5,836.1,2.71,854.3,545.0,Press,Plastic,Night,Intermediate,Line_C,0,1,1,0,0,0,1,0,0,0,1,0,1,0,1,1,Material Defect
3306,77.28,123.74,3.42,105.88,81.73,53.66,63.78,6.85,746.4,5.01,1854.8,524.0,Lathe,Steel,Morning,Intermediate,Line_B,0,0,1,0,0,1,1,1,1,0,1,0,0,0,0,0,No Defect
3307,71.93,,1.62,79.56,50.52,43.08,47.83,1.07,701.3,2.92,1480.9,477.0,CNC,Aluminum,Evening,Intermediate,Line_D,0,0,0,0,0,0,0,0,0,0,0,0,0,0,0,0,No Defect
3308,73.09,139.45,4.12,130.0,82.58,43.75,47.01,6.42,753.8,4.7,1525.9,457.0,Lathe,Steel,Morning,Intermediate,Line_B,0,0,0,1,1,0,1,1,1,0,0,0,0,0,0,0,No Defect
3309,,134.78,3.58,127.63,80.79,42.13,54.57,8.5,789.2,4.74,1542.5,316.0,Milling,Aluminum,Evening,New,Line_B,0,0,0,1,1,0,1,1,1,0,0,0,0,1,0,0,No Defect
3310,73.19,130.63,,120.01,67.06,51.22,37.85,,850.9,2.75,1635.3,566.0,Injection_Molding,Steel,Night,Expert,Line_D,0,1,0,1,0,0,1,0,0,0,1,0,1,0,1,1,Assembly Defect
3311,73.74,123.56,2.46,91.29,62.63,44.1,50.19,4.51,690.0,2.95,1076.2,477.0,Press,Alloy,Night,Intermediate,Line_B,0,0,0,0,0,0,0,0,0,0,0,0,1,0,0,0,No Defect
3312,67.91,116.11,2.0,85.28,63.4,61.54,,5.07,786.2,2.9,800.5,389.0,CNC,Alloy,Night,Expert,Line_C,0,0,0,0,0,0,0,0,0,0,0,0,1,0,0,0,No Defect
3313,72.43,118.44,2.5,89.76,54.78,59.01,36.03,5.47,838.4,3.5,581.3,375.0,Press,Plastic,Morning,Intermediate,Line_B,0,1,0,0,0,0,0,0,0,0,0,0,0,0,0,0,No Defect
3314,77.01,115.17,3.91,103.44,55.25,45.41,41.29,8.58,812.7,2.53,1241.7,502.0,Injection_Molding,Aluminum,Evening,New,Line_A,0,1,1,0,1,0,0,0,0,0,1,0,0,1,1,0,No Defect
3315,70.16,119.04,2.35,119.49,80.11,56.3,57.18,4.54,786.2,4.3,1790.1,,Milling,Alloy,Night,Expert,Line_A,0,0,0,0,0,0,1,1,1,0,0,0,1,0,0,1,Material Defect
3316,73.4,116.34,3.03,83.96,54.37,51.67,51.54,3.32,672.5,2.91,655.3,431.0,Lathe,Aluminum,Night,Expert,Line_A,0,0,0,0,0,0,0,0,0,0,0,0,1,0,0,0,No Defect
3317,69.69,106.56,4.58,104.54,61.93,57.2,54.11,11.98,759.5,2.24,2004.5,311.0,Injection_Molding,Alloy,Morning,Expert,Line_C,1,0,0,0,1,0,0,0,0,1,0,0,0,0,0,1,Assembly Defect
3318,73.57,120.93,1.56,83.0,58.47,49.14,,5.87,796.8,3.23,1341.2,399.0,CNC,Aluminum,Morning,Experienced,Line_B,0,0,0,0,0,0,0,0,0,0,0,0,0,0,0,1,Surface Defect
3319,73.05,,2.0,87.1,59.17,60.64,47.19,6.64,715.0,2.79,958.8,302.0,CNC,Alloy,Night,Intermediate,Line_C,0,0,0,0,0,0,0,0,0,0,0,0,1,0,0,0,No Defect
3320,73.81,134.71,2.03,118.17,72.77,43.99,60.47,3.27,718.4,4.35,1441.4,436.0,Press,Composite,Morning,New,Line_B,0,0,0,1,0,0,1,1,1,0,0,0,0,1,0,0,No Defect
3321,83.38,120.53,2.86,99.93,64.16,48.24,43.33,2.09,811.0,2.92,1307.5,477.0,CNC,Composite,Evening,Intermediate,Line_B,0,0,1,0,0,0,0,0,0,0,1,0,0,0,1,0,No Defect
3322,78.0,116.84,5.23,96.12,59.69,52.93,78.63,10.44,677.5,2.46,1753.7,326.0,Injection_Molding,Alloy,Night,Expert,Line_A,1,0,1,0,1,1,0,0,0,0,0,0,1,0,0,1,Structural Defect
3323,72.98,126.44,2.8,113.07,73.25,60.58,49.99,8.13,724.2,4.56,1530.7,519.0,Milling,Composite,Evening,Experienced,Line_B,0,0,0,1,0,0,1,1,1,0,1,0,0,0,0,0,No Defect
3324,67.96,117.72,2.88,,73.38,51.08,44.9,3.74,805.5,3.32,874.5,408.0,Milling,Steel,Evening,Expert,Line_C,0,0,0,0,0,0,0,0,1,0,0,0,0,0,0,0,No Defect
3325,70.47,128.89,3.83,122.39,85.0,48.76,49.6,4.5,776.0,4.21,2011.7,351.0,Injection_Molding,Steel,Morning,Expert,Line_B,0,0,0,1,1,0,1,1,1,1,0,0,0,0,0,1,Material Defect
3326,72.88,115.49,3.53,80.19,63.1,42.73,48.69,6.07,667.7,2.99,1001.2,528.0,Injection_Molding,Aluminum,Morning,Intermediate,Line_A,0,0,0,0,0,0,0,0,0,0,1,0,0,0,0,0,No Defect
3327,77.1,116.46,2.89,107.54,64.02,61.01,38.85,5.32,841.0,2.67,972.9,370.0,CNC,Steel,Evening,Intermediate,Line_B,0,1,1,0,0,0,1,0,0,0,0,0,0,0,0,0,No Defect
3328,69.17,,2.98,,56.62,46.9,42.69,0.88,801.3,3.24,1674.9,513.0,Lathe,Steel,Morning,Experienced,Line_A,0,0,0,0,0,0,0,0,0,0,1,0,0,0,1,0,No Defect
3329,,131.53,3.11,105.37,66.13,54.41,45.4,5.62,813.4,3.2,1301.0,408.0,Injection_Molding,Steel,Morning,Experienced,Line_D,0,0,0,1,0,0,1,0,0,0,0,0,0,0,0,0,No Defect
3330,75.18,106.97,3.71,83.84,59.8,50.0,64.31,7.62,613.4,3.53,1935.6,253.0,Injection_Molding,Alloy,Night,Intermediate,Line_D,1,0,0,0,1,1,0,0,0,0,0,0,1,0,0,0,No Defect
3331,70.61,127.75,4.77,120.48,57.59,60.91,53.17,12.48,754.5,3.15,2459.6,315.0,Press,Steel,Morning,Intermediate,Line_D,1,0,0,1,1,0,1,0,0,1,0,0,0,0,0,1,Dimensional Defect
3332,69.46,104.87,1.65,87.67,55.85,41.63,49.94,3.6,,3.26,655.5,388.0,Injection_Molding,Aluminum,Evening,Experienced,Line_B,0,0,0,0,0,0,0,0,0,0,0,0,0,0,0,0,No Defect
3333,72.02,105.83,2.04,102.22,67.2,45.3,69.46,4.05,676.8,3.22,1020.5,650.0,Milling,Steel,Evening,Experienced,Line_D,0,0,0,0,0,1,0,0,0,0,1,0,0,0,0,0,No Defect
3334,77.17,139.94,3.0,107.24,85.0,47.94,66.84,6.77,727.4,3.54,2204.6,498.0,Lathe,Steel,Evening,Experienced,Line_D,0,0,1,1,0,1,1,0,1,1,0,0,0,0,0,1,Surface Defect
3335,72.54,109.05,2.03,66.11,58.0,54.38,47.24,4.61,705.4,3.2,844.1,466.0,CNC,Aluminum,Night,New,Line_A,0,0,0,0,0,0,0,0,0,0,0,0,1,1,0,0,No Defect
3336,71.5,114.9,1.92,102.95,56.64,54.47,39.73,3.73,811.2,3.49,494.5,336.0,CNC,Aluminum,Morning,Intermediate,Line_C,0,0,0,0,0,0,0,0,0,0,0,0,0,0,0,0,No Defect
3337,74.85,128.42,1.21,84.52,65.99,42.12,39.89,2.55,768.6,3.48,941.1,302.0,CNC,Alloy,Morning,Experienced,Line_D,0,0,0,1,0,0,0,0,0,0,0,0,0,0,0,0,No Defect
3338,83.01,138.24,2.86,124.76,45.0,56.08,47.67,2.96,854.2,2.33,1467.1,467.0,Press,Plastic,Morning,Experienced,Line_A,0,1,1,1,0,0,1,0,0,0,0,0,0,0,1,0,No Defect
3339,74.12,109.66,3.18,87.06,53.45,35.0,50.13,6.36,750.9,3.49,966.5,385.0,Milling,Alloy,Evening,Expert,Line_C,0,0,0,0,0,0,0,0,0,0,0,0,0,0,0,0,No Defect
3340,73.43,108.64,1.67,82.92,57.17,36.04,47.98,1.42,711.5,2.89,1026.3,414.0,Injection_Molding,Aluminum,Evening,Expert,Line_A,0,0,0,0,0,0,0,0,0,0,0,0,0,0,0,0,No Defect
3341,77.27,129.51,3.33,119.76,67.3,41.72,51.95,7.08,717.3,4.22,1922.7,526.0,CNC,Aluminum,Evening,Expert,Line_A,1,0,1,1,0,0,1,1,0,0,1,0,0,0,0,1,Surface Defect
3342,75.2,120.98,,86.63,61.65,57.81,43.65,0.67,747.3,3.83,1039.5,488.0,Milling,Alloy,Night,Experienced,Line_A,0,0,0,0,0,0,0,1,0,0,0,0,1,0,0,0,No Defect
3343,75.86,111.35,1.93,89.75,,46.43,41.78,3.63,735.7,3.21,986.7,403.0,CNC,Steel,Morning,New,Line_A,0,0,0,0,0,0,0,0,0,0,0,0,0,1,0,0,No Defect
3344,74.31,131.36,3.08,106.6,77.66,45.66,57.18,2.78,763.4,3.38,938.7,371.0,Injection_Molding,Steel,Evening,New,Line_B,0,0,0,1,0,0,1,0,1,0,0,0,0,1,0,1,Dimensional Defect
3345,75.22,102.19,1.98,71.06,55.95,57.23,36.6,3.69,757.2,2.56,1048.2,379.0,CNC,Aluminum,Night,Expert,Line_B,0,0,0,0,0,0,0,0,0,0,0,0,1,0,0,0,No Defect
3346,71.5,136.78,3.0,122.17,83.23,44.05,53.47,3.34,664.0,3.34,,370.0,Milling,Alloy,Night,Experienced,Line_A,0,0,0,1,0,0,1,0,1,0,0,0,1,0,0,0,No Defect
3347,78.6,134.05,2.8,130.0,82.28,40.35,72.96,3.91,688.2,5.0,2472.6,354.0,Press,Steel,Morning,Experienced,Line_A,0,0,1,1,0,1,1,1,1,1,0,0,0,0,0,1,Structural Defect
3348,72.62,110.94,4.86,110.76,49.69,55.22,48.0,10.69,,3.19,2456.3,363.0,Injection_Molding,Plastic,Morning,Experienced,Line_D,1,0,0,0,1,0,1,0,0,1,0,0,0,0,0,1,Assembly Defect
3349,74.53,138.32,3.36,116.6,71.75,52.23,58.93,3.19,725.1,4.63,1688.5,491.0,Press,Steel,Evening,Expert,Line_B,0,0,0,1,0,1,1,1,1,0,0,0,0,0,0,1,Dimensional Defect
3350,71.37,137.24,3.74,98.76,71.92,45.68,54.85,4.61,662.9,3.59,1715.7,437.0,Milling,Steel,Night,Intermediate,Line_A,0,0,0,1,1,0,0,0,1,0,0,0,1,0,0,0,No Defect
3351,75.54,116.98,2.64,84.48,62.26,55.1,49.64,2.45,728.3,,995.9,476.0,CNC,Steel,Evening,Intermediate,Line_A,0,0,0,0,0,0,0,0,0,0,0,0,0,0,0,0,No Defect
3352,74.62,128.67,2.25,118.93,69.98,51.41,71.41,3.37,695.7,4.6,1800.8,615.0,Lathe,Composite,Night,Expert,Line_D,0,0,0,1,0,1,1,1,0,1,1,0,1,0,0,0,No Defect
3353,76.37,102.03,4.53,92.74,61.89,56.13,57.24,8.81,817.2,3.12,2296.4,344.0,Injection_Molding,Composite,Night,Experienced,Line_B,0,0,0,0,1,0,0,0,0,1,0,0,1,0,0,0,No Defect
3354,73.2,119.9,2.11,93.55,69.5,44.2,52.71,5.76,723.1,4.41,1628.9,386.0,Milling,Plastic,Evening,Experienced,Line_B,0,0,0,0,0,0,0,1,0,0,0,0,0,0,0,0,No Defect
3355,75.69,105.8,3.58,82.19,65.21,57.54,72.26,11.29,679.2,3.68,1785.2,248.0,Milling,Steel,Evening,Experienced,Line_A,1,0,0,0,0,1,0,0,0,0,0,0,0,0,0,0,No Defect
3356,71.07,118.48,2.97,114.76,53.8,54.79,47.09,5.34,834.7,2.39,1450.3,463.0,CNC,Aluminum,Morning,Intermediate,Line_D,0,1,0,0,0,0,1,0,0,0,0,0,0,0,0,1,Structural Defect
3357,77.16,116.79,1.6,87.28,62.17,47.17,52.42,4.06,727.2,2.5,1154.0,371.0,CNC,Aluminum,Night,Expert,Line_C,0,0,1,0,0,0,0,0,0,0,0,0,1,0,0,0,No Defect
3358,78.42,133.23,2.74,121.86,77.96,35.0,64.43,6.95,635.3,3.81,2030.8,365.0,Injection_Molding,Aluminum,Morning,Intermediate,Line_C,0,0,1,1,0,1,1,1,1,1,0,0,0,0,0,0,No Defect
3359,74.74,112.89,3.96,,64.05,,67.98,11.31,683.2,3.84,2383.2,341.0,Milling,Aluminum,Morning,Experienced,Line_A,1,0,0,0,1,1,0,1,0,1,0,0,0,0,0,1,Surface Defect
3360,74.46,115.11,2.83,84.86,61.56,53.32,53.72,3.22,713.4,3.57,981.4,355.0,Injection_Molding,Steel,Evening,Expert,Line_C,0,0,0,0,0,0,0,0,0,0,0,0,0,0,0,1,Dimensional Defect
3361,70.24,119.38,2.41,98.4,56.37,56.06,40.82,3.82,735.8,2.9,818.3,,Press,Aluminum,Night,Expert,Line_A,0,0,0,0,0,0,0,0,0,0,0,0,1,0,0,0,No Defect
3362,71.46,132.11,5.6,115.52,47.15,44.73,57.79,12.8,746.0,3.46,2222.7,,Press,Aluminum,Evening,Intermediate,Line_D,1,0,0,1,1,0,1,1,0,1,0,0,0,0,0,1,Structural Defect
3363,84.15,124.43,2.48,115.83,62.58,54.0,30.78,4.0,932.4,2.59,1459.4,523.0,Press,Aluminum,Night,Experienced,Line_B,0,1,1,0,0,0,1,0,0,0,1,0,1,0,1,0,No Defect
3364,78.71,121.69,4.0,110.6,66.21,54.37,27.15,4.47,790.2,2.44,954.7,420.0,Press,Composite,Morning,Expert,Line_B,0,0,1,0,1,0,1,0,0,0,0,0,0,0,0,0,No Defect
3365,74.35,118.06,2.15,87.0,69.87,48.27,50.39,3.29,751.1,3.83,554.2,386.0,Lathe,Steel,Morning,Intermediate,Line_A,0,0,0,0,0,0,0,1,0,0,0,0,0,0,0,0,No Defect
3366,76.36,123.52,1.97,96.53,77.8,51.39,54.04,4.74,703.9,3.39,846.0,369.0,Lathe,Steel,Evening,New,Line_A,0,0,1,0,0,0,0,0,1,0,0,0,0,1,0,0,No Defect
3367,73.14,120.2,3.54,80.74,57.84,41.5,39.89,3.4,838.3,2.99,1101.2,596.0,Milling,Plastic,Morning,Experienced,Line_D,0,1,0,0,0,0,0,0,0,0,1,0,0,0,1,0,No Defect
3368,66.97,112.78,3.65,83.28,54.73,51.9,48.73,11.64,734.2,2.64,2126.5,277.0,Press,Aluminum,Evening,New,Line_A,1,0,0,0,0,0,0,0,0,1,0,0,0,1,0,0,No Defect
3369,78.73,121.99,3.78,114.74,66.48,48.27,69.53,3.86,653.9,4.53,1522.9,323.0,CNC,Plastic,Evening,Expert,Line_C,0,0,1,0,1,1,1,1,0,0,0,0,0,0,0,0,No Defect
3370,73.06,117.71,2.07,92.41,68.31,49.25,42.51,4.0,740.6,3.28,1349.3,488.0,CNC,Composite,Evening,Experienced,Line_D,0,0,0,0,0,0,0,0,0,0,0,0,0,0,0,0,No Defect
3371,76.97,123.88,3.99,122.03,75.13,45.64,49.06,5.22,687.3,3.58,,359.0,Lathe,Steel,Morning,Experienced,Line_B,0,0,0,0,1,0,1,0,1,0,0,0,0,0,0,0,No Defect
3372,75.62,120.07,3.28,117.81,53.03,51.53,47.18,6.25,853.4,3.27,1313.0,451.0,Press,Alloy,Morning,Experienced,Line_B,0,1,0,0,0,0,1,0,0,0,0,0,0,0,0,0,No Defect
3373,79.49,115.34,2.16,129.41,76.81,47.46,57.21,5.58,710.5,3.62,2189.7,505.0,Milling,Aluminum,Night,Expert,Line_D,0,0,1,0,0,0,1,0,1,1,1,0,1,0,0,0,No Defect
3374,74.2,111.47,1.38,78.28,58.02,41.17,51.97,0.5,622.9,2.68,749.6,295.0,Press,Composite,Morning,Intermediate,Line_D,0,0,0,0,0,0,0,0,0,0,0,0,0,0,0,0,No Defect
3375,73.03,114.0,2.29,72.15,58.72,42.84,50.49,4.01,714.2,3.53,1191.4,314.0,Lathe,Alloy,Evening,Experienced,Line_C,0,0,0,0,0,0,0,0,0,0,0,0,0,0,0,0,No Defect
3376,74.44,125.35,2.74,109.14,62.23,54.18,29.58,4.66,889.9,2.54,874.2,546.0,Lathe,Alloy,Morning,Experienced,Line_B,0,1,0,1,0,0,1,0,0,0,1,0,0,0,1,0,No Defect
3377,76.45,129.95,2.55,130.0,84.95,47.64,65.95,4.84,695.7,3.94,1740.4,496.0,Injection_Molding,Alloy,Evening,Intermediate,Line_A,0,0,0,1,0,1,1,1,1,0,0,0,0,0,0,0,No Defect
3378,71.09,126.2,3.48,96.95,52.63,42.61,44.28,5.19,770.6,3.62,1058.8,540.0,Milling,Plastic,Night,Expert,Line_C,0,0,0,1,1,0,0,0,0,0,1,0,1,0,0,0,No Defect
3379,76.43,115.94,3.34,108.15,65.52,55.01,58.18,10.79,786.2,4.5,2292.0,347.0,Milling,Steel,Evening,Experienced,Line_A,1,0,0,0,0,0,1,1,0,1,0,0,0,0,0,0,No Defect
3380,66.11,109.82,2.4,86.68,64.36,44.98,43.27,1.76,746.8,2.94,239.7,304.0,CNC,Steel,Morning,New,Line_A,0,0,0,0,0,0,0,0,0,0,0,0,0,1,0,0,No Defect
3381,72.9,140.0,2.83,130.0,85.0,54.21,56.71,6.64,721.2,4.33,2100.0,344.0,CNC,Composite,Evening,Experienced,Line_C,0,0,0,1,0,0,1,1,1,1,0,0,0,0,0,0,No Defect
3382,77.29,121.07,3.25,88.0,59.62,53.29,42.72,7.1,820.7,3.06,862.5,401.0,CNC,Alloy,Morning,Intermediate,Line_A,1,1,1,0,0,0,0,0,0,0,0,0,0,0,0,0,No Defect
3383,76.02,115.02,2.72,102.57,57.42,64.08,46.47,4.9,758.5,3.33,787.1,498.0,Injection_Molding,Aluminum,Night,Expert,Line_A,0,0,0,0,0,0,0,0,0,0,0,1,1,0,0,0,No Defect
3384,68.84,113.84,2.03,77.88,49.44,51.04,54.67,4.61,719.2,3.08,876.9,296.0,Milling,Plastic,Evening,Experienced,Line_A,0,0,0,0,0,0,0,0,0,0,0,0,0,0,0,0,No Defect
3385,76.53,129.65,4.41,111.82,62.51,62.36,76.54,12.83,675.8,3.17,1309.8,314.0,Press,Steel,Morning,Experienced,Line_C,1,0,0,1,1,1,1,0,0,0,0,0,0,0,0,0,No Defect
3386,73.73,126.6,3.57,92.02,62.74,55.01,40.2,2.6,897.8,3.69,1656.0,498.0,CNC,Aluminum,Morning,Experienced,Line_C,0,1,0,1,0,0,0,0,0,0,0,0,0,0,1,0,No Defect
3387,73.15,130.6,2.5,103.91,73.35,59.19,,6.28,780.4,4.36,1494.2,269.0,CNC,Aluminum,Evening,Expert,Line_B,0,0,0,1,0,0,0,1,1,0,0,0,0,0,0,0,No Defect
3388,72.07,111.4,4.41,90.59,62.77,59.93,81.21,9.4,626.7,3.59,1891.7,254.0,Lathe,Alloy,Evening,Experienced,Line_C,1,0,0,0,1,1,0,0,0,0,0,0,0,0,0,0,No Defect
3389,79.27,110.25,2.94,116.63,65.34,59.03,44.23,0.82,908.4,3.12,894.2,538.0,CNC,Steel,Morning,New,Line_B,0,1,1,0,0,0,1,0,0,0,1,0,0,1,1,0,No Defect
3390,70.09,127.39,3.22,85.05,59.71,41.9,41.95,3.0,684.6,3.1,1239.5,446.0,Milling,Aluminum,Night,Expert,Line_D,0,0,0,1,0,0,0,0,0,0,0,0,1,0,0,0,No Defect
3391,71.61,127.06,2.58,105.63,60.15,57.9,50.0,4.6,739.7,2.06,1607.2,550.0,Milling,Composite,Morning,Experienced,Line_D,0,0,0,1,0,0,1,0,0,0,1,0,0,0,0,0,No Defect
3392,77.38,113.71,2.86,114.34,66.26,47.68,41.42,3.03,780.3,2.62,1199.0,470.0,Lathe,Aluminum,Evening,Expert,Line_B,0,0,1,0,0,0,1,0,0,0,0,0,0,0,1,0,No Defect
3393,77.78,118.45,2.71,87.12,67.39,53.72,51.04,1.82,710.4,3.28,574.0,225.0,CNC,Steel,Morning,New,Line_C,0,0,1,0,0,0,0,0,0,0,0,0,0,1,0,0,No Defect
3394,72.88,128.55,2.45,120.2,80.95,58.58,57.05,6.1,674.5,3.53,2428.2,482.0,Lathe,Alloy,Night,Experienced,Line_A,0,0,0,1,0,0,1,0,1,1,0,0,1,0,0,0,No Defect
3395,73.42,124.5,2.86,130.0,77.38,64.96,48.0,4.0,703.8,4.51,1755.2,390.0,Injection_Molding,Steel,Evening,Expert,Line_A,0,0,0,0,0,0,1,1,1,0,0,1,0,0,0,0,No Defect
3396,74.87,108.44,3.02,88.57,61.09,52.19,42.2,2.08,,3.16,853.6,228.0,CNC,Steel,Morning,Expert,Line_C,0,0,0,0,0,0,0,0,0,0,0,0,0,0,0,0,No Defect
3397,76.39,131.88,2.9,111.98,85.0,46.45,56.35,6.5,710.1,4.47,1608.4,438.0,Press,Alloy,Night,Intermediate,Line_A,0,0,1,1,0,0,1,1,1,0,0,0,1,0,0,0,No Defect
3398,73.73,125.6,2.14,92.23,63.27,60.84,45.97,4.32,792.6,2.51,747.3,438.0,Milling,Alloy,Evening,Intermediate,Line_A,0,0,0,1,0,0,0,0,0,0,0,0,0,0,0,0,No Defect
3399,75.64,113.28,2.41,70.54,61.41,51.42,46.03,,669.7,3.37,619.3,370.0,Injection_Molding,Aluminum,Evening,New,Line_C,0,0,0,0,0,0,0,0,0,0,0,0,0,1,0,0,No Defect
3400,74.45,126.07,3.32,117.03,70.77,44.5,42.92,7.35,829.8,3.58,1297.2,407.0,Milling,Steel,Morning,Intermediate,Line_B,0,1,0,1,0,0,1,0,1,0,0,0,0,0,0,0,No Defect
3401,73.3,112.73,2.73,67.65,62.63,47.67,55.63,5.62,710.5,2.9,1301.3,358.0,Milling,Steel,Evening,Expert,Line_A,0,0,0,0,0,0,0,0,0,0,0,0,0,0,0,0,No Defect
3402,77.29,108.98,4.23,111.95,61.23,52.07,52.44,11.23,807.2,3.51,2098.6,354.0,CNC,Alloy,Evening,New,Line_B,1,0,1,0,1,0,1,1,0,1,0,0,0,1,0,0,No Defect
3403,79.28,110.65,5.42,101.82,57.07,48.72,54.71,10.79,654.7,2.83,2176.8,295.0,CNC,Aluminum,Evening,Intermediate,Line_A,1,0,1,0,1,0,0,0,0,1,0,0,0,0,0,0,No Defect
3404,67.47,115.91,2.12,84.34,45.0,50.77,54.02,2.9,764.1,3.31,973.3,369.0,CNC,Plastic,Morning,New,Line_A,0,0,0,0,0,0,0,0,0,0,0,0,0,1,0,0,No Defect
3405,73.94,106.56,4.79,106.29,54.08,43.47,71.2,10.05,663.8,3.21,2244.0,278.0,CNC,Composite,Evening,New,Line_B,1,0,0,0,1,1,1,0,0,1,0,0,0,1,0,1,Surface Defect
3406,80.93,105.15,2.74,75.05,71.95,50.36,,2.69,714.6,3.46,979.4,386.0,Injection_Molding,Steel,Night,Experienced,Line_C,0,0,1,0,0,0,0,0,1,0,0,0,1,0,0,0,No Defect
3407,74.0,125.96,2.78,116.86,75.8,49.13,66.75,5.98,692.9,4.48,2104.9,519.0,Lathe,Steel,Morning,Experienced,Line_C,0,0,0,1,0,1,1,1,1,1,1,0,0,0,0,1,Structural Defect
3408,70.08,126.22,3.78,112.18,50.54,57.84,68.89,11.97,715.3,2.99,1797.0,318.0,Press,Plastic,Morning,Intermediate,Line_C,1,0,0,1,1,1,1,0,0,0,0,0,0,0,0,0,No Defect
3409,72.86,110.78,5.27,107.31,74.09,57.44,65.52,10.94,718.9,,2237.6,354.0,Injection_Molding,Steel,Night,Intermediate,Line_B,1,0,0,0,1,1,1,0,1,1,0,0,1,0,0,0,No Defect
3410,77.6,120.88,2.62,106.92,59.62,54.54,49.59,1.84,858.7,2.01,1143.2,364.0,Milling,Aluminum,Morning,Expert,Line_A,0,1,1,0,0,0,1,0,0,0,0,0,0,0,0,0,No Defect
3411,72.21,127.53,2.81,98.24,54.31,47.8,57.25,6.33,678.5,3.47,1151.9,436.0,Milling,Aluminum,Evening,Intermediate,Line_D,0,0,0,1,0,0,0,0,0,0,0,0,0,0,0,0,No Defect
3412,67.46,127.0,1.7,75.61,59.45,56.18,,3.42,768.5,2.91,826.2,468.0,Lathe,Steel,Evening,Experienced,Line_C,0,0,0,1,0,0,0,0,0,0,0,0,0,0,0,0,No Defect
3413,76.23,132.97,2.87,119.26,85.0,37.38,71.07,6.09,624.1,3.55,1274.2,415.0,Press,Alloy,Morning,Intermediate,Line_D,0,0,0,1,0,1,1,0,1,0,0,0,0,0,0,0,No Defect
3414,72.21,117.11,1.61,81.49,61.34,50.09,41.86,4.08,711.6,,,410.0,Injection_Molding,Composite,Night,Intermediate,Line_D,0,0,0,0,0,0,0,0,0,0,0,0,1,0,0,0,No Defect
3415,75.38,103.31,4.47,,45.0,61.8,60.79,14.66,658.4,3.65,2175.6,176.0,Milling,Plastic,Morning,Intermediate,Line_D,1,0,0,0,1,1,0,0,0,1,0,0,0,0,0,0,No Defect
3416,73.04,119.11,2.99,91.76,62.55,37.07,46.54,6.76,660.0,3.06,1103.1,322.0,Milling,Aluminum,Evening,Expert,Line_A,0,0,0,0,0,0,0,0,0,0,0,0,0,0,0,0,No Defect
3417,79.73,109.48,2.7,106.93,61.44,52.5,30.66,3.7,864.9,2.72,,466.0,CNC,Aluminum,Night,Intermediate,Line_A,0,1,1,0,0,0,1,0,0,0,0,0,1,0,1,0,No Defect
3418,76.0,127.43,2.21,124.93,85.0,54.15,44.37,4.26,712.1,4.13,2162.6,427.0,Injection_Molding,Alloy,Night,Experienced,Line_B,0,0,0,1,0,0,1,1,1,1,0,0,1,0,0,0,No Defect
3419,71.64,107.87,2.43,82.96,45.0,47.77,47.1,3.74,751.5,2.45,625.2,289.0,Lathe,Plastic,Night,Expert,Line_C,0,0,0,0,0,0,0,0,0,0,0,0,1,0,0,0,No Defect
3420,77.39,124.47,2.78,114.6,,58.05,39.86,5.57,811.6,2.95,1167.9,525.0,CNC,Aluminum,Night,Intermediate,Line_A,0,0,1,0,0,0,1,0,0,0,1,0,1,0,1,0,No Defect
3421,75.02,125.78,3.21,94.49,62.69,57.0,55.91,5.0,628.4,3.35,2297.3,496.0,Lathe,Alloy,Evening,Experienced,Line_A,0,0,0,1,0,0,0,0,0,1,0,0,0,0,0,0,No Defect
3422,74.06,104.62,2.88,105.65,75.21,53.38,47.02,1.91,833.2,3.82,844.4,453.0,Lathe,Steel,Morning,Experienced,Line_D,0,1,0,0,0,0,1,1,1,0,0,0,0,0,0,1,Assembly Defect
3423,77.38,112.85,3.81,91.79,67.22,60.15,54.94,12.46,738.6,2.86,2049.0,412.0,CNC,Steel,Morning,Experienced,Line_A,1,0,1,0,1,0,0,0,0,1,0,0,0,0,0,1,Dimensional Defect
3424,81.29,110.04,4.11,130.0,65.11,39.25,53.01,10.95,706.9,2.89,2257.5,302.0,Press,Steel,Evening,Intermediate,Line_C,1,0,1,0,1,0,1,0,0,1,0,0,0,0,0,1,Dimensional Defect
3425,78.24,123.95,2.96,110.39,49.2,55.81,27.24,5.42,846.0,3.26,1764.6,480.0,CNC,Plastic,Morning,Intermediate,Line_D,0,1,1,0,0,0,1,0,0,0,0,0,0,0,1,0,No Defect
3426,76.87,112.3,4.47,95.26,63.51,52.42,57.81,11.98,795.8,3.17,2314.1,379.0,Injection_Molding,Aluminum,Evening,Experienced,Line_B,1,0,0,0,1,0,0,0,0,1,0,0,0,0,0,0,No Defect
3427,66.63,127.46,2.61,75.25,62.78,45.38,61.18,2.83,792.3,3.56,723.4,337.0,CNC,Aluminum,Evening,Experienced,Line_B,0,0,0,1,0,0,0,0,0,0,0,0,0,0,0,0,No Defect
3428,76.06,108.6,5.0,79.66,58.19,46.44,65.67,10.53,740.2,3.15,1764.8,484.0,Lathe,Steel,Morning,Experienced,Line_C,1,0,1,0,1,1,0,0,0,0,0,0,0,0,0,0,No Defect
3429,75.81,140.0,1.7,113.9,55.73,,48.02,3.18,738.3,2.38,833.3,450.0,CNC,Plastic,Evening,New,Line_A,0,0,0,1,0,0,1,0,0,0,0,0,0,1,0,0,No Defect
3430,74.59,120.62,2.0,101.69,60.66,53.18,54.42,4.19,764.0,2.71,1035.3,563.0,CNC,Composite,Night,Expert,Line_A,0,0,0,0,0,0,0,0,0,0,1,0,1,0,1,0,No Defect
3431,,116.97,2.08,81.1,58.09,56.12,50.91,4.69,648.0,3.4,796.2,510.0,Injection_Molding,Alloy,Morning,New,Line_D,0,0,0,0,0,0,0,0,0,0,1,0,0,1,0,0,No Defect
3432,74.92,124.95,3.32,105.66,74.44,53.46,77.44,8.55,742.0,4.02,1134.8,410.0,Lathe,Aluminum,Morning,Expert,Line_A,0,0,0,0,0,1,1,1,1,0,0,0,0,0,0,0,No Defect
3433,72.02,113.07,3.31,101.96,60.84,45.41,37.02,3.95,812.7,2.91,1467.5,673.0,Milling,Aluminum,Night,Experienced,Line_C,0,0,0,0,0,0,0,0,0,0,1,0,1,0,1,0,No Defect
3434,77.18,119.12,3.2,108.32,72.58,52.39,69.69,,687.6,3.08,1896.0,319.0,CNC,Alloy,Night,Intermediate,Line_D,0,0,1,0,0,1,1,0,1,0,0,0,1,0,0,1,Dimensional Defect
3435,74.81,129.34,4.28,105.95,68.12,51.64,31.14,3.38,855.0,2.69,1469.2,447.0,Lathe,Plastic,Night,Intermediate,Line_A,0,1,0,1,1,0,1,0,0,0,0,0,1,0,0,0,No Defect
3436,74.83,107.26,4.23,95.65,61.44,53.63,63.9,11.43,681.1,2.78,2503.7,276.0,Lathe,Composite,Evening,Intermediate,Line_B,1,0,0,0,1,1,0,0,0,1,0,0,0,0,0,0,No Defect
3437,73.85,109.57,2.93,84.18,68.23,48.17,49.53,6.43,766.5,3.43,,527.0,Lathe,Steel,Morning,Experienced,Line_C,0,0,0,0,0,0,0,0,0,0,1,0,0,0,0,0,No Defect
3438,82.01,116.95,2.42,100.14,65.09,45.36,41.26,3.79,869.5,3.25,736.1,473.0,CNC,Alloy,Night,Intermediate,Line_A,0,1,1,0,0,0,0,0,0,0,0,0,1,0,1,1,Dimensional Defect
3439,79.05,113.14,3.72,112.22,52.94,55.84,33.91,5.68,837.1,3.36,1537.3,525.0,Injection_Molding,Steel,Morning,Intermediate,Line_A,0,1,1,0,1,0,1,0,0,0,1,0,0,0,1,1,Material Defect
3440,85.31,114.34,2.61,130.0,68.72,48.46,42.51,3.44,826.9,2.17,1755.4,397.0,Press,Aluminum,Morning,Expert,Line_A,0,1,1,0,0,0,1,0,0,0,0,0,0,0,0,0,No Defect
3441,69.85,109.05,3.72,71.59,54.42,59.5,46.05,2.9,759.5,2.8,536.2,383.0,Lathe,Composite,Night,Intermediate,Line_A,0,0,0,0,1,0,0,0,0,0,0,0,1,0,0,0,No Defect
3442,75.13,101.25,3.51,97.09,70.04,61.64,60.41,9.42,658.9,3.34,1887.6,,Milling,Alloy,Night,Experienced,Line_A,1,0,0,0,0,0,0,0,1,0,0,0,1,0,0,0,No Defect
3443,70.14,113.15,2.31,77.43,45.33,40.28,34.4,2.32,764.0,2.25,822.7,375.0,Press,Plastic,Evening,Expert,Line_C,0,0,0,0,0,0,0,0,0,0,0,0,0,0,0,0,No Defect
3444,79.32,119.68,3.78,101.88,55.9,62.28,35.98,1.39,855.7,2.65,759.0,,Lathe,Aluminum,Evening,New,Line_A,0,1,1,0,1,0,0,0,0,0,0,0,0,1,0,0,No Defect
3445,80.78,124.98,2.92,119.3,68.56,46.48,44.53,4.32,846.8,2.85,1144.1,327.0,Press,Steel,Night,Expert,Line_A,0,1,1,0,0,0,1,0,0,0,0,0,1,0,0,0,No Defect
3446,67.08,108.4,4.28,74.07,58.53,48.37,54.02,13.1,718.6,3.83,1941.7,403.0,Milling,Aluminum,Evening,Intermediate,Line_C,1,0,0,0,1,0,0,1,0,0,0,0,0,0,0,0,No Defect
3447,72.64,100.96,3.6,96.25,55.69,56.99,58.21,10.01,770.0,3.09,1988.6,266.0,Lathe,Alloy,Morning,New,Line_B,1,0,0,0,0,0,0,0,0,0,0,0,0,1,0,0,No Defect
3448,74.39,115.75,1.87,85.11,53.33,54.41,52.08,3.38,685.6,3.63,971.3,329.0,Injection_Molding,Composite,Night,New,Line_C,0,0,0,0,0,0,0,0,0,0,0,0,1,1,0,0,No Defect
3449,75.86,115.34,3.21,107.22,,44.08,34.3,2.79,888.3,2.9,1087.5,487.0,Lathe,Aluminum,Evening,Expert,Line_B,0,1,0,0,0,0,1,0,0,0,0,0,0,0,1,0,No Defect
3450,74.96,103.76,2.48,89.43,54.49,53.74,57.17,3.79,758.9,3.47,1086.0,431.0,Milling,Aluminum,Morning,Experienced,Line_D,0,0,0,0,0,0,0,0,0,0,0,0,0,0,0,0,No Defect
3451,77.63,124.3,2.71,117.09,51.58,60.25,41.33,0.5,887.9,2.83,1520.5,372.0,Press,Plastic,Night,New,Line_D,0,1,1,0,0,0,1,0,0,0,0,0,1,1,0,0,No Defect
3452,71.67,109.8,2.5,87.43,65.02,41.41,51.09,6.04,688.1,3.29,863.0,353.0,CNC,Steel,Evening,Intermediate,Line_A,0,0,0,0,0,0,0,0,0,0,0,0,0,0,0,0,No Defect
3453,74.83,109.92,4.05,104.68,60.55,56.1,54.62,15.44,706.3,2.93,2242.0,312.0,CNC,Alloy,Evening,Expert,Line_A,1,0,0,0,1,0,0,0,0,1,0,0,0,0,0,1,Surface Defect
3454,75.27,128.76,2.13,130.0,69.87,58.28,54.42,5.67,763.5,4.43,1227.1,468.0,Lathe,Steel,Night,New,Line_D,0,0,0,1,0,0,1,1,0,0,0,0,1,1,0,0,No Defect
3455,73.63,125.02,2.0,86.16,63.56,,49.72,0.5,633.3,3.32,864.7,413.0,Lathe,Steel,Evening,Intermediate,Line_B,0,0,0,1,0,0,0,0,0,0,0,0,0,0,0,1,Structural Defect
3456,74.62,117.19,1.79,74.5,51.91,55.57,59.87,5.32,693.5,3.11,949.6,204.0,Press,Plastic,Night,Intermediate,Line_A,0,0,0,0,0,0,0,0,0,0,0,0,1,0,0,0,No Defect
3457,67.59,108.76,1.58,92.38,52.29,46.04,46.57,2.86,736.0,3.66,721.0,351.0,Lathe,Composite,Night,Experienced,Line_A,0,0,0,0,0,0,0,0,0,0,0,0,1,0,0,0,No Defect
3458,76.47,,2.71,111.67,67.9,48.14,51.06,4.92,803.0,3.39,890.2,421.0,Press,Steel,Night,Intermediate,Line_B,0,0,0,0,0,0,1,0,0,0,0,0,1,0,0,0,No Defect
3459,72.87,119.01,2.84,123.09,58.52,50.94,44.79,2.6,768.5,1.84,,410.0,Lathe,Plastic,Evening,Experienced,Line_C,0,0,0,0,0,0,1,0,0,0,0,0,0,0,0,0,No Defect
3460,79.38,132.66,2.39,121.93,72.81,44.5,39.76,0.83,794.7,2.66,1195.8,552.0,Press,Steel,Morning,Experienced,Line_B,0,0,1,1,0,0,1,0,1,0,1,0,0,0,1,1,Assembly Defect
3461,84.54,113.86,2.6,97.5,57.84,45.72,42.86,2.13,852.1,2.64,1126.2,466.0,CNC,Composite,Evening,Experienced,Line_A,0,1,1,0,0,0,0,0,0,0,0,0,0,0,1,0,No Defect
3462,75.78,123.68,4.69,106.17,69.95,57.06,57.58,12.26,735.9,3.38,2290.2,467.0,CNC,Aluminum,Morning,Expert,Line_A,1,0,0,0,1,0,1,0,0,1,0,0,0,0,0,0,No Defect
3463,76.77,113.35,3.45,114.46,59.7,50.21,44.38,3.53,848.4,2.76,1269.1,462.0,Milling,Steel,Morning,Experienced,Line_B,0,1,0,0,0,0,1,0,0,0,0,0,0,0,0,0,No Defect
3464,70.98,129.72,4.08,87.62,46.12,60.52,44.34,8.2,796.7,2.88,1279.9,379.0,CNC,Plastic,Evening,Expert,Line_A,0,0,0,1,1,0,0,0,0,0,0,0,0,0,0,0,No Defect
3465,73.26,128.26,3.04,130.0,76.83,46.87,48.85,4.77,773.8,4.82,1494.2,391.0,Lathe,Steel,Night,Intermediate,Line_A,0,0,0,1,0,0,1,1,1,0,0,0,1,0,0,0,No Defect
3466,73.11,122.06,1.0,89.58,60.02,58.44,67.82,1.73,655.6,3.59,606.5,627.0,CNC,Plastic,Morning,New,Line_C,0,0,0,0,0,1,0,0,0,0,1,0,0,1,0,0,No Defect
3467,79.54,121.32,3.18,107.94,60.02,53.81,45.84,6.77,813.9,2.58,620.8,450.0,CNC,Alloy,Night,Expert,Line_B,0,0,1,0,0,0,1,0,0,0,0,0,1,0,0,1,Structural Defect
3468,74.3,125.32,1.93,98.43,69.41,48.49,,2.88,834.4,3.58,1512.9,392.0,CNC,Aluminum,Night,Expert,Line_C,0,1,0,1,0,0,0,0,0,0,0,0,1,0,0,0,No Defect
3469,73.55,116.72,3.51,105.79,46.11,52.76,66.3,11.3,741.5,3.21,2018.0,146.0,Press,Plastic,Morning,Intermediate,Line_D,1,0,0,0,0,1,1,0,0,1,0,0,0,0,0,0,No Defect
3470,69.67,112.31,4.05,81.38,62.01,43.67,44.9,5.62,763.2,2.99,,532.0,CNC,Aluminum,Night,Expert,Line_D,0,0,0,0,1,0,0,0,0,0,1,0,1,0,0,0,No Defect
3471,67.13,120.65,4.13,97.78,46.58,54.64,73.01,9.67,675.1,3.14,2147.6,281.0,Press,Plastic,Morning,Experienced,Line_B,1,0,0,0,1,1,0,0,0,1,0,0,0,0,0,0,No Defect
3472,77.54,112.89,2.32,114.21,47.64,53.75,40.87,5.16,856.3,2.81,1046.9,440.0,Milling,Plastic,Evening,New,Line_B,0,1,1,0,0,0,1,0,0,0,0,0,0,1,0,0,No Defect
3473,75.33,111.94,2.95,84.77,61.23,47.04,45.63,4.56,737.2,3.16,708.5,448.0,Lathe,Steel,Morning,Experienced,Line_A,0,0,0,0,0,0,0,0,0,0,0,0,0,0,0,0,No Defect
3474,77.88,140.0,2.64,106.06,74.4,41.57,64.39,4.81,712.6,5.29,1771.5,386.0,CNC,Composite,Morning,Expert,Line_A,0,0,1,1,0,1,1,1,1,0,0,0,0,0,0,1,Material Defect
3475,71.53,122.91,3.11,99.6,61.48,48.47,56.7,4.33,672.8,3.17,851.4,326.0,Press,Aluminum,Night,Intermediate,Line_B,0,0,0,0,0,0,0,0,0,0,0,0,1,0,0,0,No Defect
3476,73.27,124.42,5.12,113.21,56.99,60.54,61.06,9.75,727.5,3.8,2371.4,357.0,CNC,Aluminum,Night,Intermediate,Line_A,1,0,0,0,1,0,1,1,0,1,0,0,1,0,0,1,Assembly Defect
3477,69.25,109.6,2.76,85.33,48.89,45.88,51.69,7.95,694.0,2.78,959.6,416.0,Press,Plastic,Night,Intermediate,Line_C,1,0,0,0,0,0,0,0,0,0,0,0,1,0,0,0,No Defect
3478,73.17,113.05,1.0,86.53,59.25,52.9,50.27,4.83,,3.63,1002.2,408.0,Injection_Molding,Steel,Evening,Expert,Line_C,0,0,0,0,0,0,0,0,0,0,0,0,0,0,0,0,No Defect
3479,73.57,112.8,3.75,88.62,83.98,53.46,66.7,7.85,619.0,3.46,2298.5,285.0,Lathe,Steel,Evening,New,Line_B,1,0,0,0,1,1,0,0,1,1,0,0,0,1,0,0,No Defect
3480,73.67,120.51,1.94,78.1,51.39,51.39,53.53,2.91,641.7,2.9,975.3,405.0,Milling,Plastic,Morning,Intermediate,Line_B,0,0,0,0,0,0,0,0,0,0,0,0,0,0,0,0,No Defect
3481,72.8,113.05,3.3,80.42,48.08,48.43,45.63,2.35,748.1,3.57,1039.5,386.0,Milling,Plastic,Night,Intermediate,Line_B,0,0,0,0,0,0,0,0,0,0,0,0,1,0,0,1,Surface Defect
3482,72.33,127.03,1.26,87.66,45.0,52.72,33.88,5.07,751.8,2.88,870.6,525.0,Press,Plastic,Night,Experienced,Line_B,0,0,0,1,0,0,0,0,0,0,1,0,1,0,0,0,No Defect
3483,70.85,109.4,2.05,,73.05,47.73,43.99,0.5,764.8,4.01,1151.2,385.0,CNC,Steel,Evening,Intermediate,Line_B,0,0,0,0,0,0,0,1,1,0,0,0,0,0,0,0,No Defect
3484,67.06,110.08,4.28,97.38,57.59,58.45,69.53,12.03,676.1,2.71,2105.5,394.0,Lathe,Alloy,Evening,Experienced,Line_A,1,0,0,0,1,1,0,0,0,1,0,0,0,0,0,1,Surface Defect
3485,74.97,106.2,3.15,96.72,60.36,61.42,56.04,11.4,594.0,3.2,1951.8,350.0,Press,Steel,Night,Experienced,Line_D,1,0,0,0,0,0,0,0,0,0,0,0,1,0,0,0,No Defect
3486,72.66,119.36,2.31,125.25,55.61,39.4,45.04,0.73,798.1,2.67,1141.1,285.0,Injection_Molding,Steel,Morning,Experienced,Line_C,0,0,0,0,0,0,1,0,0,0,0,0,0,0,0,0,No Defect
3487,76.77,109.21,3.4,85.72,56.05,42.31,43.7,4.47,782.5,2.99,1160.4,390.0,Press,Composite,Night,Experienced,Line_B,0,0,0,0,0,0,0,0,0,0,0,0,1,0,0,0,No Defect
3488,77.28,109.95,2.09,84.09,60.94,56.37,46.73,2.3,777.5,3.21,753.7,474.0,CNC,Aluminum,Morning,Expert,Line_B,0,0,1,0,0,0,0,0,0,0,0,0,0,0,0,0,No Defect
3489,76.8,122.82,5.83,103.45,56.48,35.9,64.85,9.51,605.1,2.58,2394.0,301.0,Press,Alloy,Morning,Expert,Line_C,1,0,0,0,1,1,0,0,0,1,0,0,0,0,0,0,No Defect
3490,72.78,123.9,2.37,88.69,70.19,57.52,52.13,3.27,,2.85,647.6,296.0,Press,Steel,Morning,New,Line_A,0,0,0,0,0,0,0,0,1,0,0,0,0,1,0,0,No Defect
3491,75.36,111.08,1.79,91.45,47.22,61.45,48.3,4.55,783.9,3.33,773.9,527.0,Press,Steel,Morning,Intermediate,Line_A,0,0,0,0,0,0,0,0,0,0,1,0,0,0,1,0,No Defect
3492,75.46,115.2,1.3,73.56,58.58,47.62,49.93,0.5,717.3,3.11,1102.3,361.0,Injection_Molding,Alloy,Night,Expert,Line_B,0,0,0,0,0,0,0,0,0,0,0,0,1,0,0,0,No Defect
3493,79.97,127.96,1.44,75.83,72.35,53.41,41.41,5.65,789.3,2.81,1341.4,456.0,Press,Steel,Evening,Experienced,Line_C,0,0,1,1,0,0,0,0,1,0,0,0,0,0,1,0,No Defect
3494,69.2,114.21,1.38,78.58,58.83,55.89,62.73,2.67,774.3,3.12,732.7,391.0,CNC,Alloy,Evening,Experienced,Line_B,0,0,0,0,0,1,0,0,0,0,0,0,0,0,0,0,No Defect
3495,77.64,121.37,2.93,120.73,61.25,55.68,45.01,0.5,,2.07,1235.6,447.0,Milling,Composite,Morning,Intermediate,Line_D,0,0,1,0,0,0,1,0,0,0,0,0,0,0,0,0,No Defect
3496,68.35,109.43,2.73,95.94,56.65,44.94,39.83,2.29,774.7,3.21,930.1,593.0,Lathe,Steel,Night,Expert,Line_B,0,0,0,0,0,0,0,0,0,0,1,0,1,0,0,0,No Defect
3497,76.87,97.45,5.43,81.89,61.05,53.21,69.76,10.97,621.9,4.15,2053.2,343.0,Lathe,Steel,Morning,Experienced,Line_A,1,0,0,0,1,1,0,1,0,1,0,0,0,0,0,0,No Defect
3498,73.41,127.61,3.13,128.74,84.44,53.11,51.83,5.43,708.5,4.15,1335.3,391.0,Milling,Steel,Morning,Intermediate,Line_C,0,0,0,1,0,0,1,1,1,0,0,0,0,0,0,0,No Defect
3499,81.01,126.09,2.91,129.15,85.0,45.06,52.73,3.11,714.0,4.08,2216.8,302.0,Lathe,Steel,Morning,Expert,Line_B,0,0,1,1,0,0,1,1,1,1,0,0,0,0,0,0,No Defect
3500,82.68,125.19,2.49,111.25,68.33,,,6.23,799.8,3.7,,368.0,Press,Steel,Morning,New,Line_A,0,0,1,1,0,0,1,1,0,0,0,0,0,1,0,0,No Defect
3501,80.81,103.74,5.18,97.71,57.39,60.47,60.99,7.74,670.9,3.03,2072.1,443.0,CNC,Plastic,Evening,Experienced,Line_C,1,0,1,0,1,0,0,0,0,1,0,0,0,0,0,1,Surface Defect
3502,77.53,119.64,3.88,106.36,49.97,46.5,46.69,6.02,833.2,2.61,1417.0,513.0,Lathe,Aluminum,Morning,Experienced,Line_C,0,1,1,0,1,0,1,0,0,0,1,0,0,0,1,1,Material Defect
3503,75.24,115.65,2.11,92.63,61.05,61.24,45.12,1.66,778.2,3.37,1071.7,377.0,Injection_Molding,Composite,Night,Expert,Line_D,0,0,0,0,0,0,0,0,0,0,0,0,1,0,0,0,No Defect
3504,72.43,104.17,4.73,87.23,59.06,49.36,66.0,10.1,715.3,3.1,2249.1,363.0,CNC,Plastic,Morning,Experienced,Line_D,1,0,0,0,1,1,0,0,0,1,0,0,0,0,0,1,Surface Defect
3505,72.14,123.99,2.68,108.05,48.15,47.23,27.78,7.21,851.3,2.9,1585.9,500.0,CNC,Alloy,Morning,Intermediate,Line_C,0,1,0,0,0,0,1,0,0,0,0,0,0,0,1,0,No Defect
3506,73.34,111.7,2.3,90.85,53.73,50.32,50.55,2.62,744.5,3.52,364.5,365.0,Lathe,Alloy,Evening,New,Line_D,0,0,0,0,0,0,0,0,0,0,0,0,0,1,0,0,No Defect
3507,74.07,122.57,2.65,94.61,61.69,59.36,49.86,0.95,653.4,3.46,572.0,428.0,Milling,Steel,Morning,New,Line_C,0,0,0,0,0,0,0,1,0,0,0,0,0,1,0,0,No Defect
3508,69.65,108.36,1.85,72.98,58.94,45.44,49.66,5.61,687.3,3.46,877.3,414.0,Milling,Steel,Morning,Experienced,Line_A,0,0,0,0,0,0,0,0,0,0,0,0,0,0,0,0,No Defect
3509,73.29,113.65,2.87,87.51,53.88,48.15,51.18,3.83,640.7,3.07,1199.0,295.0,CNC,Alloy,Night,Intermediate,Line_B,0,0,0,0,0,0,0,0,0,0,0,0,1,0,0,0,No Defect
3510,77.9,134.73,3.36,120.64,85.0,53.9,67.24,5.62,633.9,4.49,1591.0,486.0,Lathe,Steel,Morning,Experienced,Line_B,0,0,1,1,0,1,1,1,1,0,0,0,0,0,0,1,Structural Defect
3511,76.73,106.44,2.92,119.82,71.46,35.0,32.55,5.5,911.3,2.87,1098.1,488.0,Milling,Alloy,Morning,Experienced,Line_C,0,1,0,0,0,0,1,0,1,0,0,0,0,0,1,1,Assembly Defect
3512,74.23,,,93.15,45.76,40.65,39.22,4.09,792.4,3.05,1369.9,492.0,CNC,Plastic,Morning,Experienced,Line_B,0,0,0,0,0,0,0,0,0,0,0,0,0,0,1,0,No Defect
3513,74.71,135.25,2.52,129.1,79.39,49.12,70.09,5.62,740.1,3.92,2634.6,490.0,Injection_Molding,Plastic,Morning,Expert,Line_D,0,0,0,1,0,1,1,1,1,1,0,0,0,0,0,1,Structural Defect
3514,76.64,104.69,4.84,99.67,64.73,43.59,63.89,10.13,687.1,3.53,2011.4,280.0,Injection_Molding,Steel,Night,Intermediate,Line_A,1,0,0,0,1,1,0,0,0,1,0,0,1,0,0,1,Surface Defect
3515,74.39,128.26,3.22,110.86,82.32,54.53,51.24,,689.8,4.3,1497.1,492.0,Milling,Steel,Evening,Experienced,Line_B,0,0,0,1,0,0,1,1,1,0,0,0,0,0,0,0,No Defect
3516,69.0,114.04,2.99,104.09,78.26,51.13,34.24,4.0,789.0,3.59,150.2,478.0,Lathe,Steel,Evening,Intermediate,Line_B,0,0,0,0,0,0,1,1,1,0,0,0,0,0,1,0,No Defect
3517,72.52,123.97,1.08,86.07,60.94,55.75,38.13,5.91,710.1,3.26,1194.0,369.0,CNC,Aluminum,Night,Experienced,Line_C,0,0,0,0,0,0,0,0,0,0,0,0,1,0,0,0,No Defect
3518,77.78,121.49,1.46,103.86,51.45,47.54,42.44,3.1,817.9,2.94,990.4,413.0,Press,Plastic,Morning,Experienced,Line_C,0,0,1,0,0,0,0,0,0,0,0,0,0,0,0,0,No Defect
3519,78.9,127.59,3.06,106.34,82.09,52.08,62.95,5.53,605.4,5.01,1392.6,355.0,Injection_Molding,Composite,Evening,Experienced,Line_D,0,0,1,1,0,1,1,1,1,0,0,0,0,0,0,0,No Defect
3520,70.77,119.01,5.62,100.73,57.02,47.43,59.35,12.54,671.1,3.61,1475.6,337.0,CNC,Aluminum,Morning,Expert,Line_D,1,0,0,0,1,0,0,0,0,0,0,0,0,0,0,0,No Defect
3521,76.39,126.76,,106.68,58.27,53.29,36.02,1.68,942.3,2.53,1479.9,505.0,Milling,Steel,Night,Intermediate,Line_C,0,1,1,1,0,0,1,0,0,0,1,0,1,0,1,0,No Defect
3522,71.97,114.85,3.32,88.31,68.2,62.81,52.16,12.38,705.9,2.81,1770.6,421.0,Press,Steel,Evening,Expert,Line_A,1,0,0,0,0,0,0,0,1,0,0,0,0,0,0,0,No Defect
3523,75.94,115.2,3.45,95.05,61.52,48.96,50.66,5.69,727.9,3.18,953.4,436.0,Lathe,Aluminum,Morning,Experienced,Line_D,0,0,0,0,0,0,0,0,0,0,0,0,0,0,0,1,Assembly Defect
3524,77.6,118.95,3.31,122.39,52.6,51.36,43.18,8.65,791.6,2.66,1123.8,450.0,CNC,Composite,Night,Experienced,Line_A,0,0,1,0,0,0,1,0,0,0,0,0,1,0,0,0,No Defect
3525,69.9,118.37,3.11,109.68,58.57,49.7,43.44,2.45,884.2,3.15,1262.3,510.0,CNC,Steel,Evening,Expert,Line_D,0,1,0,0,0,0,1,0,0,0,1,0,0,0,1,0,No Defect
3526,77.3,108.07,3.36,127.97,53.75,59.11,58.96,2.79,766.9,2.74,1331.7,499.0,Milling,Aluminum,Morning,Experienced,Line_D,0,0,1,0,0,0,1,0,0,0,1,0,0,0,0,0,No Defect
3527,73.5,125.18,2.65,127.2,59.29,53.63,52.14,6.34,850.9,2.6,848.4,465.0,Injection_Molding,Steel,Night,Expert,Line_B,0,1,0,1,0,0,1,0,0,0,0,0,1,0,1,0,No Defect
3528,75.59,103.13,2.85,71.93,64.99,39.35,51.35,2.75,707.8,3.46,1310.8,352.0,CNC,Aluminum,Morning,New,Line_B,0,0,0,0,0,0,0,0,0,0,0,0,0,1,0,0,No Defect
3529,70.41,122.06,2.02,78.76,55.51,46.45,75.81,4.01,692.1,3.47,854.2,429.0,CNC,Plastic,Morning,Experienced,Line_A,0,0,0,0,0,1,0,0,0,0,0,0,0,0,0,0,No Defect
3530,73.88,121.71,2.84,71.79,53.94,46.49,41.47,6.73,767.3,2.68,428.8,292.0,CNC,Composite,Morning,Expert,Line_C,0,0,0,0,0,0,0,0,0,0,0,0,0,0,0,0,No Defect
3531,72.32,115.33,2.64,102.85,64.39,51.47,54.38,6.81,710.3,3.04,1308.0,,Milling,Alloy,Night,Expert,Line_D,0,0,0,0,0,0,1,0,0,0,0,0,1,0,0,0,No Defect
3532,71.14,119.97,1.7,119.45,77.28,42.52,53.29,4.7,688.9,3.93,1693.7,443.0,CNC,Aluminum,Night,Expert,Line_B,0,0,0,0,0,0,1,1,1,0,0,0,1,0,0,0,No Defect
3533,76.73,116.63,2.49,121.25,58.28,50.72,47.95,7.0,880.9,3.47,1027.5,345.0,CNC,Aluminum,Morning,Experienced,Line_A,0,1,0,0,0,0,1,0,0,0,0,0,0,0,0,0,No Defect
3534,78.53,112.15,4.71,101.37,62.7,51.09,56.03,8.59,763.9,3.11,2078.6,277.0,CNC,Aluminum,Morning,Expert,Line_C,0,0,1,0,1,0,0,0,0,1,0,0,0,0,0,0,No Defect
3535,72.68,110.5,3.05,88.49,60.37,57.39,46.08,1.02,730.0,3.66,913.1,,Lathe,Steel,Morning,Intermediate,Line_D,0,0,0,0,0,0,0,0,0,0,0,0,0,0,0,0,No Defect
3536,76.45,109.26,3.21,106.81,50.52,39.62,42.73,1.75,778.5,2.26,799.0,395.0,Milling,Plastic,Night,Experienced,Line_D,0,0,0,0,0,0,1,0,0,0,0,0,1,0,0,0,No Defect
3537,77.83,134.89,3.27,99.71,76.52,50.72,52.74,6.29,649.2,3.86,1696.2,300.0,Injection_Molding,Aluminum,Night,Expert,Line_B,0,0,1,1,0,0,0,1,1,0,0,0,1,0,0,1,Structural Defect
3538,74.84,111.67,3.67,91.1,65.73,56.48,42.29,6.19,788.3,3.29,2512.7,450.0,Milling,Steel,Evening,Intermediate,Line_A,0,0,0,0,1,0,0,0,0,1,0,0,0,0,0,1,Surface Defect
3539,73.95,108.81,2.75,82.63,66.6,43.46,56.25,5.68,665.9,3.23,784.0,396.0,Lathe,Alloy,Morning,New,Line_D,0,0,0,0,0,0,0,0,0,0,0,0,0,1,0,0,No Defect
3540,76.4,120.63,4.31,114.97,58.74,45.77,40.0,3.45,855.0,3.58,1513.9,356.0,Milling,Steel,Morning,Intermediate,Line_B,0,1,0,0,1,0,1,0,0,0,0,0,0,0,0,0,No Defect
3541,68.93,114.04,3.18,93.16,65.23,35.0,51.11,4.97,690.1,3.17,1203.2,327.0,Milling,Aluminum,Morning,Experienced,Line_B,0,0,0,0,0,0,0,0,0,0,0,0,0,0,0,0,No Defect
3542,73.03,109.62,1.37,77.67,52.14,45.05,49.21,5.24,782.4,3.34,823.9,476.0,Injection_Molding,Plastic,Morning,Experienced,Line_B,0,0,0,0,0,0,0,0,0,0,0,0,0,0,1,0,No Defect
3543,74.13,127.08,,123.98,58.98,51.87,32.08,0.5,878.5,1.87,1162.5,528.0,Lathe,Steel,Evening,Experienced,Line_C,0,1,0,1,0,0,1,0,0,0,1,0,0,0,1,1,Structural Defect
3544,73.26,108.61,4.93,97.37,63.14,50.54,50.53,10.77,713.0,3.42,2264.9,322.0,Milling,Steel,Evening,Experienced,Line_A,1,0,0,0,1,0,0,0,0,1,0,0,0,0,0,1,Structural Defect
3545,81.01,116.01,4.22,99.61,70.37,57.59,40.0,7.28,804.7,2.57,1154.2,319.0,Milling,Alloy,Evening,Experienced,Line_C,0,0,1,0,1,0,0,0,1,0,0,0,0,0,0,0,No Defect
3546,75.18,125.1,4.39,103.23,61.03,53.47,70.52,13.21,625.6,2.92,1901.1,295.0,CNC,Steel,Morning,Experienced,Line_D,1,0,0,1,1,1,1,0,0,0,0,0,0,0,0,1,Surface Defect
3547,77.55,108.05,4.43,113.32,57.89,56.05,54.32,5.66,779.8,2.74,1171.0,448.0,Injection_Molding,Composite,Morning,Experienced,Line_B,0,0,1,0,1,0,1,0,0,0,0,0,0,0,0,0,No Defect
3548,72.55,117.06,2.67,95.53,64.3,45.38,44.94,6.37,744.4,3.59,1002.0,270.0,Lathe,Steel,Morning,New,Line_D,0,0,0,0,0,0,0,0,0,0,0,0,0,1,0,0,No Defect
3549,72.3,111.32,1.83,80.15,52.28,50.77,31.41,2.59,796.2,3.31,,312.0,Milling,Alloy,Night,Experienced,Line_A,0,1,0,0,0,0,0,0,0,0,0,0,1,0,0,0,No Defect
3550,67.51,106.95,4.25,91.44,60.85,54.58,68.63,8.17,662.4,3.96,1912.2,338.0,Lathe,Aluminum,Night,Intermediate,Line_A,0,0,0,0,1,1,0,1,0,0,0,0,1,0,0,0,No Defect
3551,77.88,122.21,2.2,126.3,77.49,41.47,69.87,5.13,697.0,3.9,1769.5,411.0,Press,Steel,Morning,Experienced,Line_D,0,0,1,0,0,1,1,1,1,0,0,0,0,0,0,0,No Defect
3552,67.09,114.02,3.18,84.77,64.59,48.75,57.32,5.92,,3.61,777.5,397.0,Lathe,Alloy,Evening,Intermediate,Line_D,0,0,0,0,0,0,0,1,0,0,0,0,0,0,0,0,No Defect
3553,73.91,130.56,,94.69,68.93,49.56,50.52,5.37,774.7,4.03,1686.2,616.0,Milling,Plastic,Evening,Intermediate,Line_C,0,0,0,1,0,0,0,1,1,0,1,0,0,0,0,0,No Defect
3554,77.93,112.23,3.61,93.65,57.05,44.95,56.08,6.63,748.9,2.6,1179.7,431.0,Lathe,Aluminum,Morning,Intermediate,Line_A,0,0,1,0,0,0,0,0,0,0,0,0,0,0,0,0,No Defect
3555,75.45,105.96,4.57,98.87,53.93,49.23,74.59,12.53,593.2,3.54,2461.9,322.0,CNC,Composite,Morning,Expert,Line_A,1,0,0,0,1,1,0,0,0,1,0,0,0,0,0,0,No Defect
3556,74.76,103.49,3.53,89.45,78.08,58.19,57.08,10.11,674.1,3.61,2043.9,403.0,Lathe,Steel,Morning,Expert,Line_C,1,0,0,0,0,0,0,0,1,1,0,0,0,0,0,0,No Defect
3557,79.93,114.45,4.95,94.48,58.01,53.91,59.28,10.19,655.8,3.65,1979.9,336.0,CNC,Steel,Morning,Expert,Line_A,1,0,1,0,1,0,0,0,0,0,0,0,0,0,0,1,Surface Defect
3558,78.51,115.62,1.95,94.09,72.69,37.66,54.77,2.31,704.0,3.65,649.9,325.0,Injection_Molding,Steel,Morning,Experienced,Line_D,0,0,1,0,0,0,0,0,1,0,0,0,0,0,0,1,Material Defect
3559,72.82,129.52,3.61,93.01,58.61,54.81,36.12,3.53,827.1,2.57,970.6,543.0,Lathe,Alloy,Morning,Expert,Line_C,0,1,0,1,1,0,0,0,0,0,1,0,0,0,1,0,No Defect
3560,68.54,111.01,3.5,84.67,62.36,56.58,66.04,13.1,743.9,3.3,2143.2,428.0,Press,Aluminum,Evening,Experienced,Line_B,1,0,0,0,0,1,0,0,0,1,0,0,0,0,0,0,No Defect
3561,71.86,121.54,2.72,90.99,71.89,40.83,51.16,5.58,730.1,3.23,689.2,422.0,Milling,Steel,Night,Experienced,Line_A,0,0,0,0,0,0,0,0,1,0,0,0,1,0,0,0,No Defect
3562,73.99,107.83,4.35,86.82,65.55,49.99,64.21,11.86,676.8,2.61,2414.7,368.0,CNC,Alloy,Night,Intermediate,Line_A,1,0,0,0,1,1,0,0,0,1,0,0,1,0,0,1,Structural Defect
3563,71.62,133.01,1.48,118.58,68.87,58.34,51.29,6.16,718.1,4.08,1822.4,467.0,Injection_Molding,Aluminum,Night,Experienced,Line_A,0,0,0,1,0,0,1,1,0,0,0,0,1,0,0,0,No Defect
3564,75.11,124.61,3.81,125.24,82.92,51.63,68.47,5.93,657.3,4.12,2316.9,514.0,Lathe,Steel,Night,Intermediate,Line_C,0,0,0,1,1,1,1,1,1,1,1,0,1,0,0,1,Surface Defect
3565,76.52,110.1,3.08,109.47,71.5,62.78,46.24,4.46,840.8,3.2,1020.4,502.0,CNC,Alloy,Morning,New,Line_A,0,1,0,0,0,0,1,0,1,0,1,1,0,1,1,1,Assembly Defect
3566,75.93,129.15,3.2,130.0,84.46,53.07,68.33,4.99,693.2,5.5,2377.2,317.0,Milling,Steel,Night,Expert,Line_D,0,0,1,1,0,1,1,1,1,1,0,0,1,0,0,1,Material Defect
3567,67.31,113.83,3.57,69.36,54.91,66.2,73.03,13.81,659.4,2.51,1835.7,361.0,Lathe,Aluminum,Morning,Expert,Line_C,1,0,0,0,0,1,0,0,0,0,0,1,0,0,0,0,No Defect
3568,70.23,131.98,2.34,92.88,52.33,41.99,45.64,2.99,697.1,3.46,515.7,388.0,Press,Plastic,Evening,Expert,Line_B,0,0,0,1,0,0,0,0,0,0,0,0,0,0,0,0,No Defect
3569,72.55,126.52,2.2,110.0,73.42,47.96,58.7,3.63,737.7,3.32,1674.0,330.0,Press,Aluminum,Morning,New,Line_D,0,0,0,1,0,0,1,0,1,0,0,0,0,1,0,0,No Defect
3570,73.85,137.03,3.53,111.9,80.5,46.1,61.32,7.0,673.3,3.83,2067.7,475.0,CNC,Alloy,Evening,Experienced,Line_D,0,0,0,1,0,1,1,1,1,1,0,0,0,0,0,0,No Defect
3571,74.5,130.25,2.49,130.0,67.13,43.07,64.49,6.04,715.7,4.09,2024.8,486.0,Press,Composite,Night,Experienced,Line_A,0,0,0,1,0,1,1,1,0,1,1,0,1,0,0,0,No Defect
3572,78.42,137.97,2.27,125.71,85.0,61.37,52.27,7.38,749.9,4.48,1341.3,414.0,CNC,Steel,Morning,New,Line_D,0,0,1,1,0,0,1,1,1,0,0,0,0,1,0,1,Structural Defect
3573,75.49,104.54,3.29,111.89,64.13,60.26,37.41,4.03,834.4,3.02,1368.5,557.0,Injection_Molding,Steel,Night,New,Line_B,0,1,0,0,0,0,1,0,0,0,1,0,1,1,1,0,No Defect
3574,69.89,116.14,2.28,93.28,55.18,48.7,51.61,3.56,698.7,3.42,921.5,359.0,Press,Steel,Evening,Experienced,Line_D,0,0,0,0,0,0,0,0,0,0,0,0,0,0,0,0,No Defect
3575,74.04,132.53,3.12,120.32,65.31,50.99,70.08,4.17,708.7,4.5,,499.0,Milling,Plastic,Evening,Intermediate,Line_A,0,0,0,1,0,1,1,1,0,0,0,0,0,0,0,0,No Defect
3576,72.5,131.51,3.27,129.42,69.08,38.26,56.19,7.59,738.8,4.38,2425.1,431.0,Lathe,Alloy,Morning,Expert,Line_B,0,0,0,1,0,0,1,1,0,1,0,0,0,0,0,0,No Defect
3577,71.78,131.57,2.45,99.37,55.17,49.7,46.0,4.59,808.8,3.02,868.2,391.0,CNC,Aluminum,Evening,Experienced,Line_C,0,0,0,1,0,0,0,0,0,0,0,0,0,0,0,0,No Defect
3578,78.63,108.2,2.35,130.0,62.58,44.85,51.12,3.28,806.7,3.65,956.0,468.0,Injection_Molding,Steel,Evening,Intermediate,Line_A,0,0,1,0,0,0,1,0,0,0,0,0,0,0,0,0,No Defect
3579,79.22,103.34,2.59,107.61,68.67,43.71,72.27,14.06,749.0,3.76,2111.8,410.0,Lathe,Composite,Evening,Experienced,Line_D,1,0,1,0,0,1,1,1,0,1,0,0,0,0,0,1,Dimensional Defect
3580,74.7,115.63,3.13,112.28,46.1,45.57,44.7,4.95,912.1,3.09,1033.3,470.0,CNC,Aluminum,Evening,Intermediate,Line_B,0,1,0,0,0,0,1,0,0,0,0,0,0,0,0,1,Surface Defect
3581,75.83,126.27,2.25,105.59,83.88,61.19,74.23,2.8,667.2,3.93,1869.7,489.0,Milling,Alloy,Morning,Expert,Line_C,0,0,1,1,0,1,1,1,1,0,0,0,0,0,0,0,No Defect
3582,70.65,124.9,1.9,85.76,57.32,45.97,48.25,5.11,729.3,3.0,618.9,292.0,CNC,Plastic,Morning,Experienced,Line_A,0,0,0,0,0,0,0,0,0,0,0,0,0,0,0,0,No Defect
3583,71.44,135.23,2.47,106.3,67.04,46.36,49.26,5.28,808.9,4.75,2047.9,422.0,Injection_Molding,Alloy,Night,Intermediate,Line_A,0,0,0,1,0,0,1,1,1,1,0,0,1,0,0,0,No Defect
3584,75.08,120.72,1.66,77.85,69.31,49.71,45.99,2.29,686.6,2.88,852.0,455.0,CNC,Alloy,Morning,Intermediate,Line_B,0,0,0,0,0,0,0,0,0,0,0,0,0,0,0,0,No Defect
3585,74.63,102.88,2.88,109.31,67.82,64.15,54.61,8.75,706.5,2.61,2360.2,443.0,Press,Aluminum,Evening,Intermediate,Line_B,0,0,0,0,0,0,1,0,0,1,0,1,0,0,0,0,No Defect
3586,78.29,132.36,3.63,118.06,78.14,35.0,48.66,6.73,683.5,3.8,1701.9,450.0,Milling,Steel,Morning,Expert,Line_A,0,0,1,1,0,0,1,1,1,0,0,0,0,0,0,0,No Defect
3587,73.16,112.27,4.12,87.8,52.93,53.37,59.17,10.86,716.7,3.61,2027.3,310.0,CNC,Composite,Evening,New,Line_C,1,0,0,0,1,0,0,0,0,1,0,0,0,1,0,0,No Defect
3588,67.67,116.13,1.86,77.97,70.94,56.44,53.69,5.92,,3.44,391.0,360.0,CNC,Steel,Morning,Intermediate,Line_D,0,0,0,0,0,0,0,0,1,0,0,0,0,0,0,0,No Defect
3589,,134.79,2.43,119.35,71.85,50.25,50.47,7.23,699.3,4.14,1801.4,430.0,CNC,Plastic,Morning,Experienced,Line_A,0,0,0,1,0,0,1,1,1,0,0,0,0,0,0,1,Material Defect
3590,73.74,119.1,2.41,90.94,57.9,53.3,42.62,4.38,747.2,3.36,1268.5,310.0,Lathe,Steel,Morning,Expert,Line_A,0,0,0,0,0,0,0,0,0,0,0,0,0,0,0,0,No Defect
3591,73.79,105.92,3.44,111.55,76.26,45.98,59.84,7.82,749.3,4.82,1686.9,443.0,Lathe,Steel,Morning,Intermediate,Line_A,0,0,0,0,0,0,1,1,1,0,0,0,0,0,0,1,Structural Defect
3592,67.61,105.28,3.56,99.27,61.23,52.55,56.15,13.36,691.9,3.51,2556.9,442.0,Press,Aluminum,Morning,Experienced,Line_B,1,0,0,0,0,0,0,0,0,1,0,0,0,0,0,0,No Defect
3593,79.97,125.64,3.4,114.16,52.64,54.65,34.65,5.53,798.0,2.36,1565.0,476.0,Press,Alloy,Night,Expert,Line_D,0,1,1,1,1,0,1,0,0,0,0,0,1,0,1,1,Dimensional Defect
3594,69.81,122.81,2.14,96.45,63.8,,51.71,7.42,656.3,2.72,650.3,422.0,Press,Alloy,Evening,Experienced,Line_A,0,0,0,0,0,0,0,0,0,0,0,0,0,0,0,0,No Defect
3595,74.2,122.43,3.75,110.71,66.2,46.77,63.27,12.93,632.8,4.06,2043.2,418.0,Milling,Steel,Evening,Experienced,Line_A,1,0,0,0,1,1,1,1,0,1,0,0,0,0,0,1,Dimensional Defect
3596,70.85,119.16,1.83,121.36,65.61,59.77,46.26,3.34,916.9,2.2,1544.8,433.0,CNC,Aluminum,Evening,Intermediate,Line_B,0,1,0,0,0,0,1,0,0,0,0,0,0,0,0,0,No Defect
3597,78.08,120.56,3.61,103.28,49.6,49.02,52.02,7.13,870.8,2.55,1132.0,465.0,Injection_Molding,Alloy,Evening,Intermediate,Line_C,0,1,1,0,0,0,0,0,0,0,0,0,0,0,0,0,No Defect
3598,77.0,124.27,2.59,123.01,75.74,47.39,48.59,5.52,740.1,4.27,2187.5,371.0,Lathe,Steel,Morning,Experienced,Line_B,0,0,0,0,0,0,1,1,1,1,0,0,0,0,0,1,Assembly Defect
3599,82.92,125.88,2.38,130.0,74.03,49.1,56.21,5.0,683.1,4.78,1713.2,381.0,Press,Steel,Evening,Expert,Line_C,0,0,1,1,0,0,1,1,1,0,0,0,0,0,0,0,No Defect
3600,71.98,122.09,2.38,125.06,77.18,48.6,58.37,6.81,601.3,4.57,1949.1,448.0,CNC,Steel,Morning,Expert,Line_D,0,0,0,0,0,0,1,1,1,0,0,0,0,0,0,0,No Defect
3601,68.76,108.04,1.7,86.51,61.15,54.5,54.59,5.68,784.1,3.31,1114.0,347.0,CNC,Alloy,Evening,Expert,Line_C,0,0,0,0,0,0,0,0,0,0,0,0,0,0,0,0,No Defect
3602,76.04,127.86,1.59,102.82,74.91,42.98,60.73,5.71,625.5,4.44,1815.1,432.0,Press,Aluminum,Evening,Expert,Line_B,0,0,0,1,0,0,0,1,1,1,0,0,0,0,0,0,No Defect
3603,74.84,114.92,3.28,109.47,73.66,46.37,61.23,3.51,737.3,2.8,846.2,393.0,Injection_Molding,Steel,Morning,New,Line_B,0,0,0,0,0,0,1,0,1,0,0,0,0,1,0,0,No Defect
3604,74.43,116.41,1.77,127.91,60.01,43.28,44.72,6.59,822.7,3.02,1133.3,471.0,Press,Alloy,Evening,Expert,Line_C,0,1,0,0,0,0,1,0,0,0,0,0,0,0,1,0,No Defect
3605,70.27,104.53,3.43,87.88,65.11,63.51,71.82,12.66,663.5,3.57,2270.6,353.0,Lathe,Steel,Night,Experienced,Line_B,1,0,0,0,0,1,0,0,0,1,0,1,1,0,0,0,No Defect
3606,73.02,122.58,2.84,123.03,81.12,47.43,68.33,4.75,679.6,4.47,2012.2,364.0,CNC,Alloy,Night,Expert,Line_A,0,0,0,1,0,1,1,1,1,1,0,0,1,0,0,1,Structural Defect
3607,76.84,111.57,4.17,112.38,58.56,50.85,65.07,10.45,684.6,3.12,2198.9,426.0,Lathe,Aluminum,Evening,Experienced,Line_A,1,0,0,0,1,1,1,0,0,1,0,0,0,0,0,1,Dimensional Defect
3608,73.35,124.13,2.77,107.84,64.64,52.56,,4.95,732.4,4.37,1429.9,517.0,Milling,Plastic,Night,Experienced,Line_D,0,0,0,0,0,0,1,1,0,0,1,0,1,0,0,0,No Defect
3609,75.7,122.79,3.07,130.0,66.04,60.75,34.94,4.11,882.8,3.41,1021.8,560.0,Press,Steel,Evening,Expert,Line_B,0,1,1,0,0,0,1,0,0,0,1,0,0,0,1,1,Assembly Defect
3610,77.13,111.67,4.33,89.86,64.01,63.38,73.68,10.16,664.9,3.77,2358.5,472.0,Press,Aluminum,Morning,Experienced,Line_A,1,0,1,0,1,1,0,1,0,1,0,1,0,0,0,1,Assembly Defect
3611,75.98,111.47,4.97,126.17,59.56,50.58,65.19,11.31,698.0,2.45,1801.4,424.0,CNC,Alloy,Evening,New,Line_B,1,0,0,0,1,1,1,0,0,0,0,0,0,1,0,0,No Defect
3612,67.24,121.03,,94.84,74.53,57.32,41.43,3.18,763.3,2.86,769.2,500.0,Lathe,Alloy,Night,Experienced,Line_B,0,0,0,0,0,0,0,0,1,0,0,0,1,0,0,0,No Defect
3613,71.72,104.62,1.23,71.47,60.69,55.9,54.75,3.44,677.9,3.05,714.1,396.0,Lathe,Alloy,Evening,Experienced,Line_D,0,0,0,0,0,0,0,0,0,0,0,0,0,0,0,0,No Defect
3614,72.57,103.92,3.46,87.4,65.84,56.83,61.69,10.65,637.2,2.6,2420.6,465.0,Milling,Alloy,Night,Intermediate,Line_B,1,0,0,0,0,0,0,0,0,1,0,0,1,0,0,0,No Defect
3615,77.45,123.45,2.65,106.29,61.02,43.08,39.19,4.7,878.5,2.61,1447.4,555.0,Lathe,Composite,Evening,Experienced,Line_D,0,1,1,0,0,0,1,0,0,0,1,0,0,0,1,1,Dimensional Defect
3616,75.59,134.09,3.07,95.95,72.23,55.58,58.65,6.1,663.8,4.55,1831.7,385.0,CNC,Steel,Morning,Intermediate,Line_A,0,0,0,1,0,0,0,1,1,0,0,0,0,0,0,0,No Defect
3617,72.91,,2.29,91.77,58.75,65.01,55.45,1.98,719.6,3.18,556.9,315.0,CNC,Alloy,Evening,Expert,Line_D,0,0,0,0,0,0,0,0,0,0,0,1,0,0,0,0,No Defect
3618,73.8,124.04,3.31,105.43,83.91,54.62,50.43,6.97,719.5,5.07,1891.3,465.0,Lathe,Steel,Night,New,Line_A,0,0,0,0,0,0,1,1,1,0,0,0,1,1,0,0,No Defect
3619,78.35,110.13,1.98,68.31,63.76,44.17,37.98,3.9,765.3,2.88,914.8,492.0,CNC,Steel,Evening,Experienced,Line_A,0,0,1,0,0,0,0,0,0,0,1,0,0,0,0,0,No Defect
3620,69.28,110.42,1.89,76.81,68.04,48.63,,5.18,,3.79,1437.2,441.0,CNC,Steel,Night,Expert,Line_C,0,0,0,0,0,0,0,1,1,0,0,0,1,0,0,0,No Defect
3621,77.3,111.94,3.83,92.13,61.49,47.78,66.29,12.17,719.5,3.17,2540.5,373.0,Press,Aluminum,Evening,Intermediate,Line_D,1,0,1,0,1,1,0,0,0,1,0,0,0,0,0,1,Surface Defect
3622,,,2.61,92.54,59.57,37.37,41.92,4.09,678.0,3.26,533.3,305.0,Milling,Aluminum,Evening,Intermediate,Line_C,0,0,0,0,0,0,0,0,0,0,0,0,0,0,0,1,Surface Defect
3623,76.79,120.45,2.5,78.37,62.46,35.0,44.23,4.5,721.0,3.19,912.3,485.0,CNC,Composite,Morning,New,Line_B,0,0,1,0,0,0,0,0,0,0,0,0,0,1,0,0,No Defect
3624,72.29,130.95,2.59,125.47,72.32,46.55,52.81,6.55,683.6,4.18,1548.4,347.0,Lathe,Plastic,Morning,Expert,Line_C,0,0,0,1,0,0,1,1,1,0,0,0,0,0,0,0,No Defect
3625,73.37,115.19,2.65,101.68,64.92,45.79,34.68,6.45,763.6,3.45,1829.1,360.0,Press,Steel,Evening,Expert,Line_A,0,0,0,0,0,0,0,1,0,0,0,0,0,0,0,0,No Defect
3626,73.86,126.22,2.74,107.64,75.64,44.65,59.5,3.49,673.4,4.1,1460.0,424.0,Lathe,Composite,Night,Experienced,Line_B,0,0,0,1,0,0,1,1,1,0,0,0,1,0,0,1,Dimensional Defect
3627,77.85,128.98,3.59,108.85,65.05,52.04,44.55,3.18,713.9,2.63,1034.9,361.0,Press,Alloy,Morning,Experienced,Line_D,0,0,1,1,0,0,1,0,0,0,0,0,0,0,0,0,No Defect
3628,81.14,117.2,4.45,90.54,66.72,41.67,68.61,12.0,726.6,3.82,2245.0,279.0,Injection_Molding,Steel,Morning,Experienced,Line_C,1,0,1,0,1,1,0,1,0,1,0,0,0,0,0,1,Surface Defect
3629,71.61,129.73,3.76,110.81,80.73,54.85,63.93,8.86,800.3,4.15,1557.6,462.0,Injection_Molding,Plastic,Morning,Expert,Line_C,0,0,0,1,1,1,1,1,1,0,0,0,0,0,0,1,Surface Defect
3630,71.95,119.06,5.35,92.31,65.72,44.47,65.98,9.58,748.8,2.58,2620.0,297.0,Injection_Molding,Aluminum,Evening,Expert,Line_C,1,0,0,0,1,1,0,0,0,1,0,0,0,0,0,0,No Defect
3631,74.34,129.09,,104.18,71.37,52.89,52.56,2.57,674.7,2.93,1128.2,461.0,Press,Steel,Night,Intermediate,Line_D,0,0,0,1,0,0,0,0,1,0,0,0,1,0,0,0,No Defect
3632,77.65,113.15,2.33,91.91,59.61,51.77,40.97,3.7,824.3,3.35,,433.0,CNC,Steel,Night,Experienced,Line_A,0,1,1,0,0,0,0,0,0,0,0,0,1,0,0,0,No Defect
3633,69.19,113.99,2.52,93.89,65.28,43.97,59.88,2.86,754.2,3.78,1150.2,491.0,Lathe,Steel,Morning,New,Line_C,0,0,0,0,0,0,0,1,0,0,0,0,0,1,0,1,Material Defect
3634,72.14,135.28,2.69,100.98,79.11,52.97,53.97,5.37,771.2,4.73,1168.0,476.0,Milling,Alloy,Evening,Intermediate,Line_A,0,0,0,1,0,0,0,1,1,0,0,0,0,0,0,0,No Defect
3635,79.7,121.4,3.45,117.09,66.66,50.61,41.39,2.99,849.1,2.63,746.1,491.0,Lathe,Alloy,Morning,Experienced,Line_A,0,1,1,0,0,0,1,0,0,0,0,0,0,0,1,0,No Defect
3636,77.86,127.99,2.46,110.13,85.0,43.92,62.86,5.18,682.1,4.01,1836.4,485.0,CNC,Alloy,Morning,Experienced,Line_A,0,0,1,1,0,1,1,1,1,0,0,0,0,0,0,0,No Defect
3637,77.03,113.67,4.12,101.37,59.15,49.05,74.95,10.31,710.8,2.73,2152.0,431.0,CNC,Composite,Morning,Intermediate,Line_C,1,0,1,0,1,1,0,0,0,1,0,0,0,0,0,1,Dimensional Defect
3638,74.82,123.14,1.82,72.15,67.77,,,5.8,691.2,3.3,938.2,571.0,Press,Alloy,Morning,Expert,Line_D,0,0,0,0,0,0,0,0,1,0,1,0,0,0,0,0,No Defect
3639,65.27,116.2,1.06,69.87,52.02,45.94,50.06,3.38,779.7,2.81,581.0,467.0,CNC,Plastic,Night,Expert,Line_B,0,0,0,0,0,0,0,0,0,0,0,0,1,0,0,0,No Defect
3640,69.59,116.29,2.06,61.26,69.61,49.73,41.12,4.15,723.9,3.26,1073.2,369.0,CNC,Alloy,Evening,New,Line_A,0,0,0,0,0,0,0,0,1,0,0,0,0,1,0,0,No Defect
3641,78.28,123.6,1.98,107.17,60.65,59.6,40.68,0.89,808.1,2.78,1198.3,472.0,Lathe,Alloy,Evening,Intermediate,Line_C,0,0,1,0,0,0,1,0,0,0,0,0,0,0,1,0,No Defect
3642,71.55,124.41,3.41,90.19,65.84,56.2,42.68,4.87,777.5,3.34,1260.9,563.0,Lathe,Composite,Night,Experienced,Line_B,0,0,0,0,1,0,0,0,0,0,1,0,1,0,1,0,No Defect
3643,68.97,124.44,1.35,79.56,70.53,54.72,57.89,4.28,580.3,3.45,582.8,328.0,Press,Steel,Night,Intermediate,Line_C,0,0,0,0,0,0,0,0,1,0,0,0,1,0,0,0,No Defect
3644,69.11,116.98,3.28,66.83,61.0,41.67,41.04,2.3,788.7,3.21,1158.8,472.0,Injection_Molding,Aluminum,Evening,Expert,Line_A,0,0,0,0,0,0,0,0,0,0,0,0,0,0,1,0,No Defect
3645,86.74,110.63,4.11,100.97,61.2,53.96,46.42,6.6,856.9,2.41,1118.8,548.0,Injection_Molding,Alloy,Evening,Experienced,Line_A,0,1,1,0,1,0,0,0,0,0,1,0,0,0,1,0,No Defect
3646,73.75,116.43,3.35,95.34,76.98,51.41,60.38,4.69,770.6,3.19,464.0,469.0,Injection_Molding,Alloy,Morning,Expert,Line_B,0,0,0,0,0,0,0,0,1,0,0,0,0,0,0,0,No Defect
3647,70.59,120.84,3.11,75.59,53.29,50.7,39.08,1.98,773.5,2.83,1080.6,512.0,Lathe,Aluminum,Evening,Expert,Line_A,0,0,0,0,0,0,0,0,0,0,1,0,0,0,0,0,No Defect
3648,67.22,117.21,3.84,97.46,,70.0,68.2,10.69,576.0,3.14,2161.7,447.0,Milling,Composite,Morning,Expert,Line_D,1,0,0,0,1,1,0,0,0,1,0,1,0,0,0,1,Surface Defect
3649,72.94,124.58,1.84,78.67,50.43,44.37,51.68,3.81,757.4,2.78,1179.8,383.0,Press,Plastic,Evening,Experienced,Line_A,0,0,0,0,0,0,0,0,0,0,0,0,0,0,0,0,No Defect
3650,76.45,115.69,1.81,66.89,56.39,43.94,46.11,4.13,701.5,2.61,100.0,466.0,CNC,Plastic,Evening,New,Line_D,0,0,0,0,0,0,0,0,0,0,0,0,0,1,0,0,No Defect
3651,71.62,129.04,2.98,93.88,67.16,41.18,57.47,3.07,785.9,3.24,801.3,545.0,Milling,Steel,Morning,Experienced,Line_B,0,0,0,1,0,0,0,0,0,0,1,0,0,0,1,1,Material Defect
3652,84.33,117.85,2.85,110.53,71.58,65.13,41.44,6.86,775.5,3.06,1182.6,420.0,Press,Alloy,Morning,Expert,Line_A,0,0,1,0,0,0,1,0,1,0,0,1,0,0,0,1,Dimensional Defect
3653,77.66,107.47,3.76,95.35,59.06,52.78,42.95,1.56,817.0,2.3,2077.0,302.0,Lathe,Aluminum,Night,Expert,Line_A,0,0,1,0,1,0,0,0,0,1,0,0,1,0,0,0,No Defect
3654,76.51,111.71,4.66,103.32,61.08,53.84,76.88,10.61,703.1,3.05,2526.5,451.0,CNC,Aluminum,Evening,Experienced,Line_B,1,0,0,0,1,1,0,0,0,1,0,0,0,0,0,0,No Defect
3655,72.25,114.54,1.53,78.68,64.83,40.94,44.71,7.69,753.6,2.8,866.6,580.0,Lathe,Alloy,Morning,New,Line_D,1,0,0,0,0,0,0,0,0,0,1,0,0,1,0,0,No Defect
3656,76.5,116.75,2.77,64.47,47.9,52.96,52.47,2.95,759.2,3.11,400.3,446.0,Milling,Plastic,Evening,New,Line_A,0,0,0,0,0,0,0,0,0,0,0,0,0,1,0,0,No Defect
3657,73.17,116.88,3.36,67.28,60.94,39.09,42.02,3.91,,3.49,613.1,392.0,Lathe,Alloy,Morning,Intermediate,Line_D,0,0,0,0,0,0,0,0,0,0,0,0,0,0,0,0,No Defect
3658,74.18,126.69,3.24,113.78,82.25,47.04,59.59,8.65,687.5,4.79,1717.6,437.0,Injection_Molding,Aluminum,Evening,Experienced,Line_D,0,0,0,1,0,0,1,1,1,0,0,0,0,0,0,0,No Defect
3659,,120.8,1.86,109.28,65.58,52.41,38.56,4.54,785.8,3.62,1622.9,492.0,Press,Steel,Morning,Experienced,Line_B,0,0,0,0,0,0,1,0,0,0,0,0,0,0,1,0,No Defect
3660,71.54,109.42,2.99,102.29,73.86,47.74,33.97,1.41,752.6,3.03,1099.6,362.0,Milling,Aluminum,Morning,Expert,Line_C,0,0,0,0,0,0,0,0,1,0,0,0,0,0,0,0,No Defect
3661,77.15,120.87,2.06,79.71,60.17,44.26,46.4,4.53,682.5,3.12,383.8,381.0,CNC,Steel,Night,Intermediate,Line_B,0,0,1,0,0,0,0,0,0,0,0,0,1,0,0,0,No Defect
3662,65.92,122.38,2.82,89.17,57.5,43.82,57.74,1.74,764.0,3.44,1607.9,456.0,Lathe,Aluminum,Night,Expert,Line_C,0,0,0,0,0,0,0,0,0,0,0,0,1,0,0,1,Assembly Defect
3663,68.44,114.26,2.27,89.68,68.16,39.05,59.67,,671.4,2.99,434.1,518.0,Milling,Alloy,Evening,Experienced,Line_A,0,0,0,0,0,0,0,0,0,0,1,0,0,0,0,0,No Defect
3664,74.57,111.12,1.97,77.83,62.59,47.36,48.27,5.79,680.7,3.33,178.8,289.0,Lathe,Steel,Morning,Experienced,Line_D,0,0,0,0,0,0,0,0,0,0,0,0,0,0,0,0,No Defect
3665,72.34,128.6,2.71,111.77,75.5,48.65,59.45,5.64,641.1,4.95,1554.3,369.0,CNC,Aluminum,Morning,New,Line_C,0,0,0,1,0,0,1,1,1,0,0,0,0,1,0,0,No Defect
3666,80.61,127.89,3.09,123.46,65.36,62.49,37.85,4.45,805.1,2.78,,331.0,Milling,Aluminum,Evening,Experienced,Line_D,0,0,1,1,0,0,1,0,0,0,0,0,0,0,0,0,No Defect
3667,73.34,105.74,1.5,89.26,74.81,52.75,49.58,4.4,680.4,3.81,801.0,431.0,Milling,Steel,Evening,Intermediate,Line_A,0,0,0,0,0,0,0,1,1,0,0,0,0,0,0,0,No Defect
3668,72.37,112.56,3.39,93.89,65.99,35.22,,4.03,745.8,2.98,1007.1,244.0,Lathe,Steel,Morning,Expert,Line_A,0,0,0,0,0,0,0,0,0,0,0,0,0,0,0,0,No Defect
3669,73.14,111.78,3.39,87.01,45.0,48.76,47.59,4.27,753.6,2.94,395.0,388.0,Press,Plastic,Night,Intermediate,Line_C,0,0,0,0,0,0,0,0,0,0,0,0,1,0,0,1,Dimensional Defect
3670,75.04,128.35,2.42,130.0,83.52,59.54,68.34,6.18,,4.17,2161.6,429.0,Press,Steel,Evening,Experienced,Line_B,0,0,0,1,0,1,1,1,1,1,0,0,0,0,0,1,Structural Defect
3671,73.94,115.5,2.59,91.83,68.43,53.42,45.78,4.86,751.9,3.25,1283.3,247.0,Lathe,Steel,Night,Experienced,Line_B,0,0,0,0,0,0,0,0,0,0,0,0,1,0,0,0,No Defect
3672,80.66,114.51,3.45,109.55,50.14,47.89,38.29,4.78,846.8,2.26,1486.8,501.0,Milling,Aluminum,Morning,Expert,Line_D,0,1,1,0,1,0,1,0,0,0,1,0,0,0,1,0,No Defect
3673,72.67,96.7,5.18,109.83,74.56,57.12,70.73,11.79,699.2,2.89,2492.6,427.0,Lathe,Steel,Evening,Experienced,Line_B,1,0,0,0,1,1,1,0,1,1,0,0,0,0,0,1,Surface Defect
3674,72.11,110.42,2.81,93.75,51.65,57.54,30.84,1.15,857.0,3.1,1052.7,468.0,CNC,Alloy,Morning,Experienced,Line_D,0,1,0,0,0,0,0,0,0,0,0,0,0,0,0,0,No Defect
3675,74.13,,4.6,116.47,48.74,58.49,65.5,15.12,632.9,2.57,2658.4,315.0,Lathe,Plastic,Morning,Experienced,Line_B,1,0,0,0,1,1,1,0,0,1,0,0,0,0,0,0,No Defect
3676,70.63,113.72,3.07,74.79,80.68,52.17,54.14,3.73,700.3,3.26,612.9,527.0,Injection_Molding,Aluminum,Morning,Experienced,Line_B,0,0,0,0,0,0,0,0,1,0,1,0,0,0,0,0,No Defect
3677,74.74,116.61,3.92,124.69,82.09,48.53,48.25,4.95,753.1,4.14,1921.7,397.0,CNC,Steel,Morning,Intermediate,Line_B,0,0,0,0,1,0,1,1,1,0,0,0,0,0,0,0,No Defect
3678,78.21,119.27,2.99,124.28,68.94,52.15,45.03,2.37,876.8,3.6,1265.0,427.0,Lathe,Steel,Morning,Experienced,Line_C,0,1,1,0,0,0,1,1,0,0,0,0,0,0,0,1,Structural Defect
3679,69.9,133.95,3.88,110.92,74.18,50.64,63.52,5.96,583.9,4.52,2075.1,361.0,CNC,Aluminum,Night,New,Line_B,0,0,0,1,1,1,1,1,1,1,0,0,1,1,0,0,No Defect
3680,70.65,105.07,2.11,85.27,71.09,53.91,42.66,3.64,692.4,3.56,845.1,325.0,CNC,Steel,Morning,Experienced,Line_B,0,0,0,0,0,0,0,0,1,0,0,0,0,0,0,0,No Defect
3681,71.51,120.99,4.43,101.39,66.46,59.53,67.86,10.4,672.4,3.72,2645.8,442.0,Lathe,Alloy,Morning,Expert,Line_B,1,0,0,0,1,1,0,1,0,1,0,0,0,0,0,1,Surface Defect
3682,74.56,126.12,2.24,106.19,83.39,51.35,66.35,5.84,697.0,4.53,1764.0,528.0,CNC,Steel,Morning,Experienced,Line_C,0,0,0,1,0,1,1,1,1,0,1,0,0,0,0,0,No Defect
3683,74.45,104.19,4.09,94.68,64.33,58.75,70.7,10.63,710.9,3.53,1924.8,350.0,Milling,Alloy,Night,Experienced,Line_A,1,0,0,0,1,1,0,0,0,0,0,0,1,0,0,1,Structural Defect
3684,71.64,135.2,3.08,113.21,81.4,47.04,48.0,7.29,740.7,4.43,1861.1,351.0,Injection_Molding,Composite,Morning,Intermediate,Line_A,0,0,0,1,0,0,1,1,1,0,0,0,0,0,0,0,No Defect
3685,74.04,110.77,4.94,111.53,55.24,53.27,62.83,9.66,673.7,4.13,2242.2,285.0,CNC,Composite,Night,Experienced,Line_D,1,0,0,0,1,1,1,1,0,1,0,0,1,0,0,1,Assembly Defect
3686,74.86,116.21,4.52,107.57,60.51,46.43,74.35,13.89,697.3,3.69,2592.1,392.0,Injection_Molding,Aluminum,Evening,Intermediate,Line_C,1,0,0,0,1,1,1,0,0,1,0,0,0,0,0,0,No Defect
3687,76.59,133.37,2.75,112.92,84.76,49.78,64.6,6.58,757.6,4.14,1565.5,537.0,Lathe,Steel,Morning,Intermediate,Line_C,0,0,0,1,0,1,1,1,1,0,1,0,0,0,0,1,Assembly Defect
3688,74.45,116.74,2.91,115.86,57.81,61.08,53.09,11.61,787.3,2.53,2043.7,333.0,Press,Alloy,Evening,Experienced,Line_B,1,0,0,0,0,0,1,0,0,1,0,0,0,0,0,0,No Defect
3689,75.33,138.34,2.82,130.0,78.01,43.02,70.76,6.35,667.6,4.85,1558.0,,Press,Steel,Evening,Expert,Line_B,0,0,0,1,0,1,1,1,1,0,0,0,0,0,0,1,Dimensional Defect
3690,81.39,121.71,2.69,100.49,53.56,47.85,46.16,0.5,835.5,3.33,1590.1,563.0,Injection_Molding,Plastic,Morning,Experienced,Line_A,0,1,1,0,0,0,0,0,0,0,1,0,0,0,1,0,No Defect
3691,68.7,107.11,2.23,83.84,53.8,43.96,38.87,5.22,759.3,2.95,794.3,368.0,Milling,Aluminum,Evening,Experienced,Line_B,0,0,0,0,0,0,0,0,0,0,0,0,0,0,0,0,No Defect
3692,76.33,113.55,2.44,78.39,67.9,41.26,48.67,6.08,696.9,2.84,1153.3,386.0,Milling,Steel,Night,New,Line_B,0,0,0,0,0,0,0,0,1,0,0,0,1,1,0,0,No Defect
3693,74.62,126.56,2.27,119.15,69.77,45.29,51.29,8.32,782.0,3.98,1481.8,503.0,CNC,Plastic,Morning,Intermediate,Line_A,0,0,0,1,0,0,1,1,0,0,1,0,0,0,1,0,No Defect
3694,77.7,120.85,3.83,109.02,59.78,53.19,53.31,2.99,822.1,3.16,1104.5,443.0,CNC,Steel,Morning,Intermediate,Line_D,0,1,1,0,1,0,1,0,0,0,0,0,0,0,0,0,No Defect
3695,71.76,107.4,5.83,91.65,63.16,51.81,50.34,12.25,723.6,,2073.4,339.0,Milling,Alloy,Morning,New,Line_A,1,0,0,0,1,0,0,0,0,1,0,0,0,1,0,1,Assembly Defect
3696,79.3,118.15,2.2,113.22,57.76,51.01,43.55,4.92,853.2,3.62,1427.8,513.0,Press,Alloy,Night,Experienced,Line_C,0,1,1,0,0,0,1,0,0,0,1,0,1,0,1,0,No Defect
3697,66.76,106.01,,92.44,69.41,55.98,49.59,4.1,743.5,3.38,270.8,357.0,Lathe,Steel,Morning,Intermediate,Line_B,0,0,0,0,0,0,0,0,0,0,0,0,0,0,0,0,No Defect
3698,76.31,137.42,1.21,91.72,45.0,43.72,47.39,5.04,759.7,2.86,1293.0,326.0,Press,Plastic,Evening,Experienced,Line_A,0,0,0,1,0,0,0,0,0,0,0,0,0,0,0,0,No Defect
3699,76.33,131.05,2.64,115.49,71.82,51.54,62.0,6.62,760.5,3.56,1811.2,266.0,CNC,Alloy,Morning,Experienced,Line_B,0,0,0,1,0,0,1,0,1,0,0,0,0,0,0,0,No Defect
3700,71.45,120.22,2.34,79.65,59.13,55.65,56.55,8.53,669.5,3.43,710.3,315.0,CNC,Aluminum,Morning,Intermediate,Line_A,0,0,0,0,0,0,0,0,0,0,0,0,0,0,0,1,Surface Defect
3701,72.87,129.52,1.91,,72.48,53.77,59.87,7.62,654.0,3.45,1464.7,479.0,CNC,Alloy,Morning,Intermediate,Line_A,1,0,0,1,0,0,0,0,1,0,0,0,0,0,0,0,No Defect
3702,,118.62,2.08,84.22,63.86,49.63,49.19,6.59,726.4,2.91,1307.4,329.0,CNC,Alloy,Morning,Experienced,Line_C,0,0,0,0,0,0,0,0,0,0,0,0,0,0,0,0,No Defect
3703,69.16,129.75,2.55,130.0,71.58,47.07,54.45,5.32,,4.25,1176.4,399.0,Milling,Steel,Morning,Intermediate,Line_C,0,0,0,1,0,0,1,1,1,0,0,0,0,0,0,0,No Defect
3704,69.76,115.39,2.77,81.17,52.3,55.08,56.47,4.69,762.8,3.11,775.3,277.0,CNC,Plastic,Morning,Intermediate,Line_D,0,0,0,0,0,0,0,0,0,0,0,0,0,0,0,0,No Defect
3705,74.11,128.32,3.0,102.39,60.74,45.51,45.32,5.07,855.1,3.88,828.5,381.0,Lathe,Steel,Morning,Expert,Line_A,0,1,0,1,0,0,0,1,0,0,0,0,0,0,0,0,No Defect
3706,73.5,112.01,2.57,78.95,70.79,38.9,49.2,4.72,721.9,3.35,671.5,491.0,Injection_Molding,Alloy,Morning,Intermediate,Line_C,0,0,0,0,0,0,0,0,1,0,0,0,0,0,0,1,Material Defect
3707,73.35,116.98,2.48,80.89,62.26,45.82,53.8,4.2,678.1,3.44,985.9,385.0,Lathe,Alloy,Morning,Expert,Line_A,0,0,0,0,0,0,0,0,0,0,0,0,0,0,0,0,No Defect
3708,77.58,128.91,2.44,121.89,71.54,55.47,58.61,5.71,748.1,3.81,2079.6,473.0,Milling,Aluminum,Morning,Experienced,Line_D,0,0,1,1,0,0,1,1,1,1,0,0,0,0,0,1,Assembly Defect
3709,72.89,107.74,3.38,123.48,64.32,53.53,43.2,1.31,740.3,,1163.4,442.0,Lathe,Steel,Morning,Intermediate,Line_C,0,0,0,0,0,0,1,0,0,0,0,0,0,0,0,0,No Defect
3710,75.79,124.3,2.77,121.28,82.1,47.45,50.92,6.69,713.3,4.26,1198.2,483.0,Press,Composite,Morning,Intermediate,Line_C,0,0,0,1,0,0,1,1,1,0,0,0,0,0,0,1,Dimensional Defect
3711,76.06,127.59,2.98,125.89,61.35,64.62,44.14,2.6,735.8,3.71,1152.9,484.0,Lathe,Alloy,Morning,Experienced,Line_B,0,0,0,1,0,0,1,1,0,0,1,1,0,0,0,0,No Defect
3712,72.97,104.39,1.7,72.79,66.32,47.93,56.51,3.21,713.0,3.17,1627.7,,Lathe,Steel,Night,New,Line_A,0,0,0,0,0,0,0,0,0,0,0,0,1,1,0,1,Assembly Defect
3713,72.08,113.51,3.08,113.15,82.46,48.73,48.62,5.29,680.5,3.68,1948.8,441.0,Injection_Molding,Aluminum,Morning,Expert,Line_A,0,0,0,0,0,0,1,0,1,0,0,0,0,0,0,0,No Defect
3714,74.31,131.94,3.12,118.73,60.8,55.05,60.21,6.38,722.7,4.6,2026.8,344.0,Milling,Composite,Morning,Expert,Line_A,0,0,0,1,0,0,1,1,0,1,0,0,0,0,0,0,No Defect
3715,71.48,124.42,2.45,81.56,58.17,45.0,46.07,5.81,760.2,2.94,1093.0,363.0,Press,Steel,Morning,Experienced,Line_D,0,0,0,0,0,0,0,0,0,0,0,0,0,0,0,1,Surface Defect
3716,82.44,119.57,4.28,95.84,50.31,48.54,61.27,8.01,705.6,2.31,2063.8,249.0,Press,Alloy,Night,Experienced,Line_A,1,0,1,0,1,0,0,0,0,1,0,0,1,0,0,0,No Defect
3717,,118.62,2.79,125.26,63.99,57.92,43.55,8.71,791.9,3.11,899.5,487.0,Injection_Molding,Steel,Evening,Experienced,Line_D,0,0,0,0,0,0,1,0,0,0,0,0,0,0,1,0,No Defect
3718,67.69,118.05,2.22,93.32,56.45,49.37,54.94,6.68,754.9,2.85,422.2,391.0,Lathe,Aluminum,Evening,Expert,Line_B,0,0,0,0,0,0,0,0,0,0,0,0,0,0,0,0,No Defect
3719,73.5,117.09,2.63,82.19,64.72,48.66,46.51,6.47,761.2,2.57,855.1,374.0,CNC,Steel,Evening,Experienced,Line_B,0,0,0,0,0,0,0,0,0,0,0,0,0,0,0,0,No Defect
3720,73.99,113.02,2.29,77.31,57.58,46.42,47.31,5.72,754.7,2.95,492.0,372.0,Injection_Molding,Alloy,Evening,Experienced,Line_D,0,0,0,0,0,0,0,0,0,0,0,0,0,0,0,0,No Defect
3721,67.13,114.38,2.17,90.42,65.27,35.0,38.03,6.28,770.0,,1418.3,429.0,Press,Steel,Night,Expert,Line_D,0,0,0,0,0,0,0,0,0,0,0,0,1,0,0,0,No Defect
3722,71.01,124.29,2.92,82.41,70.71,36.99,50.72,4.02,773.6,3.02,1199.7,375.0,Lathe,Composite,Morning,Expert,Line_B,0,0,0,0,0,0,0,0,1,0,0,0,0,0,0,0,No Defect
3723,73.21,108.68,,83.73,59.42,45.05,45.39,8.22,790.1,3.41,681.0,338.0,Press,Composite,Night,Experienced,Line_A,0,0,0,0,0,0,0,0,0,0,0,0,1,0,0,0,No Defect
3724,71.91,119.1,4.56,93.79,57.81,45.36,50.21,11.04,668.3,3.29,2202.7,293.0,Injection_Molding,Aluminum,Evening,Intermediate,Line_A,1,0,0,0,1,0,0,0,0,1,0,0,0,0,0,0,No Defect
3725,77.44,121.32,3.43,113.12,59.54,45.43,45.07,0.5,701.2,2.29,1158.7,614.0,Lathe,Alloy,Night,Experienced,Line_C,0,0,1,0,0,0,1,0,0,0,1,0,1,0,0,0,No Defect
3726,83.51,114.48,4.87,102.14,60.89,53.28,53.71,11.6,699.7,3.28,2203.7,433.0,CNC,Steel,Evening,Experienced,Line_B,1,0,1,0,1,0,0,0,0,1,0,0,0,0,0,0,No Defect
3727,69.88,120.87,1.58,66.32,49.07,53.12,45.26,3.22,734.0,2.72,245.5,311.0,Lathe,Aluminum,Evening,Intermediate,Line_C,0,0,0,0,0,0,0,0,0,0,0,0,0,0,0,0,No Defect
3728,77.42,127.51,3.41,,65.53,47.0,43.89,2.14,819.7,2.54,1226.4,544.0,CNC,Aluminum,Evening,Intermediate,Line_A,0,0,1,1,0,0,0,0,0,0,1,0,0,0,1,0,No Defect
3729,74.51,130.49,,92.53,72.88,41.22,41.29,4.38,724.5,2.98,1080.7,492.0,Press,Alloy,Morning,Intermediate,Line_D,0,0,0,1,0,0,0,0,1,0,1,0,0,0,0,1,Structural Defect
3730,73.57,,2.76,130.0,78.33,48.5,61.79,8.38,736.2,4.16,2413.6,483.0,Lathe,Steel,Evening,New,Line_B,0,0,0,0,0,0,1,1,1,1,0,0,0,1,0,1,Material Defect
3731,78.49,114.28,2.56,92.27,59.9,53.37,45.48,4.05,846.4,2.48,,380.0,Press,Alloy,Evening,Intermediate,Line_D,0,1,1,0,0,0,0,0,0,0,0,0,0,0,0,0,No Defect
3732,68.77,119.72,2.71,93.34,59.12,,43.97,6.53,810.7,3.01,940.0,548.0,Lathe,Composite,Morning,Experienced,Line_A,0,0,0,0,0,0,0,0,0,0,1,0,0,0,1,0,No Defect
3733,71.2,130.46,3.74,130.0,68.86,42.01,66.41,3.08,698.0,4.1,2149.4,389.0,Lathe,Alloy,Morning,Intermediate,Line_D,0,0,0,1,1,1,1,1,0,1,0,0,0,0,0,0,No Defect
3734,74.1,107.0,1.91,105.41,59.27,45.56,46.55,4.77,742.8,3.3,1000.1,414.0,Press,Steel,Night,Expert,Line_C,0,0,0,0,0,0,1,0,0,0,0,0,1,0,0,0,No Defect
3735,75.15,119.71,4.84,87.37,45.46,60.3,78.99,13.39,640.5,3.08,2003.2,421.0,Milling,Aluminum,Night,Expert,Line_D,1,0,0,0,1,1,0,0,0,1,0,0,1,0,0,1,Structural Defect
3736,74.11,114.05,3.59,114.02,57.66,51.99,43.11,4.47,885.3,2.59,1231.0,414.0,Lathe,Steel,Evening,Expert,Line_B,0,1,0,0,0,0,1,0,0,0,0,0,0,0,0,0,No Defect
3737,77.35,118.74,3.08,85.46,52.4,61.32,41.29,,822.1,3.2,1403.5,468.0,CNC,Steel,Evening,Intermediate,Line_B,0,1,1,0,0,0,0,0,0,0,0,0,0,0,0,0,No Defect
3738,73.46,126.38,2.81,79.99,45.0,48.08,46.68,2.89,650.2,,496.0,282.0,CNC,Composite,Night,Intermediate,Line_C,0,0,0,1,0,0,0,0,0,0,0,0,1,0,0,0,No Defect
3739,73.72,123.43,4.19,108.27,51.15,49.97,40.47,4.41,856.3,3.18,812.1,452.0,Injection_Molding,Alloy,Evening,Intermediate,Line_A,0,1,0,0,1,0,1,0,0,0,0,0,0,0,0,1,Surface Defect
3740,69.37,108.28,3.39,107.85,59.65,46.82,73.21,10.05,660.8,3.45,2083.9,401.0,CNC,Steel,Morning,Intermediate,Line_A,1,0,0,0,0,1,1,0,0,1,0,0,0,0,0,0,No Defect
3741,72.9,115.55,2.34,74.95,62.9,54.15,44.16,2.33,722.3,2.71,621.1,207.0,Lathe,Alloy,Morning,Intermediate,Line_A,0,0,0,0,0,0,0,0,0,0,0,0,0,0,0,0,No Defect
3742,71.37,129.88,1.62,93.22,64.14,59.7,42.27,4.27,784.7,3.67,1087.9,452.0,CNC,Alloy,Morning,New,Line_B,0,0,0,1,0,0,0,0,0,0,0,0,0,1,0,0,No Defect
3743,69.28,106.75,4.09,81.85,45.0,48.66,76.31,10.51,629.9,2.94,2164.4,349.0,Lathe,Composite,Night,Intermediate,Line_A,1,0,0,0,1,1,0,0,0,1,0,0,1,0,0,0,No Defect
3744,69.43,117.43,2.57,87.83,73.02,55.99,47.92,2.24,754.7,2.62,967.0,530.0,Milling,Alloy,Morning,Experienced,Line_C,0,0,0,0,0,0,0,0,1,0,1,0,0,0,0,0,No Defect
3745,78.21,108.02,6.0,97.62,64.41,48.6,51.02,8.84,709.1,3.05,1812.7,373.0,Milling,Composite,Morning,Experienced,Line_A,0,0,1,0,1,0,0,0,0,0,0,0,0,0,0,0,No Defect
3746,74.15,108.74,1.89,74.77,48.69,47.53,48.92,5.73,740.7,3.19,891.4,347.0,Milling,Plastic,Morning,New,Line_D,0,0,0,0,0,0,0,0,0,0,0,0,0,1,0,0,No Defect
3747,71.02,117.79,3.61,96.87,62.59,50.15,41.85,1.11,783.6,2.63,802.7,444.0,CNC,Alloy,Night,Expert,Line_A,0,0,0,0,0,0,0,0,0,0,0,0,1,0,0,1,Surface Defect
3748,72.36,120.16,3.76,95.27,62.59,54.68,55.82,11.15,712.5,3.76,2137.8,171.0,CNC,Steel,Evening,New,Line_B,1,0,0,0,1,0,0,1,0,1,0,0,0,1,0,0,No Defect
3749,74.85,124.39,3.0,90.43,68.38,45.46,43.49,3.87,673.9,2.79,944.3,349.0,CNC,Alloy,Evening,Expert,Line_B,0,0,0,0,0,0,0,0,0,0,0,0,0,0,0,1,Dimensional Defect
3750,71.11,113.21,3.2,96.84,64.18,54.18,76.63,13.6,633.5,3.27,1606.6,263.0,Injection_Molding,Composite,Night,Expert,Line_B,1,0,0,0,0,1,0,0,0,0,0,0,1,0,0,0,No Defect
3751,72.58,116.61,3.87,108.64,54.9,50.24,41.3,5.4,812.4,2.23,1330.2,402.0,CNC,Plastic,Evening,New,Line_A,0,0,0,0,1,0,1,0,0,0,0,0,0,1,0,0,No Defect
3752,70.91,132.54,2.33,102.0,55.15,35.0,51.78,2.86,707.2,3.22,364.6,428.0,Press,Composite,Morning,Intermediate,Line_D,0,0,0,1,0,0,0,0,0,0,0,0,0,0,0,0,No Defect
3753,86.2,122.64,1.67,100.44,72.28,63.06,41.25,4.79,820.5,3.23,1140.3,399.0,Milling,Steel,Morning,Intermediate,Line_D,0,1,1,0,0,0,0,0,1,0,0,1,0,0,0,1,Material Defect
3754,77.41,129.65,2.88,130.0,57.65,53.51,45.6,3.03,822.2,2.83,1744.2,389.0,Press,Steel,Morning,Expert,Line_B,0,1,1,1,0,0,1,0,0,0,0,0,0,0,0,1,Structural Defect
3755,74.25,119.98,4.41,103.65,59.73,66.92,56.48,10.17,719.9,4.07,2387.2,465.0,Lathe,Steel,Evening,Experienced,Line_C,1,0,0,0,1,0,1,1,0,1,0,1,0,0,0,1,Structural Defect
3756,81.04,129.28,2.51,122.55,82.5,48.46,57.56,6.51,744.0,5.34,1951.2,479.0,Milling,Steel,Evening,New,Line_A,0,0,1,1,0,0,1,1,1,0,1,0,0,1,0,0,No Defect
3757,72.42,129.53,3.44,109.81,68.29,51.16,52.46,11.1,696.9,3.39,2553.0,298.0,CNC,Steel,Evening,Intermediate,Line_A,1,0,0,1,0,0,1,0,0,1,0,0,0,0,0,0,No Defect
3758,72.33,139.25,3.05,130.0,70.05,54.74,63.36,5.75,705.5,4.43,1963.6,353.0,Press,Alloy,Morning,Expert,Line_B,0,0,0,1,0,1,1,1,1,0,0,0,0,0,0,1,Surface Defect
3759,83.01,120.5,2.14,111.0,60.45,36.68,51.73,2.36,814.6,3.29,1018.3,614.0,Injection_Molding,Aluminum,Evening,New,Line_B,0,0,1,0,0,0,1,0,0,0,1,0,0,1,1,0,No Defect
3760,74.39,129.05,2.62,104.21,55.57,60.85,44.63,2.32,886.7,2.86,1964.0,367.0,Milling,Plastic,Evening,Intermediate,Line_B,0,1,0,1,0,0,0,0,0,0,0,0,0,0,0,0,No Defect
3761,72.42,125.64,2.68,122.32,85.0,54.43,57.44,4.56,670.9,4.9,1819.9,465.0,Injection_Molding,Steel,Morning,Experienced,Line_B,0,0,0,1,0,0,1,1,1,0,0,0,0,0,0,0,No Defect
3762,69.66,100.57,4.49,112.35,59.27,58.62,63.44,7.44,674.0,3.08,2046.9,295.0,CNC,Composite,Evening,Intermediate,Line_D,1,0,0,0,1,1,1,0,0,1,0,0,0,0,0,1,Surface Defect
3763,77.89,136.05,2.07,130.0,77.36,52.3,58.74,4.88,724.6,4.58,1697.7,359.0,CNC,Composite,Morning,Intermediate,Line_D,0,0,1,1,0,0,1,1,1,0,0,0,0,0,0,1,Assembly Defect
3764,73.17,122.25,3.24,108.14,79.9,37.33,69.98,5.86,643.0,4.79,1919.7,564.0,Injection_Molding,Steel,Night,New,Line_B,0,0,0,0,0,1,1,1,1,1,1,0,1,1,0,0,No Defect
3765,73.06,124.5,1.14,66.27,65.15,45.31,39.55,4.01,733.0,3.11,784.1,437.0,CNC,Steel,Night,Expert,Line_A,0,0,0,0,0,0,0,0,0,0,0,0,1,0,0,1,Structural Defect
3766,77.78,115.74,2.27,81.55,50.75,57.47,41.19,3.5,748.5,3.44,914.2,523.0,Milling,Aluminum,Night,New,Line_C,0,0,1,0,0,0,0,0,0,0,1,0,1,1,0,0,No Defect
3767,77.73,116.99,2.85,130.0,85.0,48.67,64.66,4.9,734.1,3.74,1411.0,390.0,CNC,Alloy,Evening,Intermediate,Line_A,0,0,1,0,0,1,1,1,1,0,0,0,0,0,0,1,Material Defect
3768,79.34,134.1,2.48,117.34,69.87,51.88,62.9,2.66,618.8,4.49,1685.6,458.0,Milling,Alloy,Evening,Experienced,Line_C,0,0,1,1,0,1,1,1,0,0,0,0,0,0,0,1,Dimensional Defect
3769,76.92,129.56,1.97,110.42,75.23,47.03,67.35,4.91,546.0,4.36,1515.3,407.0,Milling,Plastic,Morning,Experienced,Line_B,0,0,0,1,0,1,1,1,1,0,0,0,0,0,0,0,No Defect
3770,70.48,118.37,4.09,90.26,64.07,57.16,63.65,12.9,669.5,3.39,1959.2,350.0,Injection_Molding,Alloy,Morning,Experienced,Line_B,1,0,0,0,1,1,0,0,0,0,0,0,0,0,0,0,No Defect
3771,68.77,114.14,2.16,102.74,64.86,36.3,44.67,3.69,780.5,2.98,577.0,374.0,Press,Alloy,Night,New,Line_A,0,0,0,0,0,0,0,0,0,0,0,0,1,1,0,0,No Defect
3772,74.94,,2.19,77.77,59.61,56.07,49.7,2.42,659.1,3.28,838.0,317.0,CNC,Steel,Morning,Experienced,Line_D,0,0,0,0,0,0,0,0,0,0,0,0,0,0,0,0,No Defect
3773,70.72,127.85,2.14,126.15,66.83,38.88,55.66,5.3,707.7,4.19,2394.1,521.0,Milling,Aluminum,Night,Intermediate,Line_C,0,0,0,1,0,0,1,1,0,1,1,0,1,0,0,1,Surface Defect
3774,84.68,111.03,3.8,115.29,57.45,51.74,47.37,0.65,777.9,2.43,1400.0,425.0,Press,Aluminum,Night,New,Line_D,0,0,1,0,1,0,1,0,0,0,0,0,1,1,0,1,Dimensional Defect
3775,78.26,117.5,4.89,90.95,46.84,53.23,75.29,8.55,559.8,2.82,2391.7,283.0,Lathe,Plastic,Evening,Experienced,Line_D,0,0,1,0,1,1,0,0,0,1,0,0,0,0,0,0,No Defect
3776,69.63,117.62,3.15,89.97,53.0,50.8,51.3,4.64,689.4,3.03,1175.8,368.0,Press,Plastic,Evening,Experienced,Line_A,0,0,0,0,0,0,0,0,0,0,0,0,0,0,0,0,No Defect
3777,72.92,107.65,5.37,121.13,62.44,46.31,58.49,12.06,727.1,3.31,2486.7,474.0,CNC,Composite,Night,Experienced,Line_A,1,0,0,0,1,0,1,0,0,1,1,0,1,0,0,0,No Defect
3778,73.28,117.43,2.67,79.56,68.32,52.07,45.9,3.11,788.7,2.52,941.6,294.0,CNC,Alloy,Night,Intermediate,Line_D,0,0,0,0,0,0,0,0,0,0,0,0,1,0,0,1,Structural Defect
3779,72.46,114.16,1.66,79.33,62.34,45.26,31.67,3.35,763.7,3.12,1340.8,394.0,Lathe,Alloy,Evening,New,Line_D,0,0,0,0,0,0,0,0,0,0,0,0,0,1,0,0,No Defect
3780,78.03,113.21,3.39,117.82,56.98,58.22,51.36,3.46,798.3,2.7,1772.8,505.0,CNC,Steel,Morning,Intermediate,Line_C,0,0,1,0,0,0,1,0,0,0,1,0,0,0,1,0,No Defect
3781,82.81,114.15,2.91,117.94,79.02,40.66,38.88,5.99,881.5,2.75,1449.0,487.0,Injection_Molding,Steel,Evening,Expert,Line_B,0,1,1,0,0,0,1,0,1,0,0,0,0,0,1,0,No Defect
3782,74.49,113.21,4.92,106.08,60.14,55.12,62.13,12.84,778.2,2.54,2468.6,293.0,Press,Aluminum,Morning,Intermediate,Line_A,1,0,0,0,1,1,1,0,0,1,0,0,0,0,0,0,No Defect
3783,80.38,124.49,2.22,130.0,58.86,54.43,41.09,3.74,807.6,3.22,1871.5,372.0,CNC,Steel,Evening,Experienced,Line_B,0,0,1,0,0,0,1,0,0,0,0,0,0,0,0,0,No Defect
3784,75.8,115.88,2.24,98.15,62.78,41.25,53.39,1.13,830.9,3.39,271.3,314.0,Lathe,Steel,Evening,Experienced,Line_C,0,1,0,0,0,0,0,0,0,0,0,0,0,0,0,0,No Defect
3785,74.93,138.24,3.05,118.12,74.51,50.4,58.01,4.01,652.4,4.23,1782.5,456.0,Lathe,Alloy,Morning,Experienced,Line_D,0,0,0,1,0,0,1,1,1,0,0,0,0,0,0,0,No Defect
3786,81.19,122.29,2.66,123.06,65.15,58.83,57.12,3.83,811.9,2.58,1105.5,351.0,CNC,Steel,Morning,Experienced,Line_C,0,0,1,0,0,0,1,0,0,0,0,0,0,0,0,0,No Defect
3787,78.76,129.57,3.33,105.34,63.56,44.17,27.09,2.6,818.1,3.24,1293.5,462.0,Injection_Molding,Steel,Night,Experienced,Line_A,0,0,1,1,0,0,1,0,0,0,0,0,1,0,0,0,No Defect
3788,75.99,112.14,1.21,78.25,45.0,37.19,42.9,5.45,788.1,3.07,1100.1,497.0,Milling,Plastic,Morning,Experienced,Line_D,0,0,0,0,0,0,0,0,0,0,1,0,0,0,1,0,No Defect
3789,69.59,114.75,2.35,82.84,69.22,61.39,43.73,2.46,741.4,,800.6,377.0,Injection_Molding,Steel,Night,Experienced,Line_C,0,0,0,0,0,0,0,0,0,0,0,0,1,0,0,0,No Defect
3790,74.71,116.63,2.79,109.67,59.11,47.69,64.75,1.31,788.3,4.11,880.5,627.0,Injection_Molding,Alloy,Morning,Intermediate,Line_C,0,0,0,0,0,1,1,1,0,0,1,0,0,0,1,0,No Defect
3791,76.64,108.62,3.32,113.8,63.66,56.44,67.16,12.78,653.3,3.21,1813.6,355.0,Press,Alloy,Morning,Experienced,Line_C,1,0,0,0,0,1,1,0,0,0,0,0,0,0,0,0,No Defect
3792,73.31,119.64,2.79,130.0,85.0,50.28,60.85,5.3,737.3,4.41,1468.8,514.0,CNC,Steel,Evening,Experienced,Line_C,0,0,0,0,0,0,1,1,1,0,1,0,0,0,0,0,No Defect
3793,71.64,111.77,,93.49,63.49,50.68,62.21,3.25,770.5,3.7,773.9,474.0,Injection_Molding,Steel,Night,Experienced,Line_C,0,0,0,0,0,1,0,1,0,0,0,0,1,0,0,1,Dimensional Defect
3794,73.0,111.65,2.08,100.07,58.19,47.94,48.21,4.62,824.2,3.65,492.7,428.0,CNC,Aluminum,Morning,Expert,Line_A,0,1,0,0,0,0,0,0,0,0,0,0,0,0,0,0,No Defect
3795,71.01,118.83,2.9,88.58,59.52,46.32,36.16,6.1,765.0,3.34,1468.9,352.0,Lathe,Aluminum,Evening,Intermediate,Line_B,0,0,0,0,0,0,0,0,0,0,0,0,0,0,0,0,No Defect
3796,68.51,115.19,4.28,108.82,60.95,56.07,60.53,11.46,761.0,3.47,2167.1,380.0,CNC,Composite,Morning,Intermediate,Line_D,1,0,0,0,1,0,1,0,0,1,0,0,0,0,0,1,Material Defect
3797,69.89,115.49,2.57,76.28,65.26,44.85,44.94,3.07,823.6,3.53,1186.1,374.0,Milling,Alloy,Morning,Experienced,Line_A,0,1,0,0,0,0,0,0,0,0,0,0,0,0,0,0,No Defect
3798,78.45,132.83,4.02,115.6,62.73,52.76,45.4,4.87,781.1,2.75,1001.6,389.0,CNC,Composite,Morning,New,Line_D,0,0,1,1,1,0,1,0,0,0,0,0,0,1,0,0,No Defect
3799,68.0,132.69,2.69,111.53,69.43,44.84,66.07,3.36,682.0,4.16,,337.0,Milling,Composite,Night,Expert,Line_A,0,0,0,1,0,1,1,1,0,0,0,0,1,0,0,0,No Defect
3800,74.77,131.56,2.58,118.32,82.9,40.63,57.94,1.82,632.7,3.85,2613.5,651.0,Injection_Molding,Steel,Morning,New,Line_D,0,0,0,1,0,0,1,1,1,1,1,0,0,1,0,0,No Defect
3801,71.63,112.66,1.87,81.84,54.29,48.41,61.57,4.87,666.1,3.18,550.2,354.0,Milling,Aluminum,Morning,New,Line_C,0,0,0,0,0,0,0,0,0,0,0,0,0,1,0,0,No Defect
3802,75.48,119.55,4.92,113.61,77.58,54.73,58.89,13.48,722.2,3.17,2253.2,342.0,CNC,Steel,Evening,Experienced,Line_C,1,0,0,0,1,0,1,0,1,1,0,0,0,0,0,1,Material Defect
3803,76.92,124.75,2.92,116.6,63.49,56.65,42.43,5.14,894.3,2.58,1046.3,365.0,Injection_Molding,Alloy,Morning,Expert,Line_C,0,1,1,1,0,0,1,0,0,0,0,0,0,0,0,1,Surface Defect
3804,71.57,108.89,4.7,86.38,51.98,63.73,56.18,7.03,703.6,3.38,1900.8,465.0,CNC,Steel,Night,Experienced,Line_D,0,0,0,0,1,0,0,0,0,0,0,1,1,0,0,0,No Defect
3805,82.86,127.0,3.7,117.57,70.3,42.34,47.87,2.6,758.3,2.94,1243.4,461.0,Injection_Molding,Steel,Night,Experienced,Line_C,0,0,1,1,1,0,1,0,1,0,0,0,1,0,0,0,No Defect
3806,80.16,129.25,3.22,130.0,70.65,47.95,60.16,6.86,700.8,3.83,2042.5,442.0,CNC,Composite,Morning,Experienced,Line_D,0,0,1,1,0,0,1,1,1,1,0,0,0,0,0,0,No Defect
3807,76.15,114.46,3.87,87.01,60.07,,51.62,10.02,794.9,2.77,2437.6,344.0,Lathe,Aluminum,Night,Expert,Line_C,1,0,0,0,1,0,0,0,0,1,0,0,1,0,0,1,Assembly Defect
3808,72.22,116.85,3.6,126.1,59.33,57.87,35.5,3.37,899.7,2.83,,514.0,Lathe,Aluminum,Night,Expert,Line_C,0,1,0,0,0,0,1,0,0,0,1,0,1,0,1,0,No Defect
3809,76.46,122.02,2.1,89.71,50.11,56.76,45.3,3.04,687.2,2.81,1064.7,527.0,CNC,Aluminum,Evening,Experienced,Line_C,0,0,0,0,0,0,0,0,0,0,1,0,0,0,0,0,No Defect
3810,74.71,123.09,2.58,81.68,59.02,50.24,38.05,3.49,739.7,2.84,880.3,338.0,CNC,Aluminum,Morning,Experienced,Line_A,0,0,0,0,0,0,0,0,0,0,0,0,0,0,0,0,No Defect
3811,73.29,118.71,2.53,78.4,50.9,45.32,48.96,3.4,757.4,3.53,956.2,224.0,Injection_Molding,Plastic,Morning,Experienced,Line_D,0,0,0,0,0,0,0,1,0,0,0,0,0,0,0,0,No Defect
3812,75.14,114.69,2.13,115.82,72.43,52.53,30.26,3.83,893.9,3.02,1109.5,543.0,Milling,Steel,Evening,Experienced,Line_C,0,1,0,0,0,0,1,0,1,0,1,0,0,0,1,0,No Defect
3813,76.01,134.88,3.21,110.78,62.45,44.29,34.57,4.6,821.5,2.41,1402.5,298.0,Injection_Molding,Steel,Morning,Experienced,Line_B,0,1,0,1,0,0,1,0,0,0,0,0,0,0,0,0,No Defect
3814,79.55,118.83,3.68,100.32,55.54,41.77,42.92,3.6,888.1,3.01,1116.4,477.0,Injection_Molding,Alloy,Evening,New,Line_C,0,1,1,0,0,0,0,0,0,0,0,0,0,1,1,0,No Defect
3815,68.64,122.03,2.78,114.28,74.85,53.89,63.07,4.16,645.9,5.05,1695.6,392.0,Milling,Steel,Evening,Intermediate,Line_B,0,0,0,0,0,1,1,1,1,0,0,0,0,0,0,0,No Defect
3816,70.04,119.58,2.35,84.05,68.24,47.42,50.87,3.21,725.7,3.27,1080.3,429.0,CNC,Aluminum,Morning,Experienced,Line_C,0,0,0,0,0,0,0,0,0,0,0,0,0,0,0,0,No Defect
3817,75.36,111.48,3.1,93.85,51.23,49.19,51.64,7.31,663.8,2.94,2325.1,469.0,CNC,Aluminum,Evening,Experienced,Line_A,0,0,0,0,0,0,0,0,0,1,0,0,0,0,0,0,No Defect
3818,73.33,129.13,4.05,104.05,58.28,55.7,63.17,9.78,681.8,3.5,1907.6,373.0,CNC,Aluminum,Evening,Experienced,Line_D,1,0,0,1,1,1,0,0,0,0,0,0,0,0,0,1,Surface Defect
3819,78.18,121.66,3.84,92.19,45.0,45.25,45.36,4.3,791.5,3.43,1765.2,528.0,Injection_Molding,Plastic,Night,New,Line_B,0,0,1,0,1,0,0,0,0,0,1,0,1,1,1,0,No Defect
3820,75.0,125.08,3.75,119.95,70.52,51.2,51.82,6.24,715.7,4.55,1811.3,414.0,CNC,Plastic,Morning,Intermediate,Line_C,0,0,0,1,1,0,1,1,1,0,0,0,0,0,0,0,No Defect
3821,77.69,122.52,2.41,120.44,78.0,49.25,80.71,5.78,661.1,4.91,1520.8,547.0,CNC,Steel,Morning,Expert,Line_B,0,0,1,1,0,1,1,1,1,0,1,0,0,0,0,0,No Defect
3822,78.27,130.16,2.71,127.25,68.61,43.83,52.64,4.48,852.4,3.14,912.1,423.0,Press,Aluminum,Morning,New,Line_B,0,1,1,1,0,0,1,0,0,0,0,0,0,1,0,0,No Defect
3823,72.38,128.16,,111.2,76.68,61.94,58.42,5.19,722.8,4.45,1993.7,527.0,Press,Alloy,Evening,New,Line_B,0,0,0,1,0,1,1,1,1,1,1,0,0,1,0,1,Assembly Defect
3824,69.59,123.91,2.46,105.63,72.81,38.53,47.34,4.66,789.3,3.32,638.6,386.0,CNC,Steel,Morning,Expert,Line_D,0,0,0,0,0,0,1,0,1,0,0,0,0,0,0,0,No Defect
3825,72.41,118.3,5.37,90.85,54.23,56.59,62.6,9.23,659.5,3.22,2302.8,380.0,Lathe,Composite,Morning,Intermediate,Line_A,1,0,0,0,1,1,0,0,0,1,0,0,0,0,0,0,No Defect
3826,72.89,109.7,4.41,101.27,72.97,59.52,59.3,10.49,660.5,3.29,2356.5,429.0,Milling,Steel,Evening,Experienced,Line_C,1,0,0,0,1,1,0,0,1,1,0,0,0,0,0,1,Material Defect
3827,70.65,109.14,1.49,82.12,60.95,51.65,55.94,4.72,781.9,2.81,341.4,415.0,CNC,Aluminum,Morning,Expert,Line_A,0,0,0,0,0,0,0,0,0,0,0,0,0,0,0,0,No Defect
3828,74.07,122.79,3.6,130.0,78.73,55.52,71.75,3.52,681.7,4.75,1871.5,493.0,Lathe,Steel,Morning,Experienced,Line_D,0,0,0,1,0,1,1,1,1,0,1,0,0,0,0,0,No Defect
3829,68.65,124.64,3.73,129.43,73.02,55.17,73.93,4.56,686.3,4.51,1678.0,360.0,Milling,Steel,Morning,Expert,Line_A,0,0,0,0,1,1,1,1,1,0,0,0,0,0,0,1,Material Defect
3830,73.87,110.26,2.03,83.5,54.11,46.45,44.21,5.13,749.4,3.34,847.9,265.0,CNC,Composite,Evening,Expert,Line_C,0,0,0,0,0,0,0,0,0,0,0,0,0,0,0,0,No Defect
3831,75.41,111.08,2.48,66.1,57.42,48.91,49.15,3.1,759.9,,314.6,366.0,Milling,Plastic,Evening,Expert,Line_C,0,0,0,0,0,0,0,0,0,0,0,0,0,0,0,0,No Defect
3832,73.72,127.08,2.18,125.04,75.18,51.16,48.01,5.16,726.0,4.78,2039.0,434.0,Press,Composite,Evening,Expert,Line_A,0,0,0,1,0,0,1,1,1,1,0,0,0,0,0,0,No Defect
3833,77.18,117.98,1.24,89.74,58.3,47.85,47.14,2.84,797.0,3.45,782.2,230.0,CNC,Composite,Evening,Intermediate,Line_C,0,0,1,0,0,0,0,0,0,0,0,0,0,0,0,0,No Defect
3834,73.18,131.71,3.26,126.7,74.92,56.75,46.59,,730.8,4.56,1087.1,558.0,Milling,Alloy,Morning,Experienced,Line_D,0,0,0,1,0,0,1,1,1,0,1,0,0,0,0,0,No Defect
3835,69.99,131.29,2.59,130.0,69.27,45.43,59.97,1.76,754.2,4.31,1852.4,457.0,CNC,Plastic,Morning,Expert,Line_D,0,0,0,1,0,0,1,1,0,0,0,0,0,0,0,0,No Defect
3836,75.62,122.07,2.5,97.46,70.0,48.19,47.35,5.4,822.4,3.22,974.0,528.0,CNC,Aluminum,Morning,New,Line_D,0,1,0,0,0,0,0,0,1,0,1,0,0,1,1,0,No Defect
3837,74.54,108.48,3.23,92.13,64.4,45.78,44.59,2.38,,3.47,180.5,351.0,CNC,Steel,Night,Intermediate,Line_A,0,0,0,0,0,0,0,0,0,0,0,0,1,0,0,0,No Defect
3838,71.17,117.13,3.41,82.07,48.76,62.29,61.35,10.51,648.7,3.11,2231.7,339.0,CNC,Plastic,Evening,Expert,Line_B,1,0,0,0,0,0,0,0,0,1,0,0,0,0,0,0,No Defect
3839,78.15,108.52,3.79,106.01,61.3,52.39,63.51,15.46,756.6,3.06,2108.8,,Press,Alloy,Morning,Intermediate,Line_A,1,0,1,0,1,1,1,0,0,1,0,0,0,0,0,1,Surface Defect
3840,80.11,120.44,5.45,99.12,62.95,59.34,57.59,13.51,687.8,3.02,2804.8,417.0,Press,Alloy,Evening,Experienced,Line_A,1,0,1,0,1,0,0,0,0,1,0,0,0,0,0,1,Structural Defect
3841,80.45,124.11,3.64,107.62,51.52,47.9,41.44,4.24,874.4,2.92,1503.5,496.0,Milling,Aluminum,Evening,New,Line_A,0,1,1,0,0,0,1,0,0,0,1,0,0,1,1,0,No Defect
3842,70.23,117.91,2.65,69.13,48.66,57.12,39.94,4.1,663.7,3.03,764.4,358.0,Lathe,Plastic,Evening,Expert,Line_B,0,0,0,0,0,0,0,0,0,0,0,0,0,0,0,0,No Defect
3843,77.0,117.13,2.06,84.7,59.19,45.9,61.18,4.54,680.9,3.52,618.6,303.0,Press,Steel,Morning,New,Line_A,0,0,0,0,0,0,0,1,0,0,0,0,0,1,0,0,No Defect
3844,74.44,109.85,1.85,66.08,49.99,52.8,53.27,5.25,740.9,,423.3,322.0,Milling,Composite,Morning,Expert,Line_B,0,0,0,0,0,0,0,0,0,0,0,0,0,0,0,0,No Defect
3845,73.01,117.17,1.55,73.37,56.96,46.29,53.33,5.75,685.8,2.87,813.8,411.0,Lathe,Aluminum,Night,Intermediate,Line_C,0,0,0,0,0,0,0,0,0,0,0,0,1,0,0,0,No Defect
3846,80.07,122.79,3.0,122.25,68.65,54.39,54.84,5.92,795.4,2.67,1489.5,557.0,CNC,Alloy,Evening,Experienced,Line_D,0,0,1,0,0,0,1,0,0,0,1,0,0,0,1,0,No Defect
3847,73.67,123.34,2.95,95.75,61.27,41.56,53.63,4.68,755.3,3.6,876.8,302.0,CNC,Steel,Evening,New,Line_C,0,0,0,1,0,0,0,0,0,0,0,0,0,1,0,0,No Defect
3848,76.41,118.73,2.05,91.89,51.89,48.28,49.32,2.0,707.0,2.92,1213.8,363.0,Injection_Molding,Plastic,Evening,Experienced,Line_B,0,0,0,0,0,0,0,0,0,0,0,0,0,0,0,0,No Defect
3849,69.45,120.82,3.74,76.42,64.45,62.81,63.11,2.1,870.7,2.8,485.6,620.0,Lathe,Plastic,Evening,Intermediate,Line_A,0,1,0,0,1,1,0,0,0,0,1,0,0,0,1,0,No Defect
3850,67.96,111.88,2.27,84.97,61.17,38.11,53.12,2.92,751.7,2.89,571.9,431.0,Milling,Steel,Morning,Experienced,Line_A,0,0,0,0,0,0,0,0,0,0,0,0,0,0,0,0,No Defect
3851,71.52,111.3,1.83,73.81,50.09,48.54,39.28,3.55,756.1,3.1,827.9,187.0,CNC,Aluminum,Morning,Experienced,Line_B,0,0,0,0,0,0,0,0,0,0,0,0,0,0,0,0,No Defect
3852,71.12,103.67,1.03,69.02,67.24,36.39,47.94,7.35,743.6,2.54,1064.8,298.0,Lathe,Alloy,Morning,Experienced,Line_C,0,0,0,0,0,0,0,0,0,0,0,0,0,0,0,0,No Defect
3853,75.83,124.29,4.41,99.5,67.55,64.79,61.47,11.17,666.3,3.2,1935.2,281.0,CNC,Aluminum,Evening,Expert,Line_D,1,0,0,0,1,0,0,0,1,0,0,1,0,0,0,1,Material Defect
3854,73.61,119.74,3.09,109.7,63.15,51.65,56.74,6.12,695.5,4.05,2077.8,369.0,CNC,Plastic,Morning,Experienced,Line_B,0,0,0,0,0,0,1,1,0,1,0,0,0,0,0,1,Structural Defect
3855,70.99,105.85,1.23,80.12,67.49,35.0,50.59,3.5,746.1,3.48,1048.1,319.0,CNC,Alloy,Evening,Intermediate,Line_D,0,0,0,0,0,0,0,0,1,0,0,0,0,0,0,0,No Defect
3856,72.15,122.8,2.5,113.66,80.13,35.36,69.43,5.37,653.4,4.05,1703.1,471.0,Injection_Molding,Aluminum,Morning,Experienced,Line_C,0,0,0,0,0,1,1,1,1,0,0,0,0,0,0,0,No Defect
3857,82.0,127.97,2.43,115.67,60.28,54.13,49.07,3.94,827.0,3.63,1224.5,427.0,CNC,Composite,Morning,Intermediate,Line_A,0,1,1,1,0,0,1,0,0,0,0,0,0,0,0,1,Surface Defect
3858,71.76,111.62,2.61,85.42,59.68,42.87,47.94,2.56,729.0,3.01,924.9,476.0,CNC,Aluminum,Evening,Intermediate,Line_B,0,0,0,0,0,0,0,0,0,0,0,0,0,0,0,0,No Defect
3859,71.66,106.35,5.44,95.38,54.7,69.81,53.92,10.82,774.1,2.73,2034.7,301.0,CNC,Aluminum,Evening,Experienced,Line_B,1,0,0,0,1,0,0,0,0,1,0,1,0,0,0,1,Structural Defect
3860,72.41,,2.93,77.68,67.92,47.61,54.87,5.11,710.1,2.87,235.9,407.0,Lathe,Steel,Morning,Experienced,Line_A,0,0,0,0,0,0,0,0,0,0,0,0,0,0,0,0,No Defect
3861,69.17,111.74,1.95,77.23,61.57,40.5,46.26,3.28,698.3,3.02,685.3,345.0,Injection_Molding,Aluminum,Evening,Expert,Line_A,0,0,0,0,0,0,0,0,0,0,0,0,0,0,0,0,No Defect
3862,79.26,133.95,2.38,106.21,68.07,47.09,49.77,6.28,768.7,4.48,1586.6,459.0,Press,Plastic,Evening,Expert,Line_D,0,0,1,1,0,0,1,1,0,0,0,0,0,0,1,0,No Defect
3863,79.25,130.66,3.31,130.0,71.44,59.85,35.96,4.52,827.3,2.85,1926.1,432.0,Press,Steel,Morning,Experienced,Line_A,0,1,1,1,0,0,1,0,1,0,0,0,0,0,0,1,Material Defect
3864,76.13,126.48,2.4,116.29,57.7,43.97,68.46,2.13,685.4,4.32,1879.9,384.0,Injection_Molding,Aluminum,Night,Intermediate,Line_A,0,0,0,1,0,1,1,1,0,1,0,0,1,0,0,0,No Defect
3865,83.06,126.43,3.8,116.49,62.46,49.96,40.81,7.09,735.4,2.82,993.8,354.0,Press,Steel,Evening,Experienced,Line_D,1,0,1,1,1,0,1,0,0,0,0,0,0,0,0,1,Assembly Defect
3866,76.84,132.92,3.95,128.84,85.0,42.91,55.34,7.91,734.8,4.78,1913.2,525.0,Lathe,Steel,Evening,New,Line_A,0,0,0,1,1,0,1,1,1,0,1,0,0,1,0,1,Assembly Defect
3867,76.31,121.34,1.54,78.5,56.42,44.97,48.34,4.45,661.8,3.42,509.4,346.0,CNC,Steel,Morning,Intermediate,Line_C,0,0,0,0,0,0,0,0,0,0,0,0,0,0,0,0,No Defect
3868,70.24,110.41,2.14,74.04,61.45,56.96,51.95,2.06,,2.94,1063.4,351.0,Milling,Alloy,Night,Experienced,Line_C,0,0,0,0,0,0,0,0,0,0,0,0,1,0,0,0,No Defect
3869,72.82,123.52,3.08,84.71,50.94,50.49,37.67,3.05,683.4,3.36,1014.8,363.0,Press,Plastic,Morning,Experienced,Line_C,0,0,0,0,0,0,0,0,0,0,0,0,0,0,0,0,No Defect
3870,74.35,122.06,2.66,79.86,62.94,41.9,35.81,7.32,803.9,3.3,595.3,436.0,Press,Alloy,Evening,Experienced,Line_D,0,0,0,0,0,0,0,0,0,0,0,0,0,0,0,0,No Defect
3871,74.9,125.35,5.04,119.26,59.7,57.56,43.3,3.63,806.7,1.62,1326.4,459.0,Milling,Steel,Night,New,Line_A,0,0,0,1,1,0,1,0,0,0,0,0,1,1,1,0,No Defect
3872,80.86,137.02,2.87,119.49,70.78,55.63,43.87,2.48,790.3,3.22,1216.2,573.0,CNC,Alloy,Night,Experienced,Line_A,0,0,1,1,0,0,1,0,1,0,1,0,1,0,1,1,Material Defect
3873,78.73,104.54,2.66,72.79,59.16,50.61,57.1,8.76,772.6,3.61,759.1,340.0,Injection_Molding,Alloy,Morning,Experienced,Line_D,0,0,1,0,0,0,0,0,0,0,0,0,0,0,0,1,Dimensional Defect
3874,73.26,106.06,5.04,,65.94,49.2,60.03,8.58,736.4,3.47,1640.3,431.0,Milling,Aluminum,Morning,Experienced,Line_D,0,0,0,0,1,0,0,0,0,0,0,0,0,0,0,0,No Defect
3875,73.09,121.71,3.81,90.63,66.73,54.9,58.34,10.77,704.1,3.23,2159.4,481.0,Lathe,Steel,Evening,New,Line_D,1,0,0,0,1,0,0,0,0,1,0,0,0,1,0,1,Surface Defect
3876,66.7,112.52,2.88,60.0,49.81,45.26,50.27,3.25,738.5,3.5,1163.0,294.0,Lathe,Plastic,Evening,Expert,Line_A,0,0,0,0,0,0,0,0,0,0,0,0,0,0,0,0,No Defect
3877,72.02,120.36,4.51,99.96,60.75,60.35,63.41,10.66,706.2,3.4,1821.9,316.0,Press,Aluminum,Night,Experienced,Line_B,1,0,0,0,1,1,0,0,0,0,0,0,1,0,0,0,No Defect
3878,74.62,115.07,3.61,111.58,66.58,65.04,49.1,10.51,735.5,3.35,2155.1,401.0,Press,Steel,Evening,Intermediate,Line_A,1,0,0,0,0,0,1,0,0,1,0,1,0,0,0,1,Dimensional Defect
3879,77.6,121.27,3.7,130.0,81.31,49.97,56.61,4.31,754.9,5.25,1952.1,456.0,CNC,Steel,Night,Expert,Line_D,0,0,1,0,1,0,1,1,1,0,0,0,1,0,0,0,No Defect
3880,67.53,114.63,1.55,76.29,67.21,47.72,44.7,2.31,765.2,3.3,876.7,353.0,CNC,Steel,Night,Experienced,Line_C,0,0,0,0,0,0,0,0,0,0,0,0,1,0,0,0,No Defect
3881,68.48,125.96,5.45,121.05,73.01,57.82,61.64,11.11,671.1,3.27,2024.2,323.0,Injection_Molding,Alloy,Morning,Expert,Line_D,1,0,0,1,1,0,1,0,1,1,0,0,0,0,0,1,Surface Defect
3882,76.81,123.7,3.78,124.04,76.72,55.96,45.81,,829.7,4.03,1431.4,441.0,Milling,Steel,Night,New,Line_D,0,1,0,0,1,0,1,1,1,0,0,0,1,1,0,1,Material Defect
3883,75.74,112.03,5.06,90.58,58.16,57.76,59.95,10.86,729.1,,2616.8,324.0,Lathe,Aluminum,Morning,Experienced,Line_B,1,0,0,0,1,1,0,0,0,1,0,0,0,0,0,1,Surface Defect
3884,71.05,140.0,2.42,109.98,83.1,41.86,68.95,4.08,720.9,3.58,1075.5,490.0,Lathe,Alloy,Morning,Intermediate,Line_D,0,0,0,1,0,1,1,0,1,0,0,0,0,0,0,0,No Defect
3885,75.43,126.86,2.71,110.2,66.64,,42.25,6.13,817.8,3.38,1033.8,452.0,Lathe,Steel,Morning,Experienced,Line_B,0,0,0,1,0,0,1,0,0,0,0,0,0,0,0,0,No Defect
3886,75.7,115.9,1.62,120.81,74.94,50.21,53.22,7.0,686.0,4.01,2136.4,484.0,CNC,Steel,Evening,Experienced,Line_B,0,0,0,0,0,0,1,1,1,1,0,0,0,0,0,0,No Defect
3887,75.36,113.04,2.24,85.93,58.07,,62.28,4.01,682.0,3.42,727.6,280.0,Press,Steel,Evening,Experienced,Line_C,0,0,0,0,0,1,0,0,0,0,0,0,0,0,0,0,No Defect
3888,78.51,122.58,2.96,130.0,76.29,49.86,61.26,5.62,648.1,3.02,1900.2,547.0,Injection_Molding,Aluminum,Morning,New,Line_C,0,0,1,0,0,0,1,0,1,0,1,0,0,1,0,1,Structural Defect
3889,76.57,119.17,2.23,109.96,69.81,57.78,42.57,4.58,892.4,2.91,1242.3,452.0,Injection_Molding,Steel,Morning,Intermediate,Line_D,0,1,0,0,0,0,1,0,0,0,0,0,0,0,1,0,No Defect
3890,79.16,111.37,4.23,111.07,58.82,58.59,38.14,3.99,861.4,3.02,1849.9,517.0,Lathe,Composite,Morning,New,Line_B,0,1,1,0,1,0,1,0,0,0,1,0,0,1,1,0,No Defect
3891,76.75,136.63,3.48,121.94,70.77,55.32,59.21,3.52,711.8,3.96,1568.9,473.0,Press,Plastic,Morning,Expert,Line_B,0,0,0,1,1,0,1,1,1,0,1,0,0,0,0,1,Dimensional Defect
3892,78.49,124.85,3.48,126.7,85.0,46.84,47.97,4.4,740.3,4.2,2324.0,360.0,CNC,Steel,Evening,Intermediate,Line_D,0,0,1,0,0,0,1,1,1,1,0,0,0,0,0,1,Assembly Defect
3893,71.76,128.59,1.94,,68.41,44.17,44.03,3.52,683.2,3.13,732.1,354.0,Press,Composite,Morning,Intermediate,Line_C,0,0,0,1,0,0,0,0,0,0,0,0,0,0,0,0,No Defect
3894,78.35,125.84,2.28,113.92,49.14,58.97,45.41,3.63,747.9,2.82,1117.6,467.0,CNC,Alloy,Morning,Experienced,Line_C,0,0,1,1,0,0,1,0,0,0,0,0,0,0,0,1,Material Defect
3895,71.96,116.82,4.54,78.29,52.63,51.95,44.86,13.27,706.7,2.88,2461.3,368.0,Lathe,Aluminum,Evening,Intermediate,Line_D,1,0,0,0,1,0,0,0,0,1,0,0,0,0,0,0,No Defect
3896,73.59,110.92,3.46,96.46,61.55,52.55,67.31,9.81,686.0,3.23,2358.1,429.0,Injection_Molding,Alloy,Night,Experienced,Line_A,1,0,0,0,0,1,0,0,0,1,0,0,1,0,0,0,No Defect
3897,78.78,133.78,3.71,119.93,75.55,47.23,61.3,6.65,763.6,4.48,1936.2,380.0,Milling,Alloy,Morning,New,Line_D,0,0,1,1,1,0,1,1,1,0,0,0,0,1,0,0,No Defect
3898,73.47,120.71,1.77,98.26,,55.58,51.8,0.5,754.4,3.55,931.5,349.0,Press,Composite,Night,Experienced,Line_B,0,0,0,0,0,0,0,1,0,0,0,0,1,0,0,0,No Defect
3899,73.38,106.87,2.41,81.09,61.58,65.15,52.47,6.31,749.9,2.74,1279.4,,Milling,Aluminum,Evening,Intermediate,Line_D,0,0,0,0,0,0,0,0,0,0,0,1,0,0,0,0,No Defect
3900,70.99,114.18,5.06,102.32,73.74,43.19,62.64,13.39,725.9,3.02,2028.1,506.0,Press,Alloy,Evening,Experienced,Line_C,1,0,0,0,1,1,0,0,1,1,1,0,0,0,0,0,No Defect
3901,74.78,127.77,2.75,130.0,78.84,59.23,54.61,5.6,765.9,4.16,1938.2,472.0,CNC,Alloy,Night,Intermediate,Line_B,0,0,0,1,0,0,1,1,1,0,0,0,1,0,0,1,Material Defect
3902,67.35,122.71,2.33,75.0,55.98,52.88,28.62,,797.8,3.0,1086.5,467.0,CNC,Alloy,Night,Expert,Line_A,0,1,0,0,0,0,0,0,0,0,0,0,1,0,0,0,No Defect
3903,,107.83,1.46,79.75,74.73,47.25,51.59,5.5,646.7,3.29,1319.5,288.0,Lathe,Steel,Morning,Expert,Line_D,0,0,0,0,0,0,0,0,1,0,0,0,0,0,0,0,No Defect
3904,78.13,103.17,3.59,117.98,56.69,52.59,42.04,4.58,777.1,3.66,1157.6,478.0,Injection_Molding,Composite,Evening,New,Line_A,0,0,1,0,0,0,1,0,0,0,1,0,0,1,0,0,No Defect
3905,72.89,,,115.06,66.63,42.57,25.74,0.5,837.7,2.57,1280.1,353.0,CNC,Steel,Morning,Experienced,Line_C,0,1,0,0,0,0,1,0,0,0,0,0,0,0,0,0,No Defect
3906,76.13,116.53,2.44,60.0,46.32,49.72,41.59,3.43,633.8,2.86,660.6,348.0,Lathe,Plastic,Evening,Expert,Line_B,0,0,0,0,0,0,0,0,0,0,0,0,0,0,0,0,No Defect
3907,73.15,113.43,3.34,80.56,49.5,52.26,53.56,4.82,718.8,3.13,510.0,316.0,CNC,Alloy,Night,Expert,Line_C,0,0,0,0,0,0,0,0,0,0,0,0,1,0,0,0,No Defect
3908,72.01,108.74,2.94,75.79,66.88,54.15,44.24,4.6,729.3,3.72,1041.3,464.0,Lathe,Aluminum,Evening,Intermediate,Line_A,0,0,0,0,0,0,0,1,0,0,0,0,0,0,0,0,No Defect
3909,78.03,124.51,3.26,122.68,69.86,43.91,60.51,,725.9,4.43,1658.0,407.0,CNC,Plastic,Night,Intermediate,Line_A,0,0,1,1,0,0,1,1,0,0,0,0,1,0,0,0,No Defect
3910,71.1,107.66,4.16,99.26,70.27,59.12,73.55,10.25,,4.0,1757.5,280.0,CNC,Steel,Evening,Intermediate,Line_D,1,0,0,0,1,1,0,1,1,0,0,0,0,0,0,1,Surface Defect
3911,78.83,116.55,3.35,109.93,68.27,45.88,57.95,3.39,723.3,4.79,1991.4,448.0,Lathe,Composite,Evening,Expert,Line_C,0,0,1,0,0,0,1,1,0,0,0,0,0,0,0,0,No Defect
3912,71.87,125.1,2.37,85.42,58.66,35.74,49.85,3.03,714.3,3.53,940.9,459.0,Lathe,Composite,Night,Experienced,Line_B,0,0,0,1,0,0,0,0,0,0,0,0,1,0,0,0,No Defect
3913,65.67,112.08,2.07,87.14,70.82,47.97,44.31,4.07,699.0,3.04,1132.1,472.0,Lathe,Alloy,Morning,Expert,Line_A,0,0,0,0,0,0,0,0,1,0,0,0,0,0,0,0,No Defect
3914,73.3,114.38,1.01,78.36,67.11,41.49,50.73,6.3,750.9,3.09,539.9,366.0,CNC,Alloy,Evening,Intermediate,Line_D,0,0,0,0,0,0,0,0,0,0,0,0,0,0,0,0,No Defect
3915,73.6,110.22,5.74,87.94,67.07,67.29,69.51,10.44,787.4,3.08,1739.2,411.0,Lathe,Steel,Night,Experienced,Line_C,1,0,0,0,1,1,0,0,0,0,0,1,1,0,0,0,No Defect
3916,69.45,116.71,4.05,87.72,69.14,55.61,62.11,10.12,698.6,3.33,2055.4,325.0,Injection_Molding,Steel,Morning,Intermediate,Line_A,1,0,0,0,1,1,0,0,1,1,0,0,0,0,0,1,Material Defect
3917,70.87,132.48,2.87,118.47,74.89,41.7,64.89,6.11,698.4,4.92,1732.4,473.0,CNC,Alloy,Morning,Experienced,Line_A,0,0,0,1,0,1,1,1,1,0,0,0,0,0,0,0,No Defect
3918,73.99,114.14,2.06,80.55,61.3,54.15,35.42,3.23,845.3,2.56,1189.7,345.0,Lathe,Alloy,Morning,Expert,Line_D,0,1,0,0,0,0,0,0,0,0,0,0,0,0,0,0,No Defect
3919,78.41,99.48,3.45,110.24,58.72,56.47,49.21,2.26,868.4,2.94,1308.5,390.0,CNC,Aluminum,Morning,Intermediate,Line_C,0,1,1,0,0,0,1,0,0,0,0,0,0,0,0,0,No Defect
3920,71.6,108.79,3.42,84.12,60.68,56.87,79.17,13.45,638.9,3.05,1747.0,347.0,Injection_Molding,Composite,Morning,Intermediate,Line_A,1,0,0,0,0,1,0,0,0,0,0,0,0,0,0,0,No Defect
3921,82.61,,2.7,110.4,60.82,40.22,33.61,5.33,821.5,2.92,1153.4,459.0,CNC,Aluminum,Morning,Intermediate,Line_C,0,1,1,0,0,0,1,0,0,0,0,0,0,0,0,0,No Defect
3922,75.89,107.17,2.31,91.15,45.0,56.35,58.59,6.1,687.4,3.31,1195.7,410.0,Injection_Molding,Plastic,Morning,Experienced,Line_B,0,0,0,0,0,0,0,0,0,0,0,0,0,0,0,0,No Defect
3923,72.11,115.96,3.07,87.24,78.03,69.48,62.68,11.32,673.4,2.97,1951.7,355.0,Lathe,Steel,Morning,Experienced,Line_A,1,0,0,0,0,1,0,0,1,0,0,1,0,0,0,0,No Defect
3924,75.56,134.01,1.88,74.78,57.34,39.55,48.26,7.53,724.8,2.68,837.7,472.0,Milling,Composite,Morning,Intermediate,Line_D,0,0,0,1,0,0,0,0,0,0,0,0,0,0,0,0,No Defect
3925,74.76,114.89,2.27,75.74,61.98,56.68,53.81,3.65,668.3,3.16,,323.0,Press,Alloy,Night,Expert,Line_D,0,0,0,0,0,0,0,0,0,0,0,0,1,0,0,1,Surface Defect
3926,66.37,124.21,1.84,75.54,60.31,47.26,59.03,4.93,751.3,2.79,703.6,292.0,Press,Alloy,Evening,Expert,Line_A,0,0,0,0,0,0,0,0,0,0,0,0,0,0,0,0,No Defect
3927,73.37,119.78,2.18,69.99,62.31,46.82,52.2,4.65,708.8,2.6,776.6,362.0,CNC,Alloy,Morning,Expert,Line_A,0,0,0,0,0,0,0,0,0,0,0,0,0,0,0,0,No Defect
3928,71.54,122.21,2.11,81.2,70.42,48.12,51.38,2.38,731.0,3.29,1155.0,392.0,CNC,Alloy,Morning,Intermediate,Line_C,0,0,0,0,0,0,0,0,1,0,0,0,0,0,0,0,No Defect
3929,71.71,128.84,2.57,106.0,67.37,54.64,56.62,3.6,805.8,3.04,650.3,412.0,Injection_Molding,Composite,Morning,Experienced,Line_B,0,0,0,1,0,0,1,0,0,0,0,0,0,0,0,0,No Defect
3930,73.52,128.09,3.26,107.19,85.0,58.32,61.08,6.99,704.6,4.36,1367.8,499.0,Injection_Molding,Steel,Night,Expert,Line_D,0,0,0,1,0,0,1,1,1,0,0,0,1,0,0,0,No Defect
3931,81.1,119.98,2.91,119.27,72.13,56.52,39.19,1.86,815.9,2.65,1124.3,428.0,CNC,Alloy,Morning,New,Line_C,0,0,1,0,0,0,1,0,1,0,0,0,0,1,0,0,No Defect
3932,72.7,110.7,5.0,71.32,64.85,50.26,56.93,13.28,756.2,2.48,2092.6,441.0,Press,Alloy,Morning,Intermediate,Line_A,1,0,0,0,1,0,0,0,0,1,0,0,0,0,0,1,Surface Defect
3933,72.54,126.65,3.52,103.36,70.94,53.31,50.26,1.18,789.0,3.03,886.3,508.0,Milling,Aluminum,Evening,Expert,Line_A,0,0,0,1,0,0,0,0,1,0,1,0,0,0,1,0,No Defect
3934,77.41,127.33,4.2,100.11,64.99,50.15,41.94,3.58,801.7,2.62,1316.5,399.0,Press,Steel,Morning,Experienced,Line_C,0,0,1,1,1,0,0,0,0,0,0,0,0,0,0,1,Dimensional Defect
3935,75.05,135.05,2.31,103.17,79.07,52.15,67.25,4.82,716.4,5.52,1553.3,411.0,Lathe,Alloy,Morning,Expert,Line_A,0,0,0,1,0,1,0,1,1,0,0,0,0,0,0,1,Dimensional Defect
3936,75.34,111.13,4.27,83.76,64.78,70.0,61.84,11.44,733.5,3.82,2375.7,429.0,Milling,Composite,Night,Expert,Line_C,1,0,0,0,1,0,0,1,0,1,0,1,1,0,0,1,Surface Defect
3937,70.31,102.38,2.98,97.18,53.34,47.96,44.98,2.12,788.2,2.54,873.0,452.0,Lathe,Aluminum,Morning,Expert,Line_C,0,0,0,0,0,0,0,0,0,0,0,0,0,0,0,0,No Defect
3938,72.19,129.64,1.94,99.46,60.46,44.0,55.1,5.67,687.9,2.6,1237.3,399.0,Press,Aluminum,Evening,Experienced,Line_A,0,0,0,1,0,0,0,0,0,0,0,0,0,0,0,0,No Defect
3939,76.19,118.84,2.35,76.86,55.2,56.99,41.18,7.45,751.3,3.73,1260.8,306.0,Press,Alloy,Morning,Experienced,Line_D,0,0,0,0,0,0,0,1,0,0,0,0,0,0,0,0,No Defect
3940,73.88,117.57,2.45,113.5,64.56,47.94,40.54,3.33,850.3,2.97,737.9,514.0,Press,Alloy,Evening,New,Line_A,0,1,0,0,0,0,1,0,0,0,1,0,0,1,1,1,Structural Defect
3941,67.69,116.95,5.56,90.84,70.75,47.57,68.64,11.23,661.1,3.34,1955.4,339.0,Milling,Composite,Morning,New,Line_A,1,0,0,0,1,1,0,0,1,1,0,0,0,1,0,0,No Defect
3942,78.59,122.92,1.65,82.5,59.42,56.51,51.25,6.09,701.2,3.0,656.6,406.0,Injection_Molding,Aluminum,Morning,New,Line_C,0,0,1,0,0,0,0,0,0,0,0,0,0,1,0,0,No Defect
3943,78.16,,2.74,101.19,50.28,53.3,37.93,2.94,788.7,2.61,1404.9,452.0,CNC,Steel,Evening,Intermediate,Line_A,0,0,1,0,0,0,0,0,0,0,0,0,0,0,0,0,No Defect
3944,81.8,119.35,2.01,107.02,59.74,50.62,50.76,7.33,756.3,2.34,868.9,636.0,Press,Alloy,Night,Experienced,Line_B,1,0,1,0,0,0,1,0,0,0,1,0,1,0,0,0,No Defect
3945,72.26,115.07,4.26,100.85,53.55,56.48,67.0,10.87,627.1,3.49,2581.3,341.0,Press,Steel,Morning,Intermediate,Line_B,1,0,0,0,1,1,0,0,0,1,0,0,0,0,0,0,No Defect
3946,77.4,129.3,2.64,115.2,80.84,50.51,63.2,5.56,677.8,4.98,1950.2,454.0,Press,Alloy,Morning,Intermediate,Line_A,0,0,1,1,0,1,1,1,1,0,0,0,0,0,0,1,Structural Defect
3947,75.12,111.87,4.77,89.57,62.84,50.93,65.73,10.7,640.3,2.41,1928.7,364.0,Milling,Alloy,Evening,Experienced,Line_D,1,0,0,0,1,1,0,0,0,1,0,0,0,0,0,0,No Defect
3948,77.41,129.3,2.64,115.03,65.36,62.71,67.72,6.75,690.1,4.92,1934.3,521.0,Milling,Alloy,Night,Experienced,Line_B,0,0,1,1,0,1,1,1,0,0,1,0,1,0,0,1,Structural Defect
3949,,120.99,2.66,90.83,63.6,43.36,45.4,2.26,777.0,3.75,1035.4,503.0,Injection_Molding,Steel,Morning,Intermediate,Line_A,0,0,0,0,0,0,0,1,0,0,1,0,0,0,0,0,No Defect
3950,75.37,134.28,2.88,113.3,80.58,40.84,65.75,5.05,708.0,5.31,2384.4,499.0,CNC,Steel,Morning,Experienced,Line_C,0,0,0,1,0,1,1,1,1,1,0,0,0,0,0,0,No Defect
3951,76.67,128.62,2.29,124.77,82.83,47.43,71.0,2.74,,3.94,1641.8,367.0,Milling,Alloy,Morning,Experienced,Line_B,0,0,0,1,0,1,1,1,1,0,0,0,0,0,0,1,Material Defect
3952,69.55,137.35,3.78,118.12,,48.67,60.32,6.57,736.4,3.57,1685.6,457.0,Lathe,Aluminum,Morning,Experienced,Line_C,0,0,0,1,1,0,1,0,0,0,0,0,0,0,0,0,No Defect
3953,77.11,131.83,2.52,113.85,73.79,35.0,63.62,5.8,667.3,4.38,1908.4,,CNC,Alloy,Morning,Experienced,Line_A,0,0,1,1,0,1,1,1,1,0,0,0,0,0,0,1,Structural Defect
3954,76.53,120.05,2.47,67.27,60.57,38.46,63.67,2.84,696.7,2.57,737.7,309.0,Press,Alloy,Evening,New,Line_B,0,0,0,0,0,1,0,0,0,0,0,0,0,1,0,1,Dimensional Defect
3955,75.91,106.74,4.19,104.76,66.59,53.97,35.07,1.36,872.6,3.24,1753.2,511.0,Milling,Steel,Evening,Experienced,Line_C,0,1,0,0,1,0,0,0,0,0,1,0,0,0,1,1,Material Defect
3956,74.23,111.55,2.07,87.79,65.23,47.11,40.38,3.38,709.2,2.79,1324.1,320.0,CNC,Alloy,Night,Experienced,Line_A,0,0,0,0,0,0,0,0,0,0,0,0,1,0,0,0,No Defect
3957,77.2,125.64,3.64,110.91,76.28,43.54,61.96,6.65,625.3,4.93,1968.0,408.0,Injection_Molding,Aluminum,Morning,Experienced,Line_A,0,0,1,1,0,0,1,1,1,0,0,0,0,0,0,1,Structural Defect
3958,68.91,115.9,2.71,92.03,59.7,52.46,37.43,4.16,771.8,3.08,716.8,664.0,Milling,Steel,Morning,Intermediate,Line_C,0,0,0,0,0,0,0,0,0,0,1,0,0,0,0,0,No Defect
3959,77.48,129.36,3.32,121.91,80.2,45.17,53.79,4.69,741.4,5.35,1929.7,412.0,Injection_Molding,Steel,Night,Expert,Line_D,0,0,1,1,0,0,1,1,1,0,0,0,1,0,0,1,Material Defect
3960,70.18,113.68,4.05,122.32,69.14,55.18,68.4,8.82,692.2,3.32,2304.8,354.0,CNC,Steel,Night,New,Line_C,0,0,0,0,1,1,1,0,0,1,0,0,1,1,0,0,No Defect
3961,73.67,134.98,3.12,126.13,77.62,48.51,66.24,7.31,669.4,5.19,1877.8,493.0,CNC,Steel,Morning,Experienced,Line_C,0,0,0,1,0,1,1,1,1,1,0,0,0,0,0,1,Material Defect
3962,73.2,105.51,2.0,60.0,53.92,35.0,49.78,3.07,747.9,2.8,915.9,388.0,Milling,Plastic,Evening,Experienced,Line_B,0,0,0,0,0,0,0,0,0,0,0,0,0,0,0,0,No Defect
3963,,103.35,4.27,92.13,72.71,35.83,65.32,10.13,616.7,3.03,2024.7,375.0,Milling,Alloy,Morning,Experienced,Line_C,1,0,0,0,1,1,0,0,1,1,0,0,0,0,0,0,No Defect
3964,78.81,110.86,2.49,93.8,65.94,51.73,50.81,5.58,660.3,2.8,1487.3,491.0,Milling,Steel,Evening,Intermediate,Line_A,0,0,1,0,0,0,0,0,0,0,0,0,0,0,0,0,No Defect
3965,78.68,108.88,2.11,91.98,52.39,48.78,44.85,4.23,747.4,3.35,1218.0,500.0,Lathe,Steel,Morning,Expert,Line_D,0,0,1,0,0,0,0,0,0,0,1,0,0,0,0,0,No Defect
3966,75.21,125.68,3.19,124.79,58.7,57.91,44.72,9.32,867.5,3.5,1386.3,526.0,Lathe,Steel,Evening,Experienced,Line_A,1,1,0,1,0,0,1,0,0,0,1,0,0,0,1,0,No Defect
3967,75.66,,2.06,95.29,59.09,48.07,57.32,2.72,842.5,3.06,,,CNC,Steel,Night,Expert,Line_B,0,1,1,0,0,0,0,0,0,0,0,0,1,0,0,0,No Defect
3968,75.49,127.09,2.81,81.01,55.93,59.51,38.75,2.15,773.2,3.3,622.9,330.0,Lathe,Alloy,Night,Experienced,Line_B,0,0,0,1,0,0,0,0,0,0,0,0,1,0,0,1,Structural Defect
3969,75.68,132.13,2.4,130.0,81.34,51.92,55.07,7.94,736.2,4.88,2017.8,415.0,Press,Steel,Morning,Experienced,Line_B,0,0,0,1,0,0,1,1,1,1,0,0,0,0,0,0,No Defect
3970,70.56,122.46,2.9,87.31,66.7,41.9,46.59,6.17,718.2,3.44,399.8,387.0,Lathe,Aluminum,Night,Experienced,Line_A,0,0,0,0,0,0,0,0,0,0,0,0,1,0,0,0,No Defect
3971,74.19,99.18,3.71,78.95,57.93,56.79,76.18,9.99,645.6,3.47,2510.1,446.0,Press,Steel,Evening,Expert,Line_A,1,0,0,0,1,1,0,1,0,1,0,0,0,0,0,1,Surface Defect
3972,74.44,107.72,2.4,90.54,57.05,45.3,46.86,3.01,728.2,3.18,949.9,362.0,CNC,Alloy,Night,Experienced,Line_B,0,0,0,0,0,0,0,0,0,0,0,0,1,0,0,1,Surface Defect
3973,74.84,120.93,2.67,94.11,64.47,59.4,38.17,5.59,815.9,3.26,,481.0,CNC,Steel,Evening,Expert,Line_A,0,0,0,0,0,0,0,0,0,0,0,0,0,0,1,0,No Defect
3974,73.08,126.98,2.95,75.15,52.32,57.09,42.64,2.74,748.7,3.42,550.9,400.0,Lathe,Alloy,Night,New,Line_C,0,0,0,1,0,0,0,0,0,0,0,0,1,1,0,0,No Defect
3975,76.98,128.99,2.96,114.3,65.81,45.87,65.04,6.46,636.6,4.2,1536.4,547.0,Milling,Steel,Morning,Experienced,Line_B,0,0,0,1,0,1,1,1,0,0,1,0,0,0,0,0,No Defect
3976,70.8,120.18,,92.04,64.63,45.81,42.16,2.93,739.9,3.37,757.6,490.0,Milling,Steel,Evening,New,Line_B,0,0,0,0,0,0,0,0,0,0,0,0,0,1,0,0,No Defect
3977,74.14,125.56,2.22,86.62,55.05,44.1,43.63,4.93,819.9,2.91,1252.0,356.0,Milling,Composite,Evening,Experienced,Line_B,0,0,0,1,0,0,0,0,0,0,0,0,0,0,0,0,No Defect
3978,73.89,98.18,4.07,92.78,63.27,51.87,,12.48,699.2,3.38,1905.2,318.0,Milling,Composite,Night,Experienced,Line_D,1,0,0,0,1,0,0,0,0,0,0,0,1,0,0,0,No Defect
3979,76.77,108.36,2.45,130.0,62.18,53.94,44.98,2.67,844.3,2.56,1361.4,433.0,CNC,Aluminum,Evening,Experienced,Line_C,0,1,0,0,0,0,1,0,0,0,0,0,0,0,0,0,No Defect
3980,78.82,134.14,3.4,116.21,70.52,,45.65,1.79,,3.94,712.3,531.0,Press,Steel,Night,New,Line_D,0,0,1,1,1,0,1,1,1,0,1,0,1,1,0,1,Surface Defect
3981,73.02,119.64,2.29,86.98,66.19,55.88,42.89,3.19,709.0,3.03,898.4,314.0,Milling,Alloy,Night,Expert,Line_C,0,0,0,0,0,0,0,0,0,0,0,0,1,0,0,0,No Defect
3982,73.92,115.89,2.29,71.02,45.0,43.53,48.77,2.8,744.9,2.77,590.3,335.0,Injection_Molding,Plastic,Morning,Intermediate,Line_B,0,0,0,0,0,0,0,0,0,0,0,0,0,0,0,1,Structural Defect
3983,84.0,114.14,3.52,77.66,55.47,48.45,47.6,3.91,716.5,2.82,1184.6,423.0,Milling,Plastic,Morning,Expert,Line_A,0,0,1,0,0,0,0,0,0,0,0,0,0,0,0,0,No Defect
3984,75.47,116.85,4.32,110.1,69.05,57.52,62.43,8.56,671.8,2.7,2153.3,431.0,Injection_Molding,Steel,Morning,Expert,Line_B,0,0,0,0,1,1,1,0,0,1,0,0,0,0,0,0,No Defect
3985,70.28,,2.57,91.32,57.46,46.53,49.98,1.64,725.3,3.44,1143.8,399.0,Press,Steel,Evening,Expert,Line_A,0,0,0,0,0,0,0,0,0,0,0,0,0,0,0,0,No Defect
3986,84.67,123.96,2.2,116.67,67.48,57.31,55.55,6.88,691.3,4.36,1784.1,482.0,Press,Aluminum,Evening,Intermediate,Line_D,0,0,1,0,0,0,1,1,0,0,0,0,0,0,0,0,No Defect
3987,71.05,122.22,4.14,97.55,53.21,51.75,53.21,12.11,684.1,2.99,2565.6,340.0,Press,Composite,Evening,Intermediate,Line_A,1,0,0,0,1,0,0,0,0,1,0,0,0,0,0,1,Surface Defect
3988,69.56,92.29,4.6,85.06,71.35,55.54,58.73,12.64,740.6,3.31,1914.1,379.0,CNC,Aluminum,Morning,Intermediate,Line_D,1,0,0,0,1,0,0,0,1,0,0,0,0,0,0,1,Structural Defect
3989,72.58,128.82,3.29,99.47,70.98,54.97,71.47,5.47,543.7,4.99,1802.7,421.0,CNC,Steel,Morning,Experienced,Line_D,0,0,0,1,0,1,0,1,1,0,0,0,0,0,0,1,Structural Defect
3990,75.68,133.69,2.15,118.86,67.47,52.28,54.52,7.06,655.2,3.96,1690.4,466.0,CNC,Composite,Morning,Intermediate,Line_A,0,0,1,1,0,0,1,1,1,0,0,0,0,0,0,1,Structural Defect
3991,71.86,114.56,2.34,82.46,65.52,47.7,39.3,3.08,710.7,3.14,958.5,265.0,Lathe,Alloy,Evening,Expert,Line_C,0,0,0,0,0,0,0,0,0,0,0,0,0,0,0,0,No Defect
3992,81.96,116.18,3.3,109.74,72.04,57.46,38.67,5.13,803.5,2.99,2186.3,414.0,CNC,Aluminum,Morning,Experienced,Line_D,0,0,1,0,0,0,1,0,1,1,0,0,0,0,0,0,No Defect
3993,74.5,111.26,1.61,85.0,56.76,59.26,44.83,3.72,716.8,3.34,526.3,402.0,Injection_Molding,Composite,Night,Expert,Line_C,0,0,0,0,0,0,0,0,0,0,0,0,1,0,0,0,No Defect
3994,83.62,115.44,2.62,109.98,58.36,58.46,37.35,2.93,800.8,2.89,1654.6,452.0,CNC,Alloy,Morning,Intermediate,Line_A,0,1,1,0,0,0,1,0,0,0,0,0,0,0,0,0,No Defect
3995,82.15,110.97,2.54,104.17,45.0,43.44,36.7,5.11,860.5,2.27,1753.0,499.0,Injection_Molding,Aluminum,Morning,Intermediate,Line_C,0,1,1,0,0,0,1,0,0,0,0,0,0,0,1,0,No Defect
3996,67.87,105.42,4.04,89.2,62.78,48.87,50.12,2.54,798.1,3.07,777.3,382.0,Milling,Alloy,Morning,Expert,Line_D,0,0,0,0,1,0,0,0,0,0,0,0,0,0,0,0,No Defect
3997,70.48,127.68,2.44,114.23,63.92,41.28,58.1,7.32,665.3,4.43,1897.7,545.0,Lathe,Plastic,Morning,Intermediate,Line_D,0,0,0,1,0,0,1,1,0,0,1,0,0,0,0,0,No Defect
3998,70.75,106.28,2.74,98.27,64.12,49.7,60.28,4.01,687.2,2.78,348.4,354.0,Milling,Steel,Morning,Expert,Line_D,0,0,0,0,0,0,0,0,0,0,0,0,0,0,0,0,No Defect
3999,77.87,112.18,3.58,106.94,74.62,57.99,42.59,3.06,782.3,3.71,1141.0,485.0,CNC,Alloy,Night,Expert,Line_A,0,0,1,0,0,0,1,1,1,0,0,0,1,0,1,0,No Defect
4000,85.67,112.94,3.26,121.73,71.93,38.4,39.9,3.81,837.9,3.21,1089.8,444.0,Press,Alloy,Morning,New,Line_C,0,1,1,0,0,0,1,0,1,0,0,0,0,1,0,0,No Defect
